[0.082s] DEBUG:colcon:Command line arguments: ['/usr/bin/colcon', 'build']
[0.082s] DEBUG:colcon:Parsed command line arguments: Namespace(log_base=None, log_level=None, verb_name='build', build_base='build', install_base='install', merge_install=False, symlink_install=False, test_result_base=None, continue_on_error=False, executor='parallel', parallel_workers=12, event_handlers=None, ignore_user_meta=False, metas=['./colcon.meta'], base_paths=['.'], packages_ignore=None, packages_ignore_regex=None, paths=None, packages_up_to=None, packages_up_to_regex=None, packages_above=None, packages_above_and_dependencies=None, packages_above_depth=None, packages_select_by_dep=None, packages_skip_by_dep=None, packages_skip_up_to=None, packages_select_build_failed=False, packages_skip_build_finished=False, packages_select_test_failures=False, packages_skip_test_passed=False, packages_select=None, packages_skip=None, packages_select_regex=None, packages_skip_regex=None, packages_start=None, packages_end=None, allow_overriding=[], cmake_args=None, cmake_target=None, cmake_target_skip_unavailable=False, cmake_clean_cache=False, cmake_clean_first=False, cmake_force_configure=False, ament_cmake_args=None, catkin_cmake_args=None, catkin_skip_building_tests=False, mixin_files=None, mixin=None, verb_parser=<colcon_mixin.mixin.mixin_argument.MixinArgumentDecorator object at 0x78d91d3d9a30>, verb_extension=<colcon_core.verb.build.BuildVerb object at 0x78d91d34fa10>, main=<bound method BuildVerb.main of <colcon_core.verb.build.BuildVerb object at 0x78d91d34fa10>>, mixin_verb=('build',))
[0.107s] Level 1:colcon.colcon_core.package_discovery:discover_packages(colcon_meta) check parameters
[0.108s] Level 1:colcon.colcon_core.package_discovery:discover_packages(recursive) check parameters
[0.108s] Level 1:colcon.colcon_core.package_discovery:discover_packages(ignore) check parameters
[0.108s] Level 1:colcon.colcon_core.package_discovery:discover_packages(path) check parameters
[0.108s] Level 1:colcon.colcon_core.package_discovery:discover_packages(colcon_meta) discover
[0.108s] Level 1:colcon.colcon_core.package_discovery:discover_packages(recursive) discover
[0.108s] INFO:colcon.colcon_core.package_discovery:Crawling recursively for packages in '/home/bartosz-babi-ski/Hexapod_git4/Hexapod/simulation/ros2_ws_hex'
[0.108s] Level 1:colcon.colcon_core.package_identification:_identify(.) by extensions ['ignore', 'ignore_ament_install']
[0.108s] Level 1:colcon.colcon_core.package_identification:_identify(.) by extension 'ignore'
[0.108s] Level 1:colcon.colcon_core.package_identification:_identify(.) by extension 'ignore_ament_install'
[0.108s] Level 1:colcon.colcon_core.package_identification:_identify(.) by extensions ['colcon_pkg']
[0.108s] Level 1:colcon.colcon_core.package_identification:_identify(.) by extension 'colcon_pkg'
[0.108s] Level 1:colcon.colcon_core.package_identification:_identify(.) by extensions ['colcon_meta']
[0.108s] Level 1:colcon.colcon_core.package_identification:_identify(.) by extension 'colcon_meta'
[0.108s] Level 1:colcon.colcon_core.package_identification:_identify(.) by extensions ['ros']
[0.108s] Level 1:colcon.colcon_core.package_identification:_identify(.) by extension 'ros'
[0.125s] Level 1:colcon.colcon_core.package_identification:_identify(.) by extensions ['cmake', 'python']
[0.125s] Level 1:colcon.colcon_core.package_identification:_identify(.) by extension 'cmake'
[0.125s] Level 1:colcon.colcon_core.package_identification:_identify(.) by extension 'python'
[0.125s] Level 1:colcon.colcon_core.package_identification:_identify(.) by extensions ['python_setup_py']
[0.125s] Level 1:colcon.colcon_core.package_identification:_identify(.) by extension 'python_setup_py'
[0.125s] Level 1:colcon.colcon_core.package_identification:_identify(build) by extensions ['ignore', 'ignore_ament_install']
[0.125s] Level 1:colcon.colcon_core.package_identification:_identify(build) by extension 'ignore'
[0.125s] Level 1:colcon.colcon_core.package_identification:_identify(build) ignored
[0.125s] Level 1:colcon.colcon_core.package_identification:_identify(install) by extensions ['ignore', 'ignore_ament_install']
[0.126s] Level 1:colcon.colcon_core.package_identification:_identify(install) by extension 'ignore'
[0.126s] Level 1:colcon.colcon_core.package_identification:_identify(install) ignored
[0.126s] Level 1:colcon.colcon_core.package_identification:_identify(log) by extensions ['ignore', 'ignore_ament_install']
[0.126s] Level 1:colcon.colcon_core.package_identification:_identify(log) by extension 'ignore'
[0.126s] Level 1:colcon.colcon_core.package_identification:_identify(log) ignored
[0.126s] Level 1:colcon.colcon_core.package_identification:_identify(src) by extensions ['ignore', 'ignore_ament_install']
[0.126s] Level 1:colcon.colcon_core.package_identification:_identify(src) by extension 'ignore'
[0.126s] Level 1:colcon.colcon_core.package_identification:_identify(src) by extension 'ignore_ament_install'
[0.126s] Level 1:colcon.colcon_core.package_identification:_identify(src) by extensions ['colcon_pkg']
[0.126s] Level 1:colcon.colcon_core.package_identification:_identify(src) by extension 'colcon_pkg'
[0.126s] Level 1:colcon.colcon_core.package_identification:_identify(src) by extensions ['colcon_meta']
[0.126s] Level 1:colcon.colcon_core.package_identification:_identify(src) by extension 'colcon_meta'
[0.126s] Level 1:colcon.colcon_core.package_identification:_identify(src) by extensions ['ros']
[0.126s] Level 1:colcon.colcon_core.package_identification:_identify(src) by extension 'ros'
[0.126s] Level 1:colcon.colcon_core.package_identification:_identify(src) by extensions ['cmake', 'python']
[0.126s] Level 1:colcon.colcon_core.package_identification:_identify(src) by extension 'cmake'
[0.126s] Level 1:colcon.colcon_core.package_identification:_identify(src) by extension 'python'
[0.126s] Level 1:colcon.colcon_core.package_identification:_identify(src) by extensions ['python_setup_py']
[0.126s] Level 1:colcon.colcon_core.package_identification:_identify(src) by extension 'python_setup_py'
[0.126s] Level 1:colcon.colcon_core.package_identification:_identify(src/hex_gz) by extensions ['ignore', 'ignore_ament_install']
[0.126s] Level 1:colcon.colcon_core.package_identification:_identify(src/hex_gz) by extension 'ignore'
[0.126s] Level 1:colcon.colcon_core.package_identification:_identify(src/hex_gz) by extension 'ignore_ament_install'
[0.126s] Level 1:colcon.colcon_core.package_identification:_identify(src/hex_gz) by extensions ['colcon_pkg']
[0.126s] Level 1:colcon.colcon_core.package_identification:_identify(src/hex_gz) by extension 'colcon_pkg'
[0.126s] Level 1:colcon.colcon_core.package_identification:_identify(src/hex_gz) by extensions ['colcon_meta']
[0.126s] Level 1:colcon.colcon_core.package_identification:_identify(src/hex_gz) by extension 'colcon_meta'
[0.126s] Level 1:colcon.colcon_core.package_identification:_identify(src/hex_gz) by extensions ['ros']
[0.126s] Level 1:colcon.colcon_core.package_identification:_identify(src/hex_gz) by extension 'ros'
[0.128s] DEBUG:colcon.colcon_core.package_identification:Package 'src/hex_gz' with type 'ros.ament_cmake' and name 'hex_gz'
[0.128s] Level 1:colcon.colcon_core.package_identification:_identify(src/hexapod) by extensions ['ignore', 'ignore_ament_install']
[0.128s] Level 1:colcon.colcon_core.package_identification:_identify(src/hexapod) by extension 'ignore'
[0.128s] Level 1:colcon.colcon_core.package_identification:_identify(src/hexapod) by extension 'ignore_ament_install'
[0.128s] Level 1:colcon.colcon_core.package_identification:_identify(src/hexapod) by extensions ['colcon_pkg']
[0.128s] Level 1:colcon.colcon_core.package_identification:_identify(src/hexapod) by extension 'colcon_pkg'
[0.128s] Level 1:colcon.colcon_core.package_identification:_identify(src/hexapod) by extensions ['colcon_meta']
[0.128s] Level 1:colcon.colcon_core.package_identification:_identify(src/hexapod) by extension 'colcon_meta'
[0.128s] Level 1:colcon.colcon_core.package_identification:_identify(src/hexapod) by extensions ['ros']
[0.128s] Level 1:colcon.colcon_core.package_identification:_identify(src/hexapod) by extension 'ros'
[0.129s] DEBUG:colcon.colcon_core.package_identification:Package 'src/hexapod' with type 'ros.ament_cmake' and name 'hexapod'
[0.129s] Level 1:colcon.colcon_core.package_identification:_identify(src/hexapod_description) by extensions ['ignore', 'ignore_ament_install']
[0.129s] Level 1:colcon.colcon_core.package_identification:_identify(src/hexapod_description) by extension 'ignore'
[0.129s] Level 1:colcon.colcon_core.package_identification:_identify(src/hexapod_description) by extension 'ignore_ament_install'
[0.129s] Level 1:colcon.colcon_core.package_identification:_identify(src/hexapod_description) by extensions ['colcon_pkg']
[0.129s] Level 1:colcon.colcon_core.package_identification:_identify(src/hexapod_description) by extension 'colcon_pkg'
[0.129s] Level 1:colcon.colcon_core.package_identification:_identify(src/hexapod_description) by extensions ['colcon_meta']
[0.129s] Level 1:colcon.colcon_core.package_identification:_identify(src/hexapod_description) by extension 'colcon_meta'
[0.129s] Level 1:colcon.colcon_core.package_identification:_identify(src/hexapod_description) by extensions ['ros']
[0.129s] Level 1:colcon.colcon_core.package_identification:_identify(src/hexapod_description) by extension 'ros'
[0.130s] DEBUG:colcon.colcon_core.package_identification:Package 'src/hexapod_description' with type 'ros.ament_cmake' and name 'hexapod_description'
[0.130s] Level 1:colcon.colcon_core.package_identification:_identify(src/ros2_controller) by extensions ['ignore', 'ignore_ament_install']
[0.130s] Level 1:colcon.colcon_core.package_identification:_identify(src/ros2_controller) by extension 'ignore'
[0.130s] Level 1:colcon.colcon_core.package_identification:_identify(src/ros2_controller) by extension 'ignore_ament_install'
[0.130s] Level 1:colcon.colcon_core.package_identification:_identify(src/ros2_controller) by extensions ['colcon_pkg']
[0.130s] Level 1:colcon.colcon_core.package_identification:_identify(src/ros2_controller) by extension 'colcon_pkg'
[0.130s] Level 1:colcon.colcon_core.package_identification:_identify(src/ros2_controller) by extensions ['colcon_meta']
[0.130s] Level 1:colcon.colcon_core.package_identification:_identify(src/ros2_controller) by extension 'colcon_meta'
[0.130s] Level 1:colcon.colcon_core.package_identification:_identify(src/ros2_controller) by extensions ['ros']
[0.130s] Level 1:colcon.colcon_core.package_identification:_identify(src/ros2_controller) by extension 'ros'
[0.130s] Level 1:colcon.colcon_core.package_identification:_identify(src/ros2_controller) by extensions ['cmake', 'python']
[0.130s] Level 1:colcon.colcon_core.package_identification:_identify(src/ros2_controller) by extension 'cmake'
[0.130s] Level 1:colcon.colcon_core.package_identification:_identify(src/ros2_controller) by extension 'python'
[0.130s] Level 1:colcon.colcon_core.package_identification:_identify(src/ros2_controller) by extensions ['python_setup_py']
[0.130s] Level 1:colcon.colcon_core.package_identification:_identify(src/ros2_controller) by extension 'python_setup_py'
[0.130s] Level 1:colcon.colcon_core.package_identification:_identify(src/ros2_controller/om_gravity_compensation_controller) by extensions ['ignore', 'ignore_ament_install']
[0.130s] Level 1:colcon.colcon_core.package_identification:_identify(src/ros2_controller/om_gravity_compensation_controller) by extension 'ignore'
[0.130s] Level 1:colcon.colcon_core.package_identification:_identify(src/ros2_controller/om_gravity_compensation_controller) by extension 'ignore_ament_install'
[0.130s] Level 1:colcon.colcon_core.package_identification:_identify(src/ros2_controller/om_gravity_compensation_controller) by extensions ['colcon_pkg']
[0.130s] Level 1:colcon.colcon_core.package_identification:_identify(src/ros2_controller/om_gravity_compensation_controller) by extension 'colcon_pkg'
[0.130s] Level 1:colcon.colcon_core.package_identification:_identify(src/ros2_controller/om_gravity_compensation_controller) by extensions ['colcon_meta']
[0.130s] Level 1:colcon.colcon_core.package_identification:_identify(src/ros2_controller/om_gravity_compensation_controller) by extension 'colcon_meta'
[0.130s] Level 1:colcon.colcon_core.package_identification:_identify(src/ros2_controller/om_gravity_compensation_controller) by extensions ['ros']
[0.130s] Level 1:colcon.colcon_core.package_identification:_identify(src/ros2_controller/om_gravity_compensation_controller) by extension 'ros'
[0.131s] DEBUG:colcon.colcon_core.package_identification:Package 'src/ros2_controller/om_gravity_compensation_controller' with type 'ros.ament_cmake' and name 'om_gravity_compensation_controller'
[0.131s] Level 1:colcon.colcon_core.package_identification:_identify(src/ros2_controller/om_joint_trajectory_command_broadcaster) by extensions ['ignore', 'ignore_ament_install']
[0.131s] Level 1:colcon.colcon_core.package_identification:_identify(src/ros2_controller/om_joint_trajectory_command_broadcaster) by extension 'ignore'
[0.131s] Level 1:colcon.colcon_core.package_identification:_identify(src/ros2_controller/om_joint_trajectory_command_broadcaster) by extension 'ignore_ament_install'
[0.131s] Level 1:colcon.colcon_core.package_identification:_identify(src/ros2_controller/om_joint_trajectory_command_broadcaster) by extensions ['colcon_pkg']
[0.131s] Level 1:colcon.colcon_core.package_identification:_identify(src/ros2_controller/om_joint_trajectory_command_broadcaster) by extension 'colcon_pkg'
[0.131s] Level 1:colcon.colcon_core.package_identification:_identify(src/ros2_controller/om_joint_trajectory_command_broadcaster) by extensions ['colcon_meta']
[0.131s] Level 1:colcon.colcon_core.package_identification:_identify(src/ros2_controller/om_joint_trajectory_command_broadcaster) by extension 'colcon_meta'
[0.131s] Level 1:colcon.colcon_core.package_identification:_identify(src/ros2_controller/om_joint_trajectory_command_broadcaster) by extensions ['ros']
[0.131s] Level 1:colcon.colcon_core.package_identification:_identify(src/ros2_controller/om_joint_trajectory_command_broadcaster) by extension 'ros'
[0.132s] DEBUG:colcon.colcon_core.package_identification:Package 'src/ros2_controller/om_joint_trajectory_command_broadcaster' with type 'ros.ament_cmake' and name 'om_joint_trajectory_command_broadcaster'
[0.132s] Level 1:colcon.colcon_core.package_identification:_identify(src/ros2_controller/om_spring_actuator_controller) by extensions ['ignore', 'ignore_ament_install']
[0.132s] Level 1:colcon.colcon_core.package_identification:_identify(src/ros2_controller/om_spring_actuator_controller) by extension 'ignore'
[0.132s] Level 1:colcon.colcon_core.package_identification:_identify(src/ros2_controller/om_spring_actuator_controller) by extension 'ignore_ament_install'
[0.132s] Level 1:colcon.colcon_core.package_identification:_identify(src/ros2_controller/om_spring_actuator_controller) by extensions ['colcon_pkg']
[0.132s] Level 1:colcon.colcon_core.package_identification:_identify(src/ros2_controller/om_spring_actuator_controller) by extension 'colcon_pkg'
[0.132s] Level 1:colcon.colcon_core.package_identification:_identify(src/ros2_controller/om_spring_actuator_controller) by extensions ['colcon_meta']
[0.132s] Level 1:colcon.colcon_core.package_identification:_identify(src/ros2_controller/om_spring_actuator_controller) by extension 'colcon_meta'
[0.132s] Level 1:colcon.colcon_core.package_identification:_identify(src/ros2_controller/om_spring_actuator_controller) by extensions ['ros']
[0.132s] Level 1:colcon.colcon_core.package_identification:_identify(src/ros2_controller/om_spring_actuator_controller) by extension 'ros'
[0.133s] DEBUG:colcon.colcon_core.package_identification:Package 'src/ros2_controller/om_spring_actuator_controller' with type 'ros.ament_cmake' and name 'om_spring_actuator_controller'
[0.133s] Level 1:colcon.colcon_core.package_discovery:discover_packages(recursive) using defaults
[0.133s] Level 1:colcon.colcon_core.package_discovery:discover_packages(ignore) discover
[0.133s] Level 1:colcon.colcon_core.package_discovery:discover_packages(ignore) using defaults
[0.133s] Level 1:colcon.colcon_core.package_discovery:discover_packages(path) discover
[0.133s] Level 1:colcon.colcon_core.package_discovery:discover_packages(path) using defaults
[0.146s] Level 1:colcon.colcon_core.package_discovery:discover_packages(prefix_path) check parameters
[0.147s] Level 1:colcon.colcon_core.package_discovery:discover_packages(prefix_path) discover
[0.148s] DEBUG:colcon.colcon_installed_package_information.package_discovery:Found 6 installed packages in /home/bartosz-babi-ski/Hexapod_git4/Hexapod/simulation/ros2_ws_hex/install
[0.149s] DEBUG:colcon.colcon_installed_package_information.package_discovery:Found 440 installed packages in /opt/ros/jazzy
[0.150s] Level 1:colcon.colcon_core.package_discovery:discover_packages(prefix_path) using defaults
[0.190s] Level 5:colcon.colcon_core.verb:set package 'hexapod_description' build argument 'cmake_args' from command line to 'None'
[0.190s] Level 5:colcon.colcon_core.verb:set package 'hexapod_description' build argument 'cmake_target' from command line to 'None'
[0.191s] Level 5:colcon.colcon_core.verb:set package 'hexapod_description' build argument 'cmake_target_skip_unavailable' from command line to 'False'
[0.191s] Level 5:colcon.colcon_core.verb:set package 'hexapod_description' build argument 'cmake_clean_cache' from command line to 'False'
[0.191s] Level 5:colcon.colcon_core.verb:set package 'hexapod_description' build argument 'cmake_clean_first' from command line to 'False'
[0.191s] Level 5:colcon.colcon_core.verb:set package 'hexapod_description' build argument 'cmake_force_configure' from command line to 'False'
[0.191s] Level 5:colcon.colcon_core.verb:set package 'hexapod_description' build argument 'ament_cmake_args' from command line to 'None'
[0.191s] Level 5:colcon.colcon_core.verb:set package 'hexapod_description' build argument 'catkin_cmake_args' from command line to 'None'
[0.191s] Level 5:colcon.colcon_core.verb:set package 'hexapod_description' build argument 'catkin_skip_building_tests' from command line to 'False'
[0.191s] DEBUG:colcon.colcon_core.verb:Building package 'hexapod_description' with the following arguments: {'ament_cmake_args': None, 'build_base': '/home/bartosz-babi-ski/Hexapod_git4/Hexapod/simulation/ros2_ws_hex/build/hexapod_description', 'catkin_cmake_args': None, 'catkin_skip_building_tests': False, 'cmake_args': None, 'cmake_clean_cache': False, 'cmake_clean_first': False, 'cmake_force_configure': False, 'cmake_target': None, 'cmake_target_skip_unavailable': False, 'install_base': '/home/bartosz-babi-ski/Hexapod_git4/Hexapod/simulation/ros2_ws_hex/install/hexapod_description', 'merge_install': False, 'path': '/home/bartosz-babi-ski/Hexapod_git4/Hexapod/simulation/ros2_ws_hex/src/hexapod_description', 'symlink_install': False, 'test_result_base': None}
[0.191s] Level 5:colcon.colcon_core.verb:set package 'om_gravity_compensation_controller' build argument 'cmake_args' from command line to 'None'
[0.191s] Level 5:colcon.colcon_core.verb:set package 'om_gravity_compensation_controller' build argument 'cmake_target' from command line to 'None'
[0.191s] Level 5:colcon.colcon_core.verb:set package 'om_gravity_compensation_controller' build argument 'cmake_target_skip_unavailable' from command line to 'False'
[0.191s] Level 5:colcon.colcon_core.verb:set package 'om_gravity_compensation_controller' build argument 'cmake_clean_cache' from command line to 'False'
[0.191s] Level 5:colcon.colcon_core.verb:set package 'om_gravity_compensation_controller' build argument 'cmake_clean_first' from command line to 'False'
[0.191s] Level 5:colcon.colcon_core.verb:set package 'om_gravity_compensation_controller' build argument 'cmake_force_configure' from command line to 'False'
[0.191s] Level 5:colcon.colcon_core.verb:set package 'om_gravity_compensation_controller' build argument 'ament_cmake_args' from command line to 'None'
[0.191s] Level 5:colcon.colcon_core.verb:set package 'om_gravity_compensation_controller' build argument 'catkin_cmake_args' from command line to 'None'
[0.191s] Level 5:colcon.colcon_core.verb:set package 'om_gravity_compensation_controller' build argument 'catkin_skip_building_tests' from command line to 'False'
[0.191s] DEBUG:colcon.colcon_core.verb:Building package 'om_gravity_compensation_controller' with the following arguments: {'ament_cmake_args': None, 'build_base': '/home/bartosz-babi-ski/Hexapod_git4/Hexapod/simulation/ros2_ws_hex/build/om_gravity_compensation_controller', 'catkin_cmake_args': None, 'catkin_skip_building_tests': False, 'cmake_args': None, 'cmake_clean_cache': False, 'cmake_clean_first': False, 'cmake_force_configure': False, 'cmake_target': None, 'cmake_target_skip_unavailable': False, 'install_base': '/home/bartosz-babi-ski/Hexapod_git4/Hexapod/simulation/ros2_ws_hex/install/om_gravity_compensation_controller', 'merge_install': False, 'path': '/home/bartosz-babi-ski/Hexapod_git4/Hexapod/simulation/ros2_ws_hex/src/ros2_controller/om_gravity_compensation_controller', 'symlink_install': False, 'test_result_base': None}
[0.192s] Level 5:colcon.colcon_core.verb:set package 'om_joint_trajectory_command_broadcaster' build argument 'cmake_args' from command line to 'None'
[0.192s] Level 5:colcon.colcon_core.verb:set package 'om_joint_trajectory_command_broadcaster' build argument 'cmake_target' from command line to 'None'
[0.192s] Level 5:colcon.colcon_core.verb:set package 'om_joint_trajectory_command_broadcaster' build argument 'cmake_target_skip_unavailable' from command line to 'False'
[0.192s] Level 5:colcon.colcon_core.verb:set package 'om_joint_trajectory_command_broadcaster' build argument 'cmake_clean_cache' from command line to 'False'
[0.192s] Level 5:colcon.colcon_core.verb:set package 'om_joint_trajectory_command_broadcaster' build argument 'cmake_clean_first' from command line to 'False'
[0.192s] Level 5:colcon.colcon_core.verb:set package 'om_joint_trajectory_command_broadcaster' build argument 'cmake_force_configure' from command line to 'False'
[0.192s] Level 5:colcon.colcon_core.verb:set package 'om_joint_trajectory_command_broadcaster' build argument 'ament_cmake_args' from command line to 'None'
[0.192s] Level 5:colcon.colcon_core.verb:set package 'om_joint_trajectory_command_broadcaster' build argument 'catkin_cmake_args' from command line to 'None'
[0.192s] Level 5:colcon.colcon_core.verb:set package 'om_joint_trajectory_command_broadcaster' build argument 'catkin_skip_building_tests' from command line to 'False'
[0.192s] DEBUG:colcon.colcon_core.verb:Building package 'om_joint_trajectory_command_broadcaster' with the following arguments: {'ament_cmake_args': None, 'build_base': '/home/bartosz-babi-ski/Hexapod_git4/Hexapod/simulation/ros2_ws_hex/build/om_joint_trajectory_command_broadcaster', 'catkin_cmake_args': None, 'catkin_skip_building_tests': False, 'cmake_args': None, 'cmake_clean_cache': False, 'cmake_clean_first': False, 'cmake_force_configure': False, 'cmake_target': None, 'cmake_target_skip_unavailable': False, 'install_base': '/home/bartosz-babi-ski/Hexapod_git4/Hexapod/simulation/ros2_ws_hex/install/om_joint_trajectory_command_broadcaster', 'merge_install': False, 'path': '/home/bartosz-babi-ski/Hexapod_git4/Hexapod/simulation/ros2_ws_hex/src/ros2_controller/om_joint_trajectory_command_broadcaster', 'symlink_install': False, 'test_result_base': None}
[0.192s] Level 5:colcon.colcon_core.verb:set package 'om_spring_actuator_controller' build argument 'cmake_args' from command line to 'None'
[0.192s] Level 5:colcon.colcon_core.verb:set package 'om_spring_actuator_controller' build argument 'cmake_target' from command line to 'None'
[0.193s] Level 5:colcon.colcon_core.verb:set package 'om_spring_actuator_controller' build argument 'cmake_target_skip_unavailable' from command line to 'False'
[0.193s] Level 5:colcon.colcon_core.verb:set package 'om_spring_actuator_controller' build argument 'cmake_clean_cache' from command line to 'False'
[0.193s] Level 5:colcon.colcon_core.verb:set package 'om_spring_actuator_controller' build argument 'cmake_clean_first' from command line to 'False'
[0.193s] Level 5:colcon.colcon_core.verb:set package 'om_spring_actuator_controller' build argument 'cmake_force_configure' from command line to 'False'
[0.193s] Level 5:colcon.colcon_core.verb:set package 'om_spring_actuator_controller' build argument 'ament_cmake_args' from command line to 'None'
[0.193s] Level 5:colcon.colcon_core.verb:set package 'om_spring_actuator_controller' build argument 'catkin_cmake_args' from command line to 'None'
[0.193s] Level 5:colcon.colcon_core.verb:set package 'om_spring_actuator_controller' build argument 'catkin_skip_building_tests' from command line to 'False'
[0.193s] DEBUG:colcon.colcon_core.verb:Building package 'om_spring_actuator_controller' with the following arguments: {'ament_cmake_args': None, 'build_base': '/home/bartosz-babi-ski/Hexapod_git4/Hexapod/simulation/ros2_ws_hex/build/om_spring_actuator_controller', 'catkin_cmake_args': None, 'catkin_skip_building_tests': False, 'cmake_args': None, 'cmake_clean_cache': False, 'cmake_clean_first': False, 'cmake_force_configure': False, 'cmake_target': None, 'cmake_target_skip_unavailable': False, 'install_base': '/home/bartosz-babi-ski/Hexapod_git4/Hexapod/simulation/ros2_ws_hex/install/om_spring_actuator_controller', 'merge_install': False, 'path': '/home/bartosz-babi-ski/Hexapod_git4/Hexapod/simulation/ros2_ws_hex/src/ros2_controller/om_spring_actuator_controller', 'symlink_install': False, 'test_result_base': None}
[0.193s] Level 5:colcon.colcon_core.verb:set package 'hex_gz' build argument 'cmake_args' from command line to 'None'
[0.193s] Level 5:colcon.colcon_core.verb:set package 'hex_gz' build argument 'cmake_target' from command line to 'None'
[0.193s] Level 5:colcon.colcon_core.verb:set package 'hex_gz' build argument 'cmake_target_skip_unavailable' from command line to 'False'
[0.193s] Level 5:colcon.colcon_core.verb:set package 'hex_gz' build argument 'cmake_clean_cache' from command line to 'False'
[0.193s] Level 5:colcon.colcon_core.verb:set package 'hex_gz' build argument 'cmake_clean_first' from command line to 'False'
[0.193s] Level 5:colcon.colcon_core.verb:set package 'hex_gz' build argument 'cmake_force_configure' from command line to 'False'
[0.193s] Level 5:colcon.colcon_core.verb:set package 'hex_gz' build argument 'ament_cmake_args' from command line to 'None'
[0.193s] Level 5:colcon.colcon_core.verb:set package 'hex_gz' build argument 'catkin_cmake_args' from command line to 'None'
[0.193s] Level 5:colcon.colcon_core.verb:set package 'hex_gz' build argument 'catkin_skip_building_tests' from command line to 'False'
[0.193s] DEBUG:colcon.colcon_core.verb:Building package 'hex_gz' with the following arguments: {'ament_cmake_args': None, 'build_base': '/home/bartosz-babi-ski/Hexapod_git4/Hexapod/simulation/ros2_ws_hex/build/hex_gz', 'catkin_cmake_args': None, 'catkin_skip_building_tests': False, 'cmake_args': None, 'cmake_clean_cache': False, 'cmake_clean_first': False, 'cmake_force_configure': False, 'cmake_target': None, 'cmake_target_skip_unavailable': False, 'install_base': '/home/bartosz-babi-ski/Hexapod_git4/Hexapod/simulation/ros2_ws_hex/install/hex_gz', 'merge_install': False, 'path': '/home/bartosz-babi-ski/Hexapod_git4/Hexapod/simulation/ros2_ws_hex/src/hex_gz', 'symlink_install': False, 'test_result_base': None}
[0.194s] Level 5:colcon.colcon_core.verb:set package 'hexapod' build argument 'cmake_args' from command line to 'None'
[0.194s] Level 5:colcon.colcon_core.verb:set package 'hexapod' build argument 'cmake_target' from command line to 'None'
[0.194s] Level 5:colcon.colcon_core.verb:set package 'hexapod' build argument 'cmake_target_skip_unavailable' from command line to 'False'
[0.194s] Level 5:colcon.colcon_core.verb:set package 'hexapod' build argument 'cmake_clean_cache' from command line to 'False'
[0.194s] Level 5:colcon.colcon_core.verb:set package 'hexapod' build argument 'cmake_clean_first' from command line to 'False'
[0.194s] Level 5:colcon.colcon_core.verb:set package 'hexapod' build argument 'cmake_force_configure' from command line to 'False'
[0.194s] Level 5:colcon.colcon_core.verb:set package 'hexapod' build argument 'ament_cmake_args' from command line to 'None'
[0.194s] Level 5:colcon.colcon_core.verb:set package 'hexapod' build argument 'catkin_cmake_args' from command line to 'None'
[0.194s] Level 5:colcon.colcon_core.verb:set package 'hexapod' build argument 'catkin_skip_building_tests' from command line to 'False'
[0.194s] DEBUG:colcon.colcon_core.verb:Building package 'hexapod' with the following arguments: {'ament_cmake_args': None, 'build_base': '/home/bartosz-babi-ski/Hexapod_git4/Hexapod/simulation/ros2_ws_hex/build/hexapod', 'catkin_cmake_args': None, 'catkin_skip_building_tests': False, 'cmake_args': None, 'cmake_clean_cache': False, 'cmake_clean_first': False, 'cmake_force_configure': False, 'cmake_target': None, 'cmake_target_skip_unavailable': False, 'install_base': '/home/bartosz-babi-ski/Hexapod_git4/Hexapod/simulation/ros2_ws_hex/install/hexapod', 'merge_install': False, 'path': '/home/bartosz-babi-ski/Hexapod_git4/Hexapod/simulation/ros2_ws_hex/src/hexapod', 'symlink_install': False, 'test_result_base': None}
[0.194s] INFO:colcon.colcon_core.executor:Executing jobs using 'parallel' executor
[0.195s] DEBUG:colcon.colcon_parallel_executor.executor.parallel:run_until_complete
[0.195s] INFO:colcon.colcon_ros.task.ament_cmake.build:Building ROS package in '/home/bartosz-babi-ski/Hexapod_git4/Hexapod/simulation/ros2_ws_hex/src/hexapod_description' with build type 'ament_cmake'
[0.196s] INFO:colcon.colcon_cmake.task.cmake.build:Building CMake package in '/home/bartosz-babi-ski/Hexapod_git4/Hexapod/simulation/ros2_ws_hex/src/hexapod_description'
[0.199s] INFO:colcon.colcon_core.plugin_system:Skipping extension 'colcon_core.shell.bat': Not used on non-Windows systems
[0.199s] INFO:colcon.colcon_core.shell:Skip shell extension 'powershell' for command environment: Not usable outside of PowerShell
[0.199s] DEBUG:colcon.colcon_core.shell:Skip shell extension 'dsv' for command environment
[0.206s] INFO:colcon.colcon_ros.task.ament_cmake.build:Building ROS package in '/home/bartosz-babi-ski/Hexapod_git4/Hexapod/simulation/ros2_ws_hex/src/ros2_controller/om_gravity_compensation_controller' with build type 'ament_cmake'
[0.206s] INFO:colcon.colcon_cmake.task.cmake.build:Building CMake package in '/home/bartosz-babi-ski/Hexapod_git4/Hexapod/simulation/ros2_ws_hex/src/ros2_controller/om_gravity_compensation_controller'
[0.206s] INFO:colcon.colcon_core.shell:Skip shell extension 'powershell' for command environment: Not usable outside of PowerShell
[0.206s] DEBUG:colcon.colcon_core.shell:Skip shell extension 'dsv' for command environment
[0.212s] INFO:colcon.colcon_ros.task.ament_cmake.build:Building ROS package in '/home/bartosz-babi-ski/Hexapod_git4/Hexapod/simulation/ros2_ws_hex/src/ros2_controller/om_joint_trajectory_command_broadcaster' with build type 'ament_cmake'
[0.212s] INFO:colcon.colcon_cmake.task.cmake.build:Building CMake package in '/home/bartosz-babi-ski/Hexapod_git4/Hexapod/simulation/ros2_ws_hex/src/ros2_controller/om_joint_trajectory_command_broadcaster'
[0.212s] INFO:colcon.colcon_core.shell:Skip shell extension 'powershell' for command environment: Not usable outside of PowerShell
[0.212s] DEBUG:colcon.colcon_core.shell:Skip shell extension 'dsv' for command environment
[0.218s] INFO:colcon.colcon_ros.task.ament_cmake.build:Building ROS package in '/home/bartosz-babi-ski/Hexapod_git4/Hexapod/simulation/ros2_ws_hex/src/ros2_controller/om_spring_actuator_controller' with build type 'ament_cmake'
[0.218s] INFO:colcon.colcon_cmake.task.cmake.build:Building CMake package in '/home/bartosz-babi-ski/Hexapod_git4/Hexapod/simulation/ros2_ws_hex/src/ros2_controller/om_spring_actuator_controller'
[0.219s] INFO:colcon.colcon_core.shell:Skip shell extension 'powershell' for command environment: Not usable outside of PowerShell
[0.219s] DEBUG:colcon.colcon_core.shell:Skip shell extension 'dsv' for command environment
[0.231s] DEBUG:colcon.colcon_core.event_handler.log_command:Invoking command in '/home/bartosz-babi-ski/Hexapod_git4/Hexapod/simulation/ros2_ws_hex/build/hexapod_description': CMAKE_PREFIX_PATH=${CMAKE_PREFIX_PATH}:/opt/ros/jazzy DEBUGINFOD_URLS=https://debuginfod.ubuntu.com /usr/bin/cmake --build /home/bartosz-babi-ski/Hexapod_git4/Hexapod/simulation/ros2_ws_hex/build/hexapod_description -- -j12 -l12
[0.234s] DEBUG:colcon.colcon_core.event_handler.log_command:Invoking command in '/home/bartosz-babi-ski/Hexapod_git4/Hexapod/simulation/ros2_ws_hex/build/om_gravity_compensation_controller': CMAKE_PREFIX_PATH=${CMAKE_PREFIX_PATH}:/opt/ros/jazzy DEBUGINFOD_URLS=https://debuginfod.ubuntu.com /usr/bin/cmake --build /home/bartosz-babi-ski/Hexapod_git4/Hexapod/simulation/ros2_ws_hex/build/om_gravity_compensation_controller -- -j12 -l12
[0.237s] DEBUG:colcon.colcon_core.event_handler.log_command:Invoking command in '/home/bartosz-babi-ski/Hexapod_git4/Hexapod/simulation/ros2_ws_hex/build/om_joint_trajectory_command_broadcaster': CMAKE_PREFIX_PATH=${CMAKE_PREFIX_PATH}:/opt/ros/jazzy DEBUGINFOD_URLS=https://debuginfod.ubuntu.com /usr/bin/cmake --build /home/bartosz-babi-ski/Hexapod_git4/Hexapod/simulation/ros2_ws_hex/build/om_joint_trajectory_command_broadcaster -- -j12 -l12
[0.243s] DEBUG:colcon.colcon_core.event_handler.log_command:Invoking command in '/home/bartosz-babi-ski/Hexapod_git4/Hexapod/simulation/ros2_ws_hex/build/om_spring_actuator_controller': CMAKE_PREFIX_PATH=${CMAKE_PREFIX_PATH}:/opt/ros/jazzy DEBUGINFOD_URLS=https://debuginfod.ubuntu.com /usr/bin/cmake --build /home/bartosz-babi-ski/Hexapod_git4/Hexapod/simulation/ros2_ws_hex/build/om_spring_actuator_controller -- -j12 -l12
[0.277s] DEBUG:colcon.colcon_core.event_handler.log_command:Invoked command in '/home/bartosz-babi-ski/Hexapod_git4/Hexapod/simulation/ros2_ws_hex/build/hexapod_description' returned '0': CMAKE_PREFIX_PATH=${CMAKE_PREFIX_PATH}:/opt/ros/jazzy DEBUGINFOD_URLS=https://debuginfod.ubuntu.com /usr/bin/cmake --build /home/bartosz-babi-ski/Hexapod_git4/Hexapod/simulation/ros2_ws_hex/build/hexapod_description -- -j12 -l12
[0.285s] DEBUG:colcon.colcon_core.event_handler.log_command:Invoking command in '/home/bartosz-babi-ski/Hexapod_git4/Hexapod/simulation/ros2_ws_hex/build/hexapod_description': CMAKE_PREFIX_PATH=${CMAKE_PREFIX_PATH}:/opt/ros/jazzy DEBUGINFOD_URLS=https://debuginfod.ubuntu.com /usr/bin/cmake --install /home/bartosz-babi-ski/Hexapod_git4/Hexapod/simulation/ros2_ws_hex/build/hexapod_description
[0.297s] Level 1:colcon.colcon_core.environment:create_environment_scripts_only(hexapod_description)
[0.300s] DEBUG:colcon.colcon_core.event_handler.log_command:Invoked command in '/home/bartosz-babi-ski/Hexapod_git4/Hexapod/simulation/ros2_ws_hex/build/hexapod_description' returned '0': CMAKE_PREFIX_PATH=${CMAKE_PREFIX_PATH}:/opt/ros/jazzy DEBUGINFOD_URLS=https://debuginfod.ubuntu.com /usr/bin/cmake --install /home/bartosz-babi-ski/Hexapod_git4/Hexapod/simulation/ros2_ws_hex/build/hexapod_description
[0.302s] Level 1:colcon.colcon_core.environment:checking '/home/bartosz-babi-ski/Hexapod_git4/Hexapod/simulation/ros2_ws_hex/install/hexapod_description' for CMake module files
[0.302s] Level 1:colcon.colcon_core.environment:checking '/home/bartosz-babi-ski/Hexapod_git4/Hexapod/simulation/ros2_ws_hex/install/hexapod_description' for CMake config files
[0.302s] Level 1:colcon.colcon_core.shell:create_environment_hook('hexapod_description', 'cmake_prefix_path')
[0.302s] INFO:colcon.colcon_core.shell:Creating environment hook '/home/bartosz-babi-ski/Hexapod_git4/Hexapod/simulation/ros2_ws_hex/install/hexapod_description/share/hexapod_description/hook/cmake_prefix_path.ps1'
[0.303s] INFO:colcon.colcon_core.shell:Creating environment descriptor '/home/bartosz-babi-ski/Hexapod_git4/Hexapod/simulation/ros2_ws_hex/install/hexapod_description/share/hexapod_description/hook/cmake_prefix_path.dsv'
[0.303s] INFO:colcon.colcon_core.shell:Creating environment hook '/home/bartosz-babi-ski/Hexapod_git4/Hexapod/simulation/ros2_ws_hex/install/hexapod_description/share/hexapod_description/hook/cmake_prefix_path.sh'
[0.304s] Level 1:colcon.colcon_core.environment:checking '/home/bartosz-babi-ski/Hexapod_git4/Hexapod/simulation/ros2_ws_hex/install/hexapod_description/bin'
[0.304s] Level 1:colcon.colcon_core.environment:checking '/home/bartosz-babi-ski/Hexapod_git4/Hexapod/simulation/ros2_ws_hex/install/hexapod_description/lib/pkgconfig/hexapod_description.pc'
[0.304s] Level 1:colcon.colcon_core.environment:checking '/home/bartosz-babi-ski/Hexapod_git4/Hexapod/simulation/ros2_ws_hex/install/hexapod_description/lib/python3.12/site-packages'
[0.304s] Level 1:colcon.colcon_core.environment:checking '/home/bartosz-babi-ski/Hexapod_git4/Hexapod/simulation/ros2_ws_hex/install/hexapod_description/bin'
[0.305s] INFO:colcon.colcon_core.shell:Creating package script '/home/bartosz-babi-ski/Hexapod_git4/Hexapod/simulation/ros2_ws_hex/install/hexapod_description/share/hexapod_description/package.ps1'
[0.305s] INFO:colcon.colcon_core.shell:Creating package descriptor '/home/bartosz-babi-ski/Hexapod_git4/Hexapod/simulation/ros2_ws_hex/install/hexapod_description/share/hexapod_description/package.dsv'
[0.306s] INFO:colcon.colcon_core.shell:Creating package script '/home/bartosz-babi-ski/Hexapod_git4/Hexapod/simulation/ros2_ws_hex/install/hexapod_description/share/hexapod_description/package.sh'
[0.306s] INFO:colcon.colcon_core.shell:Creating package script '/home/bartosz-babi-ski/Hexapod_git4/Hexapod/simulation/ros2_ws_hex/install/hexapod_description/share/hexapod_description/package.bash'
[0.306s] INFO:colcon.colcon_core.shell:Creating package script '/home/bartosz-babi-ski/Hexapod_git4/Hexapod/simulation/ros2_ws_hex/install/hexapod_description/share/hexapod_description/package.zsh'
[0.307s] Level 1:colcon.colcon_core.environment:create_file_with_runtime_dependencies(/home/bartosz-babi-ski/Hexapod_git4/Hexapod/simulation/ros2_ws_hex/install/hexapod_description/share/colcon-core/packages/hexapod_description)
[0.307s] Level 1:colcon.colcon_core.environment:create_environment_scripts_only(hexapod_description)
[0.307s] Level 1:colcon.colcon_core.environment:checking '/home/bartosz-babi-ski/Hexapod_git4/Hexapod/simulation/ros2_ws_hex/install/hexapod_description' for CMake module files
[0.308s] Level 1:colcon.colcon_core.environment:checking '/home/bartosz-babi-ski/Hexapod_git4/Hexapod/simulation/ros2_ws_hex/install/hexapod_description' for CMake config files
[0.308s] Level 1:colcon.colcon_core.shell:create_environment_hook('hexapod_description', 'cmake_prefix_path')
[0.308s] INFO:colcon.colcon_core.shell:Creating environment hook '/home/bartosz-babi-ski/Hexapod_git4/Hexapod/simulation/ros2_ws_hex/install/hexapod_description/share/hexapod_description/hook/cmake_prefix_path.ps1'
[0.322s] INFO:colcon.colcon_core.shell:Creating environment descriptor '/home/bartosz-babi-ski/Hexapod_git4/Hexapod/simulation/ros2_ws_hex/install/hexapod_description/share/hexapod_description/hook/cmake_prefix_path.dsv'
[0.322s] INFO:colcon.colcon_core.shell:Creating environment hook '/home/bartosz-babi-ski/Hexapod_git4/Hexapod/simulation/ros2_ws_hex/install/hexapod_description/share/hexapod_description/hook/cmake_prefix_path.sh'
[0.323s] Level 1:colcon.colcon_core.environment:checking '/home/bartosz-babi-ski/Hexapod_git4/Hexapod/simulation/ros2_ws_hex/install/hexapod_description/bin'
[0.323s] Level 1:colcon.colcon_core.environment:checking '/home/bartosz-babi-ski/Hexapod_git4/Hexapod/simulation/ros2_ws_hex/install/hexapod_description/lib/pkgconfig/hexapod_description.pc'
[0.323s] Level 1:colcon.colcon_core.environment:checking '/home/bartosz-babi-ski/Hexapod_git4/Hexapod/simulation/ros2_ws_hex/install/hexapod_description/lib/python3.12/site-packages'
[0.324s] Level 1:colcon.colcon_core.environment:checking '/home/bartosz-babi-ski/Hexapod_git4/Hexapod/simulation/ros2_ws_hex/install/hexapod_description/bin'
[0.324s] INFO:colcon.colcon_core.shell:Creating package script '/home/bartosz-babi-ski/Hexapod_git4/Hexapod/simulation/ros2_ws_hex/install/hexapod_description/share/hexapod_description/package.ps1'
[0.324s] INFO:colcon.colcon_core.shell:Creating package descriptor '/home/bartosz-babi-ski/Hexapod_git4/Hexapod/simulation/ros2_ws_hex/install/hexapod_description/share/hexapod_description/package.dsv'
[0.324s] INFO:colcon.colcon_core.shell:Creating package script '/home/bartosz-babi-ski/Hexapod_git4/Hexapod/simulation/ros2_ws_hex/install/hexapod_description/share/hexapod_description/package.sh'
[0.325s] INFO:colcon.colcon_core.shell:Creating package script '/home/bartosz-babi-ski/Hexapod_git4/Hexapod/simulation/ros2_ws_hex/install/hexapod_description/share/hexapod_description/package.bash'
[0.325s] INFO:colcon.colcon_core.shell:Creating package script '/home/bartosz-babi-ski/Hexapod_git4/Hexapod/simulation/ros2_ws_hex/install/hexapod_description/share/hexapod_description/package.zsh'
[0.325s] Level 1:colcon.colcon_core.environment:create_file_with_runtime_dependencies(/home/bartosz-babi-ski/Hexapod_git4/Hexapod/simulation/ros2_ws_hex/install/hexapod_description/share/colcon-core/packages/hexapod_description)
[0.326s] INFO:colcon.colcon_ros.task.ament_cmake.build:Building ROS package in '/home/bartosz-babi-ski/Hexapod_git4/Hexapod/simulation/ros2_ws_hex/src/hex_gz' with build type 'ament_cmake'
[0.326s] INFO:colcon.colcon_cmake.task.cmake.build:Building CMake package in '/home/bartosz-babi-ski/Hexapod_git4/Hexapod/simulation/ros2_ws_hex/src/hex_gz'
[0.326s] INFO:colcon.colcon_core.shell:Skip shell extension 'powershell' for command environment: Not usable outside of PowerShell
[0.326s] DEBUG:colcon.colcon_core.shell:Skip shell extension 'dsv' for command environment
[0.332s] DEBUG:colcon.colcon_core.event_handler.log_command:Invoked command in '/home/bartosz-babi-ski/Hexapod_git4/Hexapod/simulation/ros2_ws_hex/build/om_gravity_compensation_controller' returned '0': CMAKE_PREFIX_PATH=${CMAKE_PREFIX_PATH}:/opt/ros/jazzy DEBUGINFOD_URLS=https://debuginfod.ubuntu.com /usr/bin/cmake --build /home/bartosz-babi-ski/Hexapod_git4/Hexapod/simulation/ros2_ws_hex/build/om_gravity_compensation_controller -- -j12 -l12
[0.333s] DEBUG:colcon.colcon_core.event_handler.log_command:Invoking command in '/home/bartosz-babi-ski/Hexapod_git4/Hexapod/simulation/ros2_ws_hex/build/om_gravity_compensation_controller': CMAKE_PREFIX_PATH=${CMAKE_PREFIX_PATH}:/opt/ros/jazzy DEBUGINFOD_URLS=https://debuginfod.ubuntu.com /usr/bin/cmake --install /home/bartosz-babi-ski/Hexapod_git4/Hexapod/simulation/ros2_ws_hex/build/om_gravity_compensation_controller
[0.333s] DEBUG:colcon.colcon_core.event_handler.log_command:Invoked command in '/home/bartosz-babi-ski/Hexapod_git4/Hexapod/simulation/ros2_ws_hex/build/om_joint_trajectory_command_broadcaster' returned '0': CMAKE_PREFIX_PATH=${CMAKE_PREFIX_PATH}:/opt/ros/jazzy DEBUGINFOD_URLS=https://debuginfod.ubuntu.com /usr/bin/cmake --build /home/bartosz-babi-ski/Hexapod_git4/Hexapod/simulation/ros2_ws_hex/build/om_joint_trajectory_command_broadcaster -- -j12 -l12
[0.334s] DEBUG:colcon.colcon_core.event_handler.log_command:Invoking command in '/home/bartosz-babi-ski/Hexapod_git4/Hexapod/simulation/ros2_ws_hex/build/om_joint_trajectory_command_broadcaster': CMAKE_PREFIX_PATH=${CMAKE_PREFIX_PATH}:/opt/ros/jazzy DEBUGINFOD_URLS=https://debuginfod.ubuntu.com /usr/bin/cmake --install /home/bartosz-babi-ski/Hexapod_git4/Hexapod/simulation/ros2_ws_hex/build/om_joint_trajectory_command_broadcaster
[0.338s] DEBUG:colcon.colcon_core.event_handler.log_command:Invoking command in '/home/bartosz-babi-ski/Hexapod_git4/Hexapod/simulation/ros2_ws_hex/build/hex_gz': CMAKE_PREFIX_PATH=/home/bartosz-babi-ski/Hexapod_git4/Hexapod/simulation/ros2_ws_hex/install/hexapod_description:/home/bartosz-babi-ski/Hexapod_git4/Hexapod/simulation/ros2_ws_hex/install/hexapod:/home/bartosz-babi-ski/Hexapod_git4/Hexapod/simulation/ros2_ws_hex/install/om_spring_actuator_controller:/home/bartosz-babi-ski/Hexapod_git4/Hexapod/simulation/ros2_ws_hex/install/om_joint_trajectory_command_broadcaster:/home/bartosz-babi-ski/Hexapod_git4/Hexapod/simulation/ros2_ws_hex/install/om_gravity_compensation_controller:/home/bartosz-babi-ski/Hexapod_git4/Hexapod/simulation/ros2_ws_hex/install/hex_gz:/opt/ros/jazzy/opt/gz_launch_vendor:/opt/ros/jazzy/opt/gz_sim_vendor:/opt/ros/jazzy/opt/gz_sensors_vendor:/opt/ros/jazzy/opt/gz_physics_vendor:/opt/ros/jazzy/opt/sdformat_vendor:/opt/ros/jazzy/opt/gz_gui_vendor:/opt/ros/jazzy/opt/gz_transport_vendor:/opt/ros/jazzy/opt/gz_rendering_vendor:/opt/ros/jazzy/opt/gz_plugin_vendor:/opt/ros/jazzy/opt/gz_fuel_tools_vendor:/opt/ros/jazzy/opt/gz_msgs_vendor:/opt/ros/jazzy/opt/gz_common_vendor:/opt/ros/jazzy/opt/gz_math_vendor:/opt/ros/jazzy/opt/gz_utils_vendor:/opt/ros/jazzy/opt/gz_tools_vendor:/opt/ros/jazzy/opt/gz_ogre_next_vendor:/opt/ros/jazzy/opt/gz_dartsim_vendor:/opt/ros/jazzy/opt/gz_cmake_vendor:/opt/ros/jazzy DEBUGINFOD_URLS=https://debuginfod.ubuntu.com /usr/bin/cmake --build /home/bartosz-babi-ski/Hexapod_git4/Hexapod/simulation/ros2_ws_hex/build/hex_gz -- -j12 -l12
[0.339s] DEBUG:colcon.colcon_core.event_handler.log_command:Invoked command in '/home/bartosz-babi-ski/Hexapod_git4/Hexapod/simulation/ros2_ws_hex/build/om_spring_actuator_controller' returned '0': CMAKE_PREFIX_PATH=${CMAKE_PREFIX_PATH}:/opt/ros/jazzy DEBUGINFOD_URLS=https://debuginfod.ubuntu.com /usr/bin/cmake --build /home/bartosz-babi-ski/Hexapod_git4/Hexapod/simulation/ros2_ws_hex/build/om_spring_actuator_controller -- -j12 -l12
[0.340s] DEBUG:colcon.colcon_core.event_handler.log_command:Invoking command in '/home/bartosz-babi-ski/Hexapod_git4/Hexapod/simulation/ros2_ws_hex/build/om_spring_actuator_controller': CMAKE_PREFIX_PATH=${CMAKE_PREFIX_PATH}:/opt/ros/jazzy DEBUGINFOD_URLS=https://debuginfod.ubuntu.com /usr/bin/cmake --install /home/bartosz-babi-ski/Hexapod_git4/Hexapod/simulation/ros2_ws_hex/build/om_spring_actuator_controller
[0.344s] Level 1:colcon.colcon_core.environment:create_environment_scripts_only(om_gravity_compensation_controller)
[0.346s] Level 1:colcon.colcon_core.environment:checking '/home/bartosz-babi-ski/Hexapod_git4/Hexapod/simulation/ros2_ws_hex/install/om_gravity_compensation_controller' for CMake module files
[0.348s] DEBUG:colcon.colcon_core.event_handler.log_command:Invoked command in '/home/bartosz-babi-ski/Hexapod_git4/Hexapod/simulation/ros2_ws_hex/build/om_gravity_compensation_controller' returned '0': CMAKE_PREFIX_PATH=${CMAKE_PREFIX_PATH}:/opt/ros/jazzy DEBUGINFOD_URLS=https://debuginfod.ubuntu.com /usr/bin/cmake --install /home/bartosz-babi-ski/Hexapod_git4/Hexapod/simulation/ros2_ws_hex/build/om_gravity_compensation_controller
[0.350s] Level 1:colcon.colcon_core.environment:checking '/home/bartosz-babi-ski/Hexapod_git4/Hexapod/simulation/ros2_ws_hex/install/om_gravity_compensation_controller' for CMake config files
[0.351s] Level 1:colcon.colcon_core.shell:create_environment_hook('om_gravity_compensation_controller', 'cmake_prefix_path')
[0.351s] INFO:colcon.colcon_core.shell:Creating environment hook '/home/bartosz-babi-ski/Hexapod_git4/Hexapod/simulation/ros2_ws_hex/install/om_gravity_compensation_controller/share/om_gravity_compensation_controller/hook/cmake_prefix_path.ps1'
[0.351s] INFO:colcon.colcon_core.shell:Creating environment descriptor '/home/bartosz-babi-ski/Hexapod_git4/Hexapod/simulation/ros2_ws_hex/install/om_gravity_compensation_controller/share/om_gravity_compensation_controller/hook/cmake_prefix_path.dsv'
[0.351s] INFO:colcon.colcon_core.shell:Creating environment hook '/home/bartosz-babi-ski/Hexapod_git4/Hexapod/simulation/ros2_ws_hex/install/om_gravity_compensation_controller/share/om_gravity_compensation_controller/hook/cmake_prefix_path.sh'
[0.352s] Level 1:colcon.colcon_core.environment:checking '/home/bartosz-babi-ski/Hexapod_git4/Hexapod/simulation/ros2_ws_hex/install/om_gravity_compensation_controller/lib'
[0.352s] Level 1:colcon.colcon_core.shell:create_environment_hook('om_gravity_compensation_controller', 'ld_library_path_lib')
[0.352s] INFO:colcon.colcon_core.shell:Creating environment hook '/home/bartosz-babi-ski/Hexapod_git4/Hexapod/simulation/ros2_ws_hex/install/om_gravity_compensation_controller/share/om_gravity_compensation_controller/hook/ld_library_path_lib.ps1'
[0.353s] INFO:colcon.colcon_core.shell:Creating environment descriptor '/home/bartosz-babi-ski/Hexapod_git4/Hexapod/simulation/ros2_ws_hex/install/om_gravity_compensation_controller/share/om_gravity_compensation_controller/hook/ld_library_path_lib.dsv'
[0.353s] INFO:colcon.colcon_core.shell:Creating environment hook '/home/bartosz-babi-ski/Hexapod_git4/Hexapod/simulation/ros2_ws_hex/install/om_gravity_compensation_controller/share/om_gravity_compensation_controller/hook/ld_library_path_lib.sh'
[0.353s] Level 1:colcon.colcon_core.environment:checking '/home/bartosz-babi-ski/Hexapod_git4/Hexapod/simulation/ros2_ws_hex/install/om_gravity_compensation_controller/bin'
[0.353s] Level 1:colcon.colcon_core.environment:checking '/home/bartosz-babi-ski/Hexapod_git4/Hexapod/simulation/ros2_ws_hex/install/om_gravity_compensation_controller/lib/pkgconfig/om_gravity_compensation_controller.pc'
[0.353s] Level 1:colcon.colcon_core.environment:checking '/home/bartosz-babi-ski/Hexapod_git4/Hexapod/simulation/ros2_ws_hex/install/om_gravity_compensation_controller/lib/python3.12/site-packages'
[0.353s] Level 1:colcon.colcon_core.environment:checking '/home/bartosz-babi-ski/Hexapod_git4/Hexapod/simulation/ros2_ws_hex/install/om_gravity_compensation_controller/bin'
[0.354s] INFO:colcon.colcon_core.shell:Creating package script '/home/bartosz-babi-ski/Hexapod_git4/Hexapod/simulation/ros2_ws_hex/install/om_gravity_compensation_controller/share/om_gravity_compensation_controller/package.ps1'
[0.354s] INFO:colcon.colcon_core.shell:Creating package descriptor '/home/bartosz-babi-ski/Hexapod_git4/Hexapod/simulation/ros2_ws_hex/install/om_gravity_compensation_controller/share/om_gravity_compensation_controller/package.dsv'
[0.354s] INFO:colcon.colcon_core.shell:Creating package script '/home/bartosz-babi-ski/Hexapod_git4/Hexapod/simulation/ros2_ws_hex/install/om_gravity_compensation_controller/share/om_gravity_compensation_controller/package.sh'
[0.355s] INFO:colcon.colcon_core.shell:Creating package script '/home/bartosz-babi-ski/Hexapod_git4/Hexapod/simulation/ros2_ws_hex/install/om_gravity_compensation_controller/share/om_gravity_compensation_controller/package.bash'
[0.355s] INFO:colcon.colcon_core.shell:Creating package script '/home/bartosz-babi-ski/Hexapod_git4/Hexapod/simulation/ros2_ws_hex/install/om_gravity_compensation_controller/share/om_gravity_compensation_controller/package.zsh'
[0.355s] Level 1:colcon.colcon_core.environment:create_file_with_runtime_dependencies(/home/bartosz-babi-ski/Hexapod_git4/Hexapod/simulation/ros2_ws_hex/install/om_gravity_compensation_controller/share/colcon-core/packages/om_gravity_compensation_controller)
[0.355s] Level 1:colcon.colcon_core.environment:create_environment_scripts_only(om_gravity_compensation_controller)
[0.355s] Level 1:colcon.colcon_core.environment:checking '/home/bartosz-babi-ski/Hexapod_git4/Hexapod/simulation/ros2_ws_hex/install/om_gravity_compensation_controller' for CMake module files
[0.356s] Level 1:colcon.colcon_core.environment:checking '/home/bartosz-babi-ski/Hexapod_git4/Hexapod/simulation/ros2_ws_hex/install/om_gravity_compensation_controller' for CMake config files
[0.356s] Level 1:colcon.colcon_core.shell:create_environment_hook('om_gravity_compensation_controller', 'cmake_prefix_path')
[0.356s] INFO:colcon.colcon_core.shell:Creating environment hook '/home/bartosz-babi-ski/Hexapod_git4/Hexapod/simulation/ros2_ws_hex/install/om_gravity_compensation_controller/share/om_gravity_compensation_controller/hook/cmake_prefix_path.ps1'
[0.356s] INFO:colcon.colcon_core.shell:Creating environment descriptor '/home/bartosz-babi-ski/Hexapod_git4/Hexapod/simulation/ros2_ws_hex/install/om_gravity_compensation_controller/share/om_gravity_compensation_controller/hook/cmake_prefix_path.dsv'
[0.357s] INFO:colcon.colcon_core.shell:Creating environment hook '/home/bartosz-babi-ski/Hexapod_git4/Hexapod/simulation/ros2_ws_hex/install/om_gravity_compensation_controller/share/om_gravity_compensation_controller/hook/cmake_prefix_path.sh'
[0.357s] Level 1:colcon.colcon_core.environment:checking '/home/bartosz-babi-ski/Hexapod_git4/Hexapod/simulation/ros2_ws_hex/install/om_gravity_compensation_controller/lib'
[0.357s] Level 1:colcon.colcon_core.shell:create_environment_hook('om_gravity_compensation_controller', 'ld_library_path_lib')
[0.357s] INFO:colcon.colcon_core.shell:Creating environment hook '/home/bartosz-babi-ski/Hexapod_git4/Hexapod/simulation/ros2_ws_hex/install/om_gravity_compensation_controller/share/om_gravity_compensation_controller/hook/ld_library_path_lib.ps1'
[0.357s] INFO:colcon.colcon_core.shell:Creating environment descriptor '/home/bartosz-babi-ski/Hexapod_git4/Hexapod/simulation/ros2_ws_hex/install/om_gravity_compensation_controller/share/om_gravity_compensation_controller/hook/ld_library_path_lib.dsv'
[0.358s] INFO:colcon.colcon_core.shell:Creating environment hook '/home/bartosz-babi-ski/Hexapod_git4/Hexapod/simulation/ros2_ws_hex/install/om_gravity_compensation_controller/share/om_gravity_compensation_controller/hook/ld_library_path_lib.sh'
[0.358s] Level 1:colcon.colcon_core.environment:checking '/home/bartosz-babi-ski/Hexapod_git4/Hexapod/simulation/ros2_ws_hex/install/om_gravity_compensation_controller/bin'
[0.358s] Level 1:colcon.colcon_core.environment:checking '/home/bartosz-babi-ski/Hexapod_git4/Hexapod/simulation/ros2_ws_hex/install/om_gravity_compensation_controller/lib/pkgconfig/om_gravity_compensation_controller.pc'
[0.358s] Level 1:colcon.colcon_core.environment:checking '/home/bartosz-babi-ski/Hexapod_git4/Hexapod/simulation/ros2_ws_hex/install/om_gravity_compensation_controller/lib/python3.12/site-packages'
[0.358s] Level 1:colcon.colcon_core.environment:checking '/home/bartosz-babi-ski/Hexapod_git4/Hexapod/simulation/ros2_ws_hex/install/om_gravity_compensation_controller/bin'
[0.358s] INFO:colcon.colcon_core.shell:Creating package script '/home/bartosz-babi-ski/Hexapod_git4/Hexapod/simulation/ros2_ws_hex/install/om_gravity_compensation_controller/share/om_gravity_compensation_controller/package.ps1'
[0.359s] INFO:colcon.colcon_core.shell:Creating package descriptor '/home/bartosz-babi-ski/Hexapod_git4/Hexapod/simulation/ros2_ws_hex/install/om_gravity_compensation_controller/share/om_gravity_compensation_controller/package.dsv'
[0.359s] INFO:colcon.colcon_core.shell:Creating package script '/home/bartosz-babi-ski/Hexapod_git4/Hexapod/simulation/ros2_ws_hex/install/om_gravity_compensation_controller/share/om_gravity_compensation_controller/package.sh'
[0.360s] INFO:colcon.colcon_core.shell:Creating package script '/home/bartosz-babi-ski/Hexapod_git4/Hexapod/simulation/ros2_ws_hex/install/om_gravity_compensation_controller/share/om_gravity_compensation_controller/package.bash'
[0.360s] INFO:colcon.colcon_core.shell:Creating package script '/home/bartosz-babi-ski/Hexapod_git4/Hexapod/simulation/ros2_ws_hex/install/om_gravity_compensation_controller/share/om_gravity_compensation_controller/package.zsh'
[0.360s] Level 1:colcon.colcon_core.environment:create_file_with_runtime_dependencies(/home/bartosz-babi-ski/Hexapod_git4/Hexapod/simulation/ros2_ws_hex/install/om_gravity_compensation_controller/share/colcon-core/packages/om_gravity_compensation_controller)
[0.361s] Level 1:colcon.colcon_core.environment:create_environment_scripts_only(om_joint_trajectory_command_broadcaster)
[0.361s] Level 1:colcon.colcon_core.environment:checking '/home/bartosz-babi-ski/Hexapod_git4/Hexapod/simulation/ros2_ws_hex/install/om_joint_trajectory_command_broadcaster' for CMake module files
[0.362s] DEBUG:colcon.colcon_core.event_handler.log_command:Invoked command in '/home/bartosz-babi-ski/Hexapod_git4/Hexapod/simulation/ros2_ws_hex/build/om_joint_trajectory_command_broadcaster' returned '0': CMAKE_PREFIX_PATH=${CMAKE_PREFIX_PATH}:/opt/ros/jazzy DEBUGINFOD_URLS=https://debuginfod.ubuntu.com /usr/bin/cmake --install /home/bartosz-babi-ski/Hexapod_git4/Hexapod/simulation/ros2_ws_hex/build/om_joint_trajectory_command_broadcaster
[0.362s] Level 1:colcon.colcon_core.environment:checking '/home/bartosz-babi-ski/Hexapod_git4/Hexapod/simulation/ros2_ws_hex/install/om_joint_trajectory_command_broadcaster' for CMake config files
[0.362s] Level 1:colcon.colcon_core.shell:create_environment_hook('om_joint_trajectory_command_broadcaster', 'cmake_prefix_path')
[0.362s] INFO:colcon.colcon_core.shell:Creating environment hook '/home/bartosz-babi-ski/Hexapod_git4/Hexapod/simulation/ros2_ws_hex/install/om_joint_trajectory_command_broadcaster/share/om_joint_trajectory_command_broadcaster/hook/cmake_prefix_path.ps1'
[0.363s] INFO:colcon.colcon_core.shell:Creating environment descriptor '/home/bartosz-babi-ski/Hexapod_git4/Hexapod/simulation/ros2_ws_hex/install/om_joint_trajectory_command_broadcaster/share/om_joint_trajectory_command_broadcaster/hook/cmake_prefix_path.dsv'
[0.363s] INFO:colcon.colcon_core.shell:Creating environment hook '/home/bartosz-babi-ski/Hexapod_git4/Hexapod/simulation/ros2_ws_hex/install/om_joint_trajectory_command_broadcaster/share/om_joint_trajectory_command_broadcaster/hook/cmake_prefix_path.sh'
[0.364s] Level 1:colcon.colcon_core.environment:checking '/home/bartosz-babi-ski/Hexapod_git4/Hexapod/simulation/ros2_ws_hex/install/om_joint_trajectory_command_broadcaster/lib'
[0.364s] Level 1:colcon.colcon_core.shell:create_environment_hook('om_joint_trajectory_command_broadcaster', 'ld_library_path_lib')
[0.364s] INFO:colcon.colcon_core.shell:Creating environment hook '/home/bartosz-babi-ski/Hexapod_git4/Hexapod/simulation/ros2_ws_hex/install/om_joint_trajectory_command_broadcaster/share/om_joint_trajectory_command_broadcaster/hook/ld_library_path_lib.ps1'
[0.365s] INFO:colcon.colcon_core.shell:Creating environment descriptor '/home/bartosz-babi-ski/Hexapod_git4/Hexapod/simulation/ros2_ws_hex/install/om_joint_trajectory_command_broadcaster/share/om_joint_trajectory_command_broadcaster/hook/ld_library_path_lib.dsv'
[0.365s] INFO:colcon.colcon_core.shell:Creating environment hook '/home/bartosz-babi-ski/Hexapod_git4/Hexapod/simulation/ros2_ws_hex/install/om_joint_trajectory_command_broadcaster/share/om_joint_trajectory_command_broadcaster/hook/ld_library_path_lib.sh'
[0.366s] Level 1:colcon.colcon_core.environment:checking '/home/bartosz-babi-ski/Hexapod_git4/Hexapod/simulation/ros2_ws_hex/install/om_joint_trajectory_command_broadcaster/bin'
[0.366s] Level 1:colcon.colcon_core.environment:checking '/home/bartosz-babi-ski/Hexapod_git4/Hexapod/simulation/ros2_ws_hex/install/om_joint_trajectory_command_broadcaster/lib/pkgconfig/om_joint_trajectory_command_broadcaster.pc'
[0.366s] Level 1:colcon.colcon_core.environment:checking '/home/bartosz-babi-ski/Hexapod_git4/Hexapod/simulation/ros2_ws_hex/install/om_joint_trajectory_command_broadcaster/lib/python3.12/site-packages'
[0.366s] Level 1:colcon.colcon_core.environment:checking '/home/bartosz-babi-ski/Hexapod_git4/Hexapod/simulation/ros2_ws_hex/install/om_joint_trajectory_command_broadcaster/bin'
[0.366s] INFO:colcon.colcon_core.shell:Creating package script '/home/bartosz-babi-ski/Hexapod_git4/Hexapod/simulation/ros2_ws_hex/install/om_joint_trajectory_command_broadcaster/share/om_joint_trajectory_command_broadcaster/package.ps1'
[0.367s] INFO:colcon.colcon_core.shell:Creating package descriptor '/home/bartosz-babi-ski/Hexapod_git4/Hexapod/simulation/ros2_ws_hex/install/om_joint_trajectory_command_broadcaster/share/om_joint_trajectory_command_broadcaster/package.dsv'
[0.367s] INFO:colcon.colcon_core.shell:Creating package script '/home/bartosz-babi-ski/Hexapod_git4/Hexapod/simulation/ros2_ws_hex/install/om_joint_trajectory_command_broadcaster/share/om_joint_trajectory_command_broadcaster/package.sh'
[0.368s] INFO:colcon.colcon_core.shell:Creating package script '/home/bartosz-babi-ski/Hexapod_git4/Hexapod/simulation/ros2_ws_hex/install/om_joint_trajectory_command_broadcaster/share/om_joint_trajectory_command_broadcaster/package.bash'
[0.368s] INFO:colcon.colcon_core.shell:Creating package script '/home/bartosz-babi-ski/Hexapod_git4/Hexapod/simulation/ros2_ws_hex/install/om_joint_trajectory_command_broadcaster/share/om_joint_trajectory_command_broadcaster/package.zsh'
[0.368s] Level 1:colcon.colcon_core.environment:create_file_with_runtime_dependencies(/home/bartosz-babi-ski/Hexapod_git4/Hexapod/simulation/ros2_ws_hex/install/om_joint_trajectory_command_broadcaster/share/colcon-core/packages/om_joint_trajectory_command_broadcaster)
[0.368s] Level 1:colcon.colcon_core.environment:create_environment_scripts_only(om_joint_trajectory_command_broadcaster)
[0.369s] Level 1:colcon.colcon_core.environment:checking '/home/bartosz-babi-ski/Hexapod_git4/Hexapod/simulation/ros2_ws_hex/install/om_joint_trajectory_command_broadcaster' for CMake module files
[0.369s] Level 1:colcon.colcon_core.environment:checking '/home/bartosz-babi-ski/Hexapod_git4/Hexapod/simulation/ros2_ws_hex/install/om_joint_trajectory_command_broadcaster' for CMake config files
[0.369s] Level 1:colcon.colcon_core.shell:create_environment_hook('om_joint_trajectory_command_broadcaster', 'cmake_prefix_path')
[0.369s] INFO:colcon.colcon_core.shell:Creating environment hook '/home/bartosz-babi-ski/Hexapod_git4/Hexapod/simulation/ros2_ws_hex/install/om_joint_trajectory_command_broadcaster/share/om_joint_trajectory_command_broadcaster/hook/cmake_prefix_path.ps1'
[0.369s] INFO:colcon.colcon_core.shell:Creating environment descriptor '/home/bartosz-babi-ski/Hexapod_git4/Hexapod/simulation/ros2_ws_hex/install/om_joint_trajectory_command_broadcaster/share/om_joint_trajectory_command_broadcaster/hook/cmake_prefix_path.dsv'
[0.370s] INFO:colcon.colcon_core.shell:Creating environment hook '/home/bartosz-babi-ski/Hexapod_git4/Hexapod/simulation/ros2_ws_hex/install/om_joint_trajectory_command_broadcaster/share/om_joint_trajectory_command_broadcaster/hook/cmake_prefix_path.sh'
[0.370s] Level 1:colcon.colcon_core.environment:checking '/home/bartosz-babi-ski/Hexapod_git4/Hexapod/simulation/ros2_ws_hex/install/om_joint_trajectory_command_broadcaster/lib'
[0.370s] Level 1:colcon.colcon_core.shell:create_environment_hook('om_joint_trajectory_command_broadcaster', 'ld_library_path_lib')
[0.370s] INFO:colcon.colcon_core.shell:Creating environment hook '/home/bartosz-babi-ski/Hexapod_git4/Hexapod/simulation/ros2_ws_hex/install/om_joint_trajectory_command_broadcaster/share/om_joint_trajectory_command_broadcaster/hook/ld_library_path_lib.ps1'
[0.371s] INFO:colcon.colcon_core.shell:Creating environment descriptor '/home/bartosz-babi-ski/Hexapod_git4/Hexapod/simulation/ros2_ws_hex/install/om_joint_trajectory_command_broadcaster/share/om_joint_trajectory_command_broadcaster/hook/ld_library_path_lib.dsv'
[0.371s] INFO:colcon.colcon_core.shell:Creating environment hook '/home/bartosz-babi-ski/Hexapod_git4/Hexapod/simulation/ros2_ws_hex/install/om_joint_trajectory_command_broadcaster/share/om_joint_trajectory_command_broadcaster/hook/ld_library_path_lib.sh'
[0.371s] Level 1:colcon.colcon_core.environment:checking '/home/bartosz-babi-ski/Hexapod_git4/Hexapod/simulation/ros2_ws_hex/install/om_joint_trajectory_command_broadcaster/bin'
[0.371s] Level 1:colcon.colcon_core.environment:checking '/home/bartosz-babi-ski/Hexapod_git4/Hexapod/simulation/ros2_ws_hex/install/om_joint_trajectory_command_broadcaster/lib/pkgconfig/om_joint_trajectory_command_broadcaster.pc'
[0.371s] Level 1:colcon.colcon_core.environment:checking '/home/bartosz-babi-ski/Hexapod_git4/Hexapod/simulation/ros2_ws_hex/install/om_joint_trajectory_command_broadcaster/lib/python3.12/site-packages'
[0.371s] Level 1:colcon.colcon_core.environment:checking '/home/bartosz-babi-ski/Hexapod_git4/Hexapod/simulation/ros2_ws_hex/install/om_joint_trajectory_command_broadcaster/bin'
[0.372s] INFO:colcon.colcon_core.shell:Creating package script '/home/bartosz-babi-ski/Hexapod_git4/Hexapod/simulation/ros2_ws_hex/install/om_joint_trajectory_command_broadcaster/share/om_joint_trajectory_command_broadcaster/package.ps1'
[0.372s] INFO:colcon.colcon_core.shell:Creating package descriptor '/home/bartosz-babi-ski/Hexapod_git4/Hexapod/simulation/ros2_ws_hex/install/om_joint_trajectory_command_broadcaster/share/om_joint_trajectory_command_broadcaster/package.dsv'
[0.372s] INFO:colcon.colcon_core.shell:Creating package script '/home/bartosz-babi-ski/Hexapod_git4/Hexapod/simulation/ros2_ws_hex/install/om_joint_trajectory_command_broadcaster/share/om_joint_trajectory_command_broadcaster/package.sh'
[0.373s] INFO:colcon.colcon_core.shell:Creating package script '/home/bartosz-babi-ski/Hexapod_git4/Hexapod/simulation/ros2_ws_hex/install/om_joint_trajectory_command_broadcaster/share/om_joint_trajectory_command_broadcaster/package.bash'
[0.373s] INFO:colcon.colcon_core.shell:Creating package script '/home/bartosz-babi-ski/Hexapod_git4/Hexapod/simulation/ros2_ws_hex/install/om_joint_trajectory_command_broadcaster/share/om_joint_trajectory_command_broadcaster/package.zsh'
[0.373s] Level 1:colcon.colcon_core.environment:create_file_with_runtime_dependencies(/home/bartosz-babi-ski/Hexapod_git4/Hexapod/simulation/ros2_ws_hex/install/om_joint_trajectory_command_broadcaster/share/colcon-core/packages/om_joint_trajectory_command_broadcaster)
[0.373s] Level 1:colcon.colcon_core.environment:create_environment_scripts_only(om_spring_actuator_controller)
[0.373s] Level 1:colcon.colcon_core.environment:checking '/home/bartosz-babi-ski/Hexapod_git4/Hexapod/simulation/ros2_ws_hex/install/om_spring_actuator_controller' for CMake module files
[0.374s] Level 1:colcon.colcon_core.environment:checking '/home/bartosz-babi-ski/Hexapod_git4/Hexapod/simulation/ros2_ws_hex/install/om_spring_actuator_controller' for CMake config files
[0.374s] DEBUG:colcon.colcon_core.event_handler.log_command:Invoked command in '/home/bartosz-babi-ski/Hexapod_git4/Hexapod/simulation/ros2_ws_hex/build/om_spring_actuator_controller' returned '0': CMAKE_PREFIX_PATH=${CMAKE_PREFIX_PATH}:/opt/ros/jazzy DEBUGINFOD_URLS=https://debuginfod.ubuntu.com /usr/bin/cmake --install /home/bartosz-babi-ski/Hexapod_git4/Hexapod/simulation/ros2_ws_hex/build/om_spring_actuator_controller
[0.375s] Level 1:colcon.colcon_core.shell:create_environment_hook('om_spring_actuator_controller', 'cmake_prefix_path')
[0.375s] INFO:colcon.colcon_core.shell:Creating environment hook '/home/bartosz-babi-ski/Hexapod_git4/Hexapod/simulation/ros2_ws_hex/install/om_spring_actuator_controller/share/om_spring_actuator_controller/hook/cmake_prefix_path.ps1'
[0.375s] INFO:colcon.colcon_core.shell:Creating environment descriptor '/home/bartosz-babi-ski/Hexapod_git4/Hexapod/simulation/ros2_ws_hex/install/om_spring_actuator_controller/share/om_spring_actuator_controller/hook/cmake_prefix_path.dsv'
[0.375s] INFO:colcon.colcon_core.shell:Creating environment hook '/home/bartosz-babi-ski/Hexapod_git4/Hexapod/simulation/ros2_ws_hex/install/om_spring_actuator_controller/share/om_spring_actuator_controller/hook/cmake_prefix_path.sh'
[0.376s] Level 1:colcon.colcon_core.environment:checking '/home/bartosz-babi-ski/Hexapod_git4/Hexapod/simulation/ros2_ws_hex/install/om_spring_actuator_controller/lib'
[0.376s] Level 1:colcon.colcon_core.shell:create_environment_hook('om_spring_actuator_controller', 'ld_library_path_lib')
[0.376s] INFO:colcon.colcon_core.shell:Creating environment hook '/home/bartosz-babi-ski/Hexapod_git4/Hexapod/simulation/ros2_ws_hex/install/om_spring_actuator_controller/share/om_spring_actuator_controller/hook/ld_library_path_lib.ps1'
[0.376s] INFO:colcon.colcon_core.shell:Creating environment descriptor '/home/bartosz-babi-ski/Hexapod_git4/Hexapod/simulation/ros2_ws_hex/install/om_spring_actuator_controller/share/om_spring_actuator_controller/hook/ld_library_path_lib.dsv'
[0.376s] INFO:colcon.colcon_core.shell:Creating environment hook '/home/bartosz-babi-ski/Hexapod_git4/Hexapod/simulation/ros2_ws_hex/install/om_spring_actuator_controller/share/om_spring_actuator_controller/hook/ld_library_path_lib.sh'
[0.376s] Level 1:colcon.colcon_core.environment:checking '/home/bartosz-babi-ski/Hexapod_git4/Hexapod/simulation/ros2_ws_hex/install/om_spring_actuator_controller/bin'
[0.376s] Level 1:colcon.colcon_core.environment:checking '/home/bartosz-babi-ski/Hexapod_git4/Hexapod/simulation/ros2_ws_hex/install/om_spring_actuator_controller/lib/pkgconfig/om_spring_actuator_controller.pc'
[0.377s] Level 1:colcon.colcon_core.environment:checking '/home/bartosz-babi-ski/Hexapod_git4/Hexapod/simulation/ros2_ws_hex/install/om_spring_actuator_controller/lib/python3.12/site-packages'
[0.377s] Level 1:colcon.colcon_core.environment:checking '/home/bartosz-babi-ski/Hexapod_git4/Hexapod/simulation/ros2_ws_hex/install/om_spring_actuator_controller/bin'
[0.377s] INFO:colcon.colcon_core.shell:Creating package script '/home/bartosz-babi-ski/Hexapod_git4/Hexapod/simulation/ros2_ws_hex/install/om_spring_actuator_controller/share/om_spring_actuator_controller/package.ps1'
[0.377s] INFO:colcon.colcon_core.shell:Creating package descriptor '/home/bartosz-babi-ski/Hexapod_git4/Hexapod/simulation/ros2_ws_hex/install/om_spring_actuator_controller/share/om_spring_actuator_controller/package.dsv'
[0.377s] INFO:colcon.colcon_core.shell:Creating package script '/home/bartosz-babi-ski/Hexapod_git4/Hexapod/simulation/ros2_ws_hex/install/om_spring_actuator_controller/share/om_spring_actuator_controller/package.sh'
[0.378s] INFO:colcon.colcon_core.shell:Creating package script '/home/bartosz-babi-ski/Hexapod_git4/Hexapod/simulation/ros2_ws_hex/install/om_spring_actuator_controller/share/om_spring_actuator_controller/package.bash'
[0.378s] INFO:colcon.colcon_core.shell:Creating package script '/home/bartosz-babi-ski/Hexapod_git4/Hexapod/simulation/ros2_ws_hex/install/om_spring_actuator_controller/share/om_spring_actuator_controller/package.zsh'
[0.378s] Level 1:colcon.colcon_core.environment:create_file_with_runtime_dependencies(/home/bartosz-babi-ski/Hexapod_git4/Hexapod/simulation/ros2_ws_hex/install/om_spring_actuator_controller/share/colcon-core/packages/om_spring_actuator_controller)
[0.378s] Level 1:colcon.colcon_core.environment:create_environment_scripts_only(om_spring_actuator_controller)
[0.378s] Level 1:colcon.colcon_core.environment:checking '/home/bartosz-babi-ski/Hexapod_git4/Hexapod/simulation/ros2_ws_hex/install/om_spring_actuator_controller' for CMake module files
[0.379s] Level 1:colcon.colcon_core.environment:checking '/home/bartosz-babi-ski/Hexapod_git4/Hexapod/simulation/ros2_ws_hex/install/om_spring_actuator_controller' for CMake config files
[0.379s] Level 1:colcon.colcon_core.shell:create_environment_hook('om_spring_actuator_controller', 'cmake_prefix_path')
[0.379s] INFO:colcon.colcon_core.shell:Creating environment hook '/home/bartosz-babi-ski/Hexapod_git4/Hexapod/simulation/ros2_ws_hex/install/om_spring_actuator_controller/share/om_spring_actuator_controller/hook/cmake_prefix_path.ps1'
[0.379s] INFO:colcon.colcon_core.shell:Creating environment descriptor '/home/bartosz-babi-ski/Hexapod_git4/Hexapod/simulation/ros2_ws_hex/install/om_spring_actuator_controller/share/om_spring_actuator_controller/hook/cmake_prefix_path.dsv'
[0.379s] INFO:colcon.colcon_core.shell:Creating environment hook '/home/bartosz-babi-ski/Hexapod_git4/Hexapod/simulation/ros2_ws_hex/install/om_spring_actuator_controller/share/om_spring_actuator_controller/hook/cmake_prefix_path.sh'
[0.380s] Level 1:colcon.colcon_core.environment:checking '/home/bartosz-babi-ski/Hexapod_git4/Hexapod/simulation/ros2_ws_hex/install/om_spring_actuator_controller/lib'
[0.380s] Level 1:colcon.colcon_core.shell:create_environment_hook('om_spring_actuator_controller', 'ld_library_path_lib')
[0.380s] INFO:colcon.colcon_core.shell:Creating environment hook '/home/bartosz-babi-ski/Hexapod_git4/Hexapod/simulation/ros2_ws_hex/install/om_spring_actuator_controller/share/om_spring_actuator_controller/hook/ld_library_path_lib.ps1'
[0.380s] INFO:colcon.colcon_core.shell:Creating environment descriptor '/home/bartosz-babi-ski/Hexapod_git4/Hexapod/simulation/ros2_ws_hex/install/om_spring_actuator_controller/share/om_spring_actuator_controller/hook/ld_library_path_lib.dsv'
[0.380s] INFO:colcon.colcon_core.shell:Creating environment hook '/home/bartosz-babi-ski/Hexapod_git4/Hexapod/simulation/ros2_ws_hex/install/om_spring_actuator_controller/share/om_spring_actuator_controller/hook/ld_library_path_lib.sh'
[0.380s] Level 1:colcon.colcon_core.environment:checking '/home/bartosz-babi-ski/Hexapod_git4/Hexapod/simulation/ros2_ws_hex/install/om_spring_actuator_controller/bin'
[0.381s] Level 1:colcon.colcon_core.environment:checking '/home/bartosz-babi-ski/Hexapod_git4/Hexapod/simulation/ros2_ws_hex/install/om_spring_actuator_controller/lib/pkgconfig/om_spring_actuator_controller.pc'
[0.381s] Level 1:colcon.colcon_core.environment:checking '/home/bartosz-babi-ski/Hexapod_git4/Hexapod/simulation/ros2_ws_hex/install/om_spring_actuator_controller/lib/python3.12/site-packages'
[0.381s] Level 1:colcon.colcon_core.environment:checking '/home/bartosz-babi-ski/Hexapod_git4/Hexapod/simulation/ros2_ws_hex/install/om_spring_actuator_controller/bin'
[0.381s] INFO:colcon.colcon_core.shell:Creating package script '/home/bartosz-babi-ski/Hexapod_git4/Hexapod/simulation/ros2_ws_hex/install/om_spring_actuator_controller/share/om_spring_actuator_controller/package.ps1'
[0.381s] INFO:colcon.colcon_core.shell:Creating package descriptor '/home/bartosz-babi-ski/Hexapod_git4/Hexapod/simulation/ros2_ws_hex/install/om_spring_actuator_controller/share/om_spring_actuator_controller/package.dsv'
[0.382s] INFO:colcon.colcon_core.shell:Creating package script '/home/bartosz-babi-ski/Hexapod_git4/Hexapod/simulation/ros2_ws_hex/install/om_spring_actuator_controller/share/om_spring_actuator_controller/package.sh'
[0.382s] INFO:colcon.colcon_core.shell:Creating package script '/home/bartosz-babi-ski/Hexapod_git4/Hexapod/simulation/ros2_ws_hex/install/om_spring_actuator_controller/share/om_spring_actuator_controller/package.bash'
[0.382s] INFO:colcon.colcon_core.shell:Creating package script '/home/bartosz-babi-ski/Hexapod_git4/Hexapod/simulation/ros2_ws_hex/install/om_spring_actuator_controller/share/om_spring_actuator_controller/package.zsh'
[0.382s] Level 1:colcon.colcon_core.environment:create_file_with_runtime_dependencies(/home/bartosz-babi-ski/Hexapod_git4/Hexapod/simulation/ros2_ws_hex/install/om_spring_actuator_controller/share/colcon-core/packages/om_spring_actuator_controller)
[0.383s] DEBUG:colcon.colcon_core.event_handler.log_command:Invoked command in '/home/bartosz-babi-ski/Hexapod_git4/Hexapod/simulation/ros2_ws_hex/build/hex_gz' returned '0': CMAKE_PREFIX_PATH=/home/bartosz-babi-ski/Hexapod_git4/Hexapod/simulation/ros2_ws_hex/install/hexapod_description:/home/bartosz-babi-ski/Hexapod_git4/Hexapod/simulation/ros2_ws_hex/install/hexapod:/home/bartosz-babi-ski/Hexapod_git4/Hexapod/simulation/ros2_ws_hex/install/om_spring_actuator_controller:/home/bartosz-babi-ski/Hexapod_git4/Hexapod/simulation/ros2_ws_hex/install/om_joint_trajectory_command_broadcaster:/home/bartosz-babi-ski/Hexapod_git4/Hexapod/simulation/ros2_ws_hex/install/om_gravity_compensation_controller:/home/bartosz-babi-ski/Hexapod_git4/Hexapod/simulation/ros2_ws_hex/install/hex_gz:/opt/ros/jazzy/opt/gz_launch_vendor:/opt/ros/jazzy/opt/gz_sim_vendor:/opt/ros/jazzy/opt/gz_sensors_vendor:/opt/ros/jazzy/opt/gz_physics_vendor:/opt/ros/jazzy/opt/sdformat_vendor:/opt/ros/jazzy/opt/gz_gui_vendor:/opt/ros/jazzy/opt/gz_transport_vendor:/opt/ros/jazzy/opt/gz_rendering_vendor:/opt/ros/jazzy/opt/gz_plugin_vendor:/opt/ros/jazzy/opt/gz_fuel_tools_vendor:/opt/ros/jazzy/opt/gz_msgs_vendor:/opt/ros/jazzy/opt/gz_common_vendor:/opt/ros/jazzy/opt/gz_math_vendor:/opt/ros/jazzy/opt/gz_utils_vendor:/opt/ros/jazzy/opt/gz_tools_vendor:/opt/ros/jazzy/opt/gz_ogre_next_vendor:/opt/ros/jazzy/opt/gz_dartsim_vendor:/opt/ros/jazzy/opt/gz_cmake_vendor:/opt/ros/jazzy DEBUGINFOD_URLS=https://debuginfod.ubuntu.com /usr/bin/cmake --build /home/bartosz-babi-ski/Hexapod_git4/Hexapod/simulation/ros2_ws_hex/build/hex_gz -- -j12 -l12
[0.384s] DEBUG:colcon.colcon_core.event_handler.log_command:Invoking command in '/home/bartosz-babi-ski/Hexapod_git4/Hexapod/simulation/ros2_ws_hex/build/hex_gz': CMAKE_PREFIX_PATH=/home/bartosz-babi-ski/Hexapod_git4/Hexapod/simulation/ros2_ws_hex/install/hexapod_description:/home/bartosz-babi-ski/Hexapod_git4/Hexapod/simulation/ros2_ws_hex/install/hexapod:/home/bartosz-babi-ski/Hexapod_git4/Hexapod/simulation/ros2_ws_hex/install/om_spring_actuator_controller:/home/bartosz-babi-ski/Hexapod_git4/Hexapod/simulation/ros2_ws_hex/install/om_joint_trajectory_command_broadcaster:/home/bartosz-babi-ski/Hexapod_git4/Hexapod/simulation/ros2_ws_hex/install/om_gravity_compensation_controller:/home/bartosz-babi-ski/Hexapod_git4/Hexapod/simulation/ros2_ws_hex/install/hex_gz:/opt/ros/jazzy/opt/gz_launch_vendor:/opt/ros/jazzy/opt/gz_sim_vendor:/opt/ros/jazzy/opt/gz_sensors_vendor:/opt/ros/jazzy/opt/gz_physics_vendor:/opt/ros/jazzy/opt/sdformat_vendor:/opt/ros/jazzy/opt/gz_gui_vendor:/opt/ros/jazzy/opt/gz_transport_vendor:/opt/ros/jazzy/opt/gz_rendering_vendor:/opt/ros/jazzy/opt/gz_plugin_vendor:/opt/ros/jazzy/opt/gz_fuel_tools_vendor:/opt/ros/jazzy/opt/gz_msgs_vendor:/opt/ros/jazzy/opt/gz_common_vendor:/opt/ros/jazzy/opt/gz_math_vendor:/opt/ros/jazzy/opt/gz_utils_vendor:/opt/ros/jazzy/opt/gz_tools_vendor:/opt/ros/jazzy/opt/gz_ogre_next_vendor:/opt/ros/jazzy/opt/gz_dartsim_vendor:/opt/ros/jazzy/opt/gz_cmake_vendor:/opt/ros/jazzy DEBUGINFOD_URLS=https://debuginfod.ubuntu.com /usr/bin/cmake --install /home/bartosz-babi-ski/Hexapod_git4/Hexapod/simulation/ros2_ws_hex/build/hex_gz
[0.394s] Level 1:colcon.colcon_core.environment:create_environment_scripts_only(hex_gz)
[0.394s] DEBUG:colcon.colcon_core.event_handler.log_command:Invoked command in '/home/bartosz-babi-ski/Hexapod_git4/Hexapod/simulation/ros2_ws_hex/build/hex_gz' returned '0': CMAKE_PREFIX_PATH=/home/bartosz-babi-ski/Hexapod_git4/Hexapod/simulation/ros2_ws_hex/install/hexapod_description:/home/bartosz-babi-ski/Hexapod_git4/Hexapod/simulation/ros2_ws_hex/install/hexapod:/home/bartosz-babi-ski/Hexapod_git4/Hexapod/simulation/ros2_ws_hex/install/om_spring_actuator_controller:/home/bartosz-babi-ski/Hexapod_git4/Hexapod/simulation/ros2_ws_hex/install/om_joint_trajectory_command_broadcaster:/home/bartosz-babi-ski/Hexapod_git4/Hexapod/simulation/ros2_ws_hex/install/om_gravity_compensation_controller:/home/bartosz-babi-ski/Hexapod_git4/Hexapod/simulation/ros2_ws_hex/install/hex_gz:/opt/ros/jazzy/opt/gz_launch_vendor:/opt/ros/jazzy/opt/gz_sim_vendor:/opt/ros/jazzy/opt/gz_sensors_vendor:/opt/ros/jazzy/opt/gz_physics_vendor:/opt/ros/jazzy/opt/sdformat_vendor:/opt/ros/jazzy/opt/gz_gui_vendor:/opt/ros/jazzy/opt/gz_transport_vendor:/opt/ros/jazzy/opt/gz_rendering_vendor:/opt/ros/jazzy/opt/gz_plugin_vendor:/opt/ros/jazzy/opt/gz_fuel_tools_vendor:/opt/ros/jazzy/opt/gz_msgs_vendor:/opt/ros/jazzy/opt/gz_common_vendor:/opt/ros/jazzy/opt/gz_math_vendor:/opt/ros/jazzy/opt/gz_utils_vendor:/opt/ros/jazzy/opt/gz_tools_vendor:/opt/ros/jazzy/opt/gz_ogre_next_vendor:/opt/ros/jazzy/opt/gz_dartsim_vendor:/opt/ros/jazzy/opt/gz_cmake_vendor:/opt/ros/jazzy DEBUGINFOD_URLS=https://debuginfod.ubuntu.com /usr/bin/cmake --install /home/bartosz-babi-ski/Hexapod_git4/Hexapod/simulation/ros2_ws_hex/build/hex_gz
[0.395s] Level 1:colcon.colcon_core.environment:checking '/home/bartosz-babi-ski/Hexapod_git4/Hexapod/simulation/ros2_ws_hex/install/hex_gz' for CMake module files
[0.395s] Level 1:colcon.colcon_core.environment:checking '/home/bartosz-babi-ski/Hexapod_git4/Hexapod/simulation/ros2_ws_hex/install/hex_gz' for CMake config files
[0.395s] Level 1:colcon.colcon_core.shell:create_environment_hook('hex_gz', 'cmake_prefix_path')
[0.395s] INFO:colcon.colcon_core.shell:Creating environment hook '/home/bartosz-babi-ski/Hexapod_git4/Hexapod/simulation/ros2_ws_hex/install/hex_gz/share/hex_gz/hook/cmake_prefix_path.ps1'
[0.396s] INFO:colcon.colcon_core.shell:Creating environment descriptor '/home/bartosz-babi-ski/Hexapod_git4/Hexapod/simulation/ros2_ws_hex/install/hex_gz/share/hex_gz/hook/cmake_prefix_path.dsv'
[0.396s] INFO:colcon.colcon_core.shell:Creating environment hook '/home/bartosz-babi-ski/Hexapod_git4/Hexapod/simulation/ros2_ws_hex/install/hex_gz/share/hex_gz/hook/cmake_prefix_path.sh'
[0.396s] Level 1:colcon.colcon_core.environment:checking '/home/bartosz-babi-ski/Hexapod_git4/Hexapod/simulation/ros2_ws_hex/install/hex_gz/lib'
[0.396s] Level 1:colcon.colcon_core.environment:checking '/home/bartosz-babi-ski/Hexapod_git4/Hexapod/simulation/ros2_ws_hex/install/hex_gz/bin'
[0.396s] Level 1:colcon.colcon_core.environment:checking '/home/bartosz-babi-ski/Hexapod_git4/Hexapod/simulation/ros2_ws_hex/install/hex_gz/lib/pkgconfig/hex_gz.pc'
[0.397s] Level 1:colcon.colcon_core.environment:checking '/home/bartosz-babi-ski/Hexapod_git4/Hexapod/simulation/ros2_ws_hex/install/hex_gz/lib/python3.12/site-packages'
[0.397s] Level 1:colcon.colcon_core.environment:checking '/home/bartosz-babi-ski/Hexapod_git4/Hexapod/simulation/ros2_ws_hex/install/hex_gz/bin'
[0.397s] INFO:colcon.colcon_core.shell:Creating package script '/home/bartosz-babi-ski/Hexapod_git4/Hexapod/simulation/ros2_ws_hex/install/hex_gz/share/hex_gz/package.ps1'
[0.397s] INFO:colcon.colcon_core.shell:Creating package descriptor '/home/bartosz-babi-ski/Hexapod_git4/Hexapod/simulation/ros2_ws_hex/install/hex_gz/share/hex_gz/package.dsv'
[0.397s] INFO:colcon.colcon_core.shell:Creating package script '/home/bartosz-babi-ski/Hexapod_git4/Hexapod/simulation/ros2_ws_hex/install/hex_gz/share/hex_gz/package.sh'
[0.398s] INFO:colcon.colcon_core.shell:Creating package script '/home/bartosz-babi-ski/Hexapod_git4/Hexapod/simulation/ros2_ws_hex/install/hex_gz/share/hex_gz/package.bash'
[0.398s] INFO:colcon.colcon_core.shell:Creating package script '/home/bartosz-babi-ski/Hexapod_git4/Hexapod/simulation/ros2_ws_hex/install/hex_gz/share/hex_gz/package.zsh'
[0.398s] Level 1:colcon.colcon_core.environment:create_file_with_runtime_dependencies(/home/bartosz-babi-ski/Hexapod_git4/Hexapod/simulation/ros2_ws_hex/install/hex_gz/share/colcon-core/packages/hex_gz)
[0.398s] Level 1:colcon.colcon_core.environment:create_environment_scripts_only(hex_gz)
[0.398s] Level 1:colcon.colcon_core.environment:checking '/home/bartosz-babi-ski/Hexapod_git4/Hexapod/simulation/ros2_ws_hex/install/hex_gz' for CMake module files
[0.399s] Level 1:colcon.colcon_core.environment:checking '/home/bartosz-babi-ski/Hexapod_git4/Hexapod/simulation/ros2_ws_hex/install/hex_gz' for CMake config files
[0.399s] Level 1:colcon.colcon_core.shell:create_environment_hook('hex_gz', 'cmake_prefix_path')
[0.399s] INFO:colcon.colcon_core.shell:Creating environment hook '/home/bartosz-babi-ski/Hexapod_git4/Hexapod/simulation/ros2_ws_hex/install/hex_gz/share/hex_gz/hook/cmake_prefix_path.ps1'
[0.399s] INFO:colcon.colcon_core.shell:Creating environment descriptor '/home/bartosz-babi-ski/Hexapod_git4/Hexapod/simulation/ros2_ws_hex/install/hex_gz/share/hex_gz/hook/cmake_prefix_path.dsv'
[0.399s] INFO:colcon.colcon_core.shell:Creating environment hook '/home/bartosz-babi-ski/Hexapod_git4/Hexapod/simulation/ros2_ws_hex/install/hex_gz/share/hex_gz/hook/cmake_prefix_path.sh'
[0.400s] Level 1:colcon.colcon_core.environment:checking '/home/bartosz-babi-ski/Hexapod_git4/Hexapod/simulation/ros2_ws_hex/install/hex_gz/lib'
[0.400s] Level 1:colcon.colcon_core.environment:checking '/home/bartosz-babi-ski/Hexapod_git4/Hexapod/simulation/ros2_ws_hex/install/hex_gz/bin'
[0.400s] Level 1:colcon.colcon_core.environment:checking '/home/bartosz-babi-ski/Hexapod_git4/Hexapod/simulation/ros2_ws_hex/install/hex_gz/lib/pkgconfig/hex_gz.pc'
[0.400s] Level 1:colcon.colcon_core.environment:checking '/home/bartosz-babi-ski/Hexapod_git4/Hexapod/simulation/ros2_ws_hex/install/hex_gz/lib/python3.12/site-packages'
[0.400s] Level 1:colcon.colcon_core.environment:checking '/home/bartosz-babi-ski/Hexapod_git4/Hexapod/simulation/ros2_ws_hex/install/hex_gz/bin'
[0.400s] INFO:colcon.colcon_core.shell:Creating package script '/home/bartosz-babi-ski/Hexapod_git4/Hexapod/simulation/ros2_ws_hex/install/hex_gz/share/hex_gz/package.ps1'
[0.401s] INFO:colcon.colcon_core.shell:Creating package descriptor '/home/bartosz-babi-ski/Hexapod_git4/Hexapod/simulation/ros2_ws_hex/install/hex_gz/share/hex_gz/package.dsv'
[0.401s] INFO:colcon.colcon_core.shell:Creating package script '/home/bartosz-babi-ski/Hexapod_git4/Hexapod/simulation/ros2_ws_hex/install/hex_gz/share/hex_gz/package.sh'
[0.401s] INFO:colcon.colcon_core.shell:Creating package script '/home/bartosz-babi-ski/Hexapod_git4/Hexapod/simulation/ros2_ws_hex/install/hex_gz/share/hex_gz/package.bash'
[0.401s] INFO:colcon.colcon_core.shell:Creating package script '/home/bartosz-babi-ski/Hexapod_git4/Hexapod/simulation/ros2_ws_hex/install/hex_gz/share/hex_gz/package.zsh'
[0.402s] Level 1:colcon.colcon_core.environment:create_file_with_runtime_dependencies(/home/bartosz-babi-ski/Hexapod_git4/Hexapod/simulation/ros2_ws_hex/install/hex_gz/share/colcon-core/packages/hex_gz)
[0.402s] INFO:colcon.colcon_ros.task.ament_cmake.build:Building ROS package in '/home/bartosz-babi-ski/Hexapod_git4/Hexapod/simulation/ros2_ws_hex/src/hexapod' with build type 'ament_cmake'
[0.402s] INFO:colcon.colcon_cmake.task.cmake.build:Building CMake package in '/home/bartosz-babi-ski/Hexapod_git4/Hexapod/simulation/ros2_ws_hex/src/hexapod'
[0.402s] INFO:colcon.colcon_core.shell:Skip shell extension 'powershell' for command environment: Not usable outside of PowerShell
[0.402s] DEBUG:colcon.colcon_core.shell:Skip shell extension 'dsv' for command environment
[0.416s] DEBUG:colcon.colcon_core.event_handler.log_command:Invoking command in '/home/bartosz-babi-ski/Hexapod_git4/Hexapod/simulation/ros2_ws_hex/build/hexapod': CMAKE_PREFIX_PATH=/home/bartosz-babi-ski/Hexapod_git4/Hexapod/simulation/ros2_ws_hex/install/hex_gz:/home/bartosz-babi-ski/Hexapod_git4/Hexapod/simulation/ros2_ws_hex/install/om_spring_actuator_controller:/home/bartosz-babi-ski/Hexapod_git4/Hexapod/simulation/ros2_ws_hex/install/om_joint_trajectory_command_broadcaster:/home/bartosz-babi-ski/Hexapod_git4/Hexapod/simulation/ros2_ws_hex/install/om_gravity_compensation_controller:/home/bartosz-babi-ski/Hexapod_git4/Hexapod/simulation/ros2_ws_hex/install/hexapod_description:/home/bartosz-babi-ski/Hexapod_git4/Hexapod/simulation/ros2_ws_hex/install/hexapod:/opt/ros/jazzy/opt/gz_launch_vendor:/opt/ros/jazzy/opt/gz_sim_vendor:/opt/ros/jazzy/opt/gz_sensors_vendor:/opt/ros/jazzy/opt/gz_physics_vendor:/opt/ros/jazzy/opt/sdformat_vendor:/opt/ros/jazzy/opt/gz_gui_vendor:/opt/ros/jazzy/opt/gz_transport_vendor:/opt/ros/jazzy/opt/gz_rendering_vendor:/opt/ros/jazzy/opt/gz_plugin_vendor:/opt/ros/jazzy/opt/gz_fuel_tools_vendor:/opt/ros/jazzy/opt/gz_msgs_vendor:/opt/ros/jazzy/opt/gz_common_vendor:/opt/ros/jazzy/opt/gz_math_vendor:/opt/ros/jazzy/opt/gz_utils_vendor:/opt/ros/jazzy/opt/gz_tools_vendor:/opt/ros/jazzy/opt/gz_ogre_next_vendor:/opt/ros/jazzy/opt/gz_dartsim_vendor:/opt/ros/jazzy/opt/gz_cmake_vendor:/opt/ros/jazzy DEBUGINFOD_URLS=https://debuginfod.ubuntu.com /usr/bin/cmake --build /home/bartosz-babi-ski/Hexapod_git4/Hexapod/simulation/ros2_ws_hex/build/hexapod -- -j12 -l12
[0.445s] DEBUG:colcon.colcon_core.event_handler.log_command:Invoked command in '/home/bartosz-babi-ski/Hexapod_git4/Hexapod/simulation/ros2_ws_hex/build/hexapod' returned '0': CMAKE_PREFIX_PATH=/home/bartosz-babi-ski/Hexapod_git4/Hexapod/simulation/ros2_ws_hex/install/hex_gz:/home/bartosz-babi-ski/Hexapod_git4/Hexapod/simulation/ros2_ws_hex/install/om_spring_actuator_controller:/home/bartosz-babi-ski/Hexapod_git4/Hexapod/simulation/ros2_ws_hex/install/om_joint_trajectory_command_broadcaster:/home/bartosz-babi-ski/Hexapod_git4/Hexapod/simulation/ros2_ws_hex/install/om_gravity_compensation_controller:/home/bartosz-babi-ski/Hexapod_git4/Hexapod/simulation/ros2_ws_hex/install/hexapod_description:/home/bartosz-babi-ski/Hexapod_git4/Hexapod/simulation/ros2_ws_hex/install/hexapod:/opt/ros/jazzy/opt/gz_launch_vendor:/opt/ros/jazzy/opt/gz_sim_vendor:/opt/ros/jazzy/opt/gz_sensors_vendor:/opt/ros/jazzy/opt/gz_physics_vendor:/opt/ros/jazzy/opt/sdformat_vendor:/opt/ros/jazzy/opt/gz_gui_vendor:/opt/ros/jazzy/opt/gz_transport_vendor:/opt/ros/jazzy/opt/gz_rendering_vendor:/opt/ros/jazzy/opt/gz_plugin_vendor:/opt/ros/jazzy/opt/gz_fuel_tools_vendor:/opt/ros/jazzy/opt/gz_msgs_vendor:/opt/ros/jazzy/opt/gz_common_vendor:/opt/ros/jazzy/opt/gz_math_vendor:/opt/ros/jazzy/opt/gz_utils_vendor:/opt/ros/jazzy/opt/gz_tools_vendor:/opt/ros/jazzy/opt/gz_ogre_next_vendor:/opt/ros/jazzy/opt/gz_dartsim_vendor:/opt/ros/jazzy/opt/gz_cmake_vendor:/opt/ros/jazzy DEBUGINFOD_URLS=https://debuginfod.ubuntu.com /usr/bin/cmake --build /home/bartosz-babi-ski/Hexapod_git4/Hexapod/simulation/ros2_ws_hex/build/hexapod -- -j12 -l12
[0.446s] DEBUG:colcon.colcon_core.event_handler.log_command:Invoking command in '/home/bartosz-babi-ski/Hexapod_git4/Hexapod/simulation/ros2_ws_hex/build/hexapod': CMAKE_PREFIX_PATH=/home/bartosz-babi-ski/Hexapod_git4/Hexapod/simulation/ros2_ws_hex/install/hex_gz:/home/bartosz-babi-ski/Hexapod_git4/Hexapod/simulation/ros2_ws_hex/install/om_spring_actuator_controller:/home/bartosz-babi-ski/Hexapod_git4/Hexapod/simulation/ros2_ws_hex/install/om_joint_trajectory_command_broadcaster:/home/bartosz-babi-ski/Hexapod_git4/Hexapod/simulation/ros2_ws_hex/install/om_gravity_compensation_controller:/home/bartosz-babi-ski/Hexapod_git4/Hexapod/simulation/ros2_ws_hex/install/hexapod_description:/home/bartosz-babi-ski/Hexapod_git4/Hexapod/simulation/ros2_ws_hex/install/hexapod:/opt/ros/jazzy/opt/gz_launch_vendor:/opt/ros/jazzy/opt/gz_sim_vendor:/opt/ros/jazzy/opt/gz_sensors_vendor:/opt/ros/jazzy/opt/gz_physics_vendor:/opt/ros/jazzy/opt/sdformat_vendor:/opt/ros/jazzy/opt/gz_gui_vendor:/opt/ros/jazzy/opt/gz_transport_vendor:/opt/ros/jazzy/opt/gz_rendering_vendor:/opt/ros/jazzy/opt/gz_plugin_vendor:/opt/ros/jazzy/opt/gz_fuel_tools_vendor:/opt/ros/jazzy/opt/gz_msgs_vendor:/opt/ros/jazzy/opt/gz_common_vendor:/opt/ros/jazzy/opt/gz_math_vendor:/opt/ros/jazzy/opt/gz_utils_vendor:/opt/ros/jazzy/opt/gz_tools_vendor:/opt/ros/jazzy/opt/gz_ogre_next_vendor:/opt/ros/jazzy/opt/gz_dartsim_vendor:/opt/ros/jazzy/opt/gz_cmake_vendor:/opt/ros/jazzy DEBUGINFOD_URLS=https://debuginfod.ubuntu.com /usr/bin/cmake --install /home/bartosz-babi-ski/Hexapod_git4/Hexapod/simulation/ros2_ws_hex/build/hexapod
[0.453s] Level 1:colcon.colcon_core.environment:create_environment_scripts_only(hexapod)
[0.454s] Level 1:colcon.colcon_core.environment:checking '/home/bartosz-babi-ski/Hexapod_git4/Hexapod/simulation/ros2_ws_hex/install/hexapod' for CMake module files
[0.454s] DEBUG:colcon.colcon_core.event_handler.log_command:Invoked command in '/home/bartosz-babi-ski/Hexapod_git4/Hexapod/simulation/ros2_ws_hex/build/hexapod' returned '0': CMAKE_PREFIX_PATH=/home/bartosz-babi-ski/Hexapod_git4/Hexapod/simulation/ros2_ws_hex/install/hex_gz:/home/bartosz-babi-ski/Hexapod_git4/Hexapod/simulation/ros2_ws_hex/install/om_spring_actuator_controller:/home/bartosz-babi-ski/Hexapod_git4/Hexapod/simulation/ros2_ws_hex/install/om_joint_trajectory_command_broadcaster:/home/bartosz-babi-ski/Hexapod_git4/Hexapod/simulation/ros2_ws_hex/install/om_gravity_compensation_controller:/home/bartosz-babi-ski/Hexapod_git4/Hexapod/simulation/ros2_ws_hex/install/hexapod_description:/home/bartosz-babi-ski/Hexapod_git4/Hexapod/simulation/ros2_ws_hex/install/hexapod:/opt/ros/jazzy/opt/gz_launch_vendor:/opt/ros/jazzy/opt/gz_sim_vendor:/opt/ros/jazzy/opt/gz_sensors_vendor:/opt/ros/jazzy/opt/gz_physics_vendor:/opt/ros/jazzy/opt/sdformat_vendor:/opt/ros/jazzy/opt/gz_gui_vendor:/opt/ros/jazzy/opt/gz_transport_vendor:/opt/ros/jazzy/opt/gz_rendering_vendor:/opt/ros/jazzy/opt/gz_plugin_vendor:/opt/ros/jazzy/opt/gz_fuel_tools_vendor:/opt/ros/jazzy/opt/gz_msgs_vendor:/opt/ros/jazzy/opt/gz_common_vendor:/opt/ros/jazzy/opt/gz_math_vendor:/opt/ros/jazzy/opt/gz_utils_vendor:/opt/ros/jazzy/opt/gz_tools_vendor:/opt/ros/jazzy/opt/gz_ogre_next_vendor:/opt/ros/jazzy/opt/gz_dartsim_vendor:/opt/ros/jazzy/opt/gz_cmake_vendor:/opt/ros/jazzy DEBUGINFOD_URLS=https://debuginfod.ubuntu.com /usr/bin/cmake --install /home/bartosz-babi-ski/Hexapod_git4/Hexapod/simulation/ros2_ws_hex/build/hexapod
[0.454s] Level 1:colcon.colcon_core.environment:checking '/home/bartosz-babi-ski/Hexapod_git4/Hexapod/simulation/ros2_ws_hex/install/hexapod' for CMake config files
[0.454s] Level 1:colcon.colcon_core.shell:create_environment_hook('hexapod', 'cmake_prefix_path')
[0.454s] INFO:colcon.colcon_core.shell:Creating environment hook '/home/bartosz-babi-ski/Hexapod_git4/Hexapod/simulation/ros2_ws_hex/install/hexapod/share/hexapod/hook/cmake_prefix_path.ps1'
[0.455s] INFO:colcon.colcon_core.shell:Creating environment descriptor '/home/bartosz-babi-ski/Hexapod_git4/Hexapod/simulation/ros2_ws_hex/install/hexapod/share/hexapod/hook/cmake_prefix_path.dsv'
[0.455s] INFO:colcon.colcon_core.shell:Creating environment hook '/home/bartosz-babi-ski/Hexapod_git4/Hexapod/simulation/ros2_ws_hex/install/hexapod/share/hexapod/hook/cmake_prefix_path.sh'
[0.455s] Level 1:colcon.colcon_core.environment:checking '/home/bartosz-babi-ski/Hexapod_git4/Hexapod/simulation/ros2_ws_hex/install/hexapod/bin'
[0.455s] Level 1:colcon.colcon_core.environment:checking '/home/bartosz-babi-ski/Hexapod_git4/Hexapod/simulation/ros2_ws_hex/install/hexapod/lib/pkgconfig/hexapod.pc'
[0.456s] Level 1:colcon.colcon_core.environment:checking '/home/bartosz-babi-ski/Hexapod_git4/Hexapod/simulation/ros2_ws_hex/install/hexapod/lib/python3.12/site-packages'
[0.456s] Level 1:colcon.colcon_core.environment:checking '/home/bartosz-babi-ski/Hexapod_git4/Hexapod/simulation/ros2_ws_hex/install/hexapod/bin'
[0.456s] INFO:colcon.colcon_core.shell:Creating package script '/home/bartosz-babi-ski/Hexapod_git4/Hexapod/simulation/ros2_ws_hex/install/hexapod/share/hexapod/package.ps1'
[0.456s] INFO:colcon.colcon_core.shell:Creating package descriptor '/home/bartosz-babi-ski/Hexapod_git4/Hexapod/simulation/ros2_ws_hex/install/hexapod/share/hexapod/package.dsv'
[0.456s] INFO:colcon.colcon_core.shell:Creating package script '/home/bartosz-babi-ski/Hexapod_git4/Hexapod/simulation/ros2_ws_hex/install/hexapod/share/hexapod/package.sh'
[0.457s] INFO:colcon.colcon_core.shell:Creating package script '/home/bartosz-babi-ski/Hexapod_git4/Hexapod/simulation/ros2_ws_hex/install/hexapod/share/hexapod/package.bash'
[0.457s] INFO:colcon.colcon_core.shell:Creating package script '/home/bartosz-babi-ski/Hexapod_git4/Hexapod/simulation/ros2_ws_hex/install/hexapod/share/hexapod/package.zsh'
[0.457s] Level 1:colcon.colcon_core.environment:create_file_with_runtime_dependencies(/home/bartosz-babi-ski/Hexapod_git4/Hexapod/simulation/ros2_ws_hex/install/hexapod/share/colcon-core/packages/hexapod)
[0.457s] Level 1:colcon.colcon_core.environment:create_environment_scripts_only(hexapod)
[0.457s] Level 1:colcon.colcon_core.environment:checking '/home/bartosz-babi-ski/Hexapod_git4/Hexapod/simulation/ros2_ws_hex/install/hexapod' for CMake module files
[0.458s] Level 1:colcon.colcon_core.environment:checking '/home/bartosz-babi-ski/Hexapod_git4/Hexapod/simulation/ros2_ws_hex/install/hexapod' for CMake config files
[0.458s] Level 1:colcon.colcon_core.shell:create_environment_hook('hexapod', 'cmake_prefix_path')
[0.458s] INFO:colcon.colcon_core.shell:Creating environment hook '/home/bartosz-babi-ski/Hexapod_git4/Hexapod/simulation/ros2_ws_hex/install/hexapod/share/hexapod/hook/cmake_prefix_path.ps1'
[0.458s] INFO:colcon.colcon_core.shell:Creating environment descriptor '/home/bartosz-babi-ski/Hexapod_git4/Hexapod/simulation/ros2_ws_hex/install/hexapod/share/hexapod/hook/cmake_prefix_path.dsv'
[0.458s] INFO:colcon.colcon_core.shell:Creating environment hook '/home/bartosz-babi-ski/Hexapod_git4/Hexapod/simulation/ros2_ws_hex/install/hexapod/share/hexapod/hook/cmake_prefix_path.sh'
[0.459s] Level 1:colcon.colcon_core.environment:checking '/home/bartosz-babi-ski/Hexapod_git4/Hexapod/simulation/ros2_ws_hex/install/hexapod/bin'
[0.459s] Level 1:colcon.colcon_core.environment:checking '/home/bartosz-babi-ski/Hexapod_git4/Hexapod/simulation/ros2_ws_hex/install/hexapod/lib/pkgconfig/hexapod.pc'
[0.459s] Level 1:colcon.colcon_core.environment:checking '/home/bartosz-babi-ski/Hexapod_git4/Hexapod/simulation/ros2_ws_hex/install/hexapod/lib/python3.12/site-packages'
[0.459s] Level 1:colcon.colcon_core.environment:checking '/home/bartosz-babi-ski/Hexapod_git4/Hexapod/simulation/ros2_ws_hex/install/hexapod/bin'
[0.459s] INFO:colcon.colcon_core.shell:Creating package script '/home/bartosz-babi-ski/Hexapod_git4/Hexapod/simulation/ros2_ws_hex/install/hexapod/share/hexapod/package.ps1'
[0.459s] INFO:colcon.colcon_core.shell:Creating package descriptor '/home/bartosz-babi-ski/Hexapod_git4/Hexapod/simulation/ros2_ws_hex/install/hexapod/share/hexapod/package.dsv'
[0.460s] INFO:colcon.colcon_core.shell:Creating package script '/home/bartosz-babi-ski/Hexapod_git4/Hexapod/simulation/ros2_ws_hex/install/hexapod/share/hexapod/package.sh'
[0.460s] INFO:colcon.colcon_core.shell:Creating package script '/home/bartosz-babi-ski/Hexapod_git4/Hexapod/simulation/ros2_ws_hex/install/hexapod/share/hexapod/package.bash'
[0.460s] INFO:colcon.colcon_core.shell:Creating package script '/home/bartosz-babi-ski/Hexapod_git4/Hexapod/simulation/ros2_ws_hex/install/hexapod/share/hexapod/package.zsh'
[0.460s] Level 1:colcon.colcon_core.environment:create_file_with_runtime_dependencies(/home/bartosz-babi-ski/Hexapod_git4/Hexapod/simulation/ros2_ws_hex/install/hexapod/share/colcon-core/packages/hexapod)
[0.460s] DEBUG:colcon.colcon_parallel_executor.executor.parallel:closing loop
[0.461s] DEBUG:colcon.colcon_parallel_executor.executor.parallel:loop closed
[0.461s] DEBUG:colcon.colcon_parallel_executor.executor.parallel:run_until_complete finished with '0'
[0.461s] DEBUG:colcon.colcon_core.event_reactor:joining thread
[0.466s] INFO:colcon.colcon_core.plugin_system:Skipping extension 'colcon_notification.desktop_notification.terminal_notifier': Not used on non-Darwin systems
[0.466s] INFO:colcon.colcon_core.plugin_system:Skipping extension 'colcon_notification.desktop_notification.win32': Not used on non-Windows systems
[0.466s] INFO:colcon.colcon_notification.desktop_notification:Sending desktop notification using 'notify2'
[0.479s] DEBUG:colcon.colcon_core.event_reactor:joined thread
[0.479s] INFO:colcon.colcon_core.shell:Creating prefix script '/home/bartosz-babi-ski/Hexapod_git4/Hexapod/simulation/ros2_ws_hex/install/local_setup.ps1'
[0.480s] INFO:colcon.colcon_core.shell:Creating prefix util module '/home/bartosz-babi-ski/Hexapod_git4/Hexapod/simulation/ros2_ws_hex/install/_local_setup_util_ps1.py'
[0.481s] INFO:colcon.colcon_core.shell:Creating prefix chain script '/home/bartosz-babi-ski/Hexapod_git4/Hexapod/simulation/ros2_ws_hex/install/setup.ps1'
[0.483s] INFO:colcon.colcon_core.shell:Creating prefix script '/home/bartosz-babi-ski/Hexapod_git4/Hexapod/simulation/ros2_ws_hex/install/local_setup.sh'
[0.483s] INFO:colcon.colcon_core.shell:Creating prefix util module '/home/bartosz-babi-ski/Hexapod_git4/Hexapod/simulation/ros2_ws_hex/install/_local_setup_util_sh.py'
[0.484s] INFO:colcon.colcon_core.shell:Creating prefix chain script '/home/bartosz-babi-ski/Hexapod_git4/Hexapod/simulation/ros2_ws_hex/install/setup.sh'
[0.485s] INFO:colcon.colcon_core.shell:Creating prefix script '/home/bartosz-babi-ski/Hexapod_git4/Hexapod/simulation/ros2_ws_hex/install/local_setup.bash'
[0.485s] INFO:colcon.colcon_core.shell:Creating prefix chain script '/home/bartosz-babi-ski/Hexapod_git4/Hexapod/simulation/ros2_ws_hex/install/setup.bash'
[0.486s] INFO:colcon.colcon_core.shell:Creating prefix script '/home/bartosz-babi-ski/Hexapod_git4/Hexapod/simulation/ros2_ws_hex/install/local_setup.zsh'
[0.487s] INFO:colcon.colcon_core.shell:Creating prefix chain script '/home/bartosz-babi-ski/Hexapod_git4/Hexapod/simulation/ros2_ws_hex/install/setup.zsh'
