[0.084s] DEBUG:colcon:Command line arguments: ['/usr/bin/colcon', 'build']
[0.084s] DEBUG:colcon:Parsed command line arguments: Namespace(log_base=None, log_level=None, verb_name='build', build_base='build', install_base='install', merge_install=False, symlink_install=False, test_result_base=None, continue_on_error=False, executor='parallel', parallel_workers=12, event_handlers=None, ignore_user_meta=False, metas=['./colcon.meta'], base_paths=['.'], packages_ignore=None, packages_ignore_regex=None, paths=None, packages_up_to=None, packages_up_to_regex=None, packages_above=None, packages_above_and_dependencies=None, packages_above_depth=None, packages_select_by_dep=None, packages_skip_by_dep=None, packages_skip_up_to=None, packages_select_build_failed=False, packages_skip_build_finished=False, packages_select_test_failures=False, packages_skip_test_passed=False, packages_select=None, packages_skip=None, packages_select_regex=None, packages_skip_regex=None, packages_start=None, packages_end=None, allow_overriding=[], cmake_args=None, cmake_target=None, cmake_target_skip_unavailable=False, cmake_clean_cache=False, cmake_clean_first=False, cmake_force_configure=False, ament_cmake_args=None, catkin_cmake_args=None, catkin_skip_building_tests=False, mixin_files=None, mixin=None, verb_parser=<colcon_mixin.mixin.mixin_argument.MixinArgumentDecorator object at 0x707adedd9eb0>, verb_extension=<colcon_core.verb.build.BuildVerb object at 0x707aded84140>, main=<bound method BuildVerb.main of <colcon_core.verb.build.BuildVerb object at 0x707aded84140>>, mixin_verb=('build',))
[0.110s] Level 1:colcon.colcon_core.package_discovery:discover_packages(colcon_meta) check parameters
[0.110s] Level 1:colcon.colcon_core.package_discovery:discover_packages(recursive) check parameters
[0.110s] Level 1:colcon.colcon_core.package_discovery:discover_packages(ignore) check parameters
[0.110s] Level 1:colcon.colcon_core.package_discovery:discover_packages(path) check parameters
[0.110s] Level 1:colcon.colcon_core.package_discovery:discover_packages(colcon_meta) discover
[0.110s] Level 1:colcon.colcon_core.package_discovery:discover_packages(recursive) discover
[0.110s] INFO:colcon.colcon_core.package_discovery:Crawling recursively for packages in '/home/bartosz-babi-ski/Hexapod_git2/Hexapod/simulation/ros2_ws_hex'
[0.110s] Level 1:colcon.colcon_core.package_identification:_identify(.) by extensions ['ignore', 'ignore_ament_install']
[0.110s] Level 1:colcon.colcon_core.package_identification:_identify(.) by extension 'ignore'
[0.110s] Level 1:colcon.colcon_core.package_identification:_identify(.) by extension 'ignore_ament_install'
[0.110s] Level 1:colcon.colcon_core.package_identification:_identify(.) by extensions ['colcon_pkg']
[0.110s] Level 1:colcon.colcon_core.package_identification:_identify(.) by extension 'colcon_pkg'
[0.110s] Level 1:colcon.colcon_core.package_identification:_identify(.) by extensions ['colcon_meta']
[0.110s] Level 1:colcon.colcon_core.package_identification:_identify(.) by extension 'colcon_meta'
[0.110s] Level 1:colcon.colcon_core.package_identification:_identify(.) by extensions ['ros']
[0.110s] Level 1:colcon.colcon_core.package_identification:_identify(.) by extension 'ros'
[0.128s] Level 1:colcon.colcon_core.package_identification:_identify(.) by extensions ['cmake', 'python']
[0.128s] Level 1:colcon.colcon_core.package_identification:_identify(.) by extension 'cmake'
[0.128s] Level 1:colcon.colcon_core.package_identification:_identify(.) by extension 'python'
[0.128s] Level 1:colcon.colcon_core.package_identification:_identify(.) by extensions ['python_setup_py']
[0.128s] Level 1:colcon.colcon_core.package_identification:_identify(.) by extension 'python_setup_py'
[0.128s] Level 1:colcon.colcon_core.package_identification:_identify(build) by extensions ['ignore', 'ignore_ament_install']
[0.128s] Level 1:colcon.colcon_core.package_identification:_identify(build) by extension 'ignore'
[0.128s] Level 1:colcon.colcon_core.package_identification:_identify(build) ignored
[0.128s] Level 1:colcon.colcon_core.package_identification:_identify(install) by extensions ['ignore', 'ignore_ament_install']
[0.128s] Level 1:colcon.colcon_core.package_identification:_identify(install) by extension 'ignore'
[0.128s] Level 1:colcon.colcon_core.package_identification:_identify(install) ignored
[0.128s] Level 1:colcon.colcon_core.package_identification:_identify(log) by extensions ['ignore', 'ignore_ament_install']
[0.128s] Level 1:colcon.colcon_core.package_identification:_identify(log) by extension 'ignore'
[0.128s] Level 1:colcon.colcon_core.package_identification:_identify(log) ignored
[0.128s] Level 1:colcon.colcon_core.package_identification:_identify(src) by extensions ['ignore', 'ignore_ament_install']
[0.128s] Level 1:colcon.colcon_core.package_identification:_identify(src) by extension 'ignore'
[0.128s] Level 1:colcon.colcon_core.package_identification:_identify(src) by extension 'ignore_ament_install'
[0.128s] Level 1:colcon.colcon_core.package_identification:_identify(src) by extensions ['colcon_pkg']
[0.128s] Level 1:colcon.colcon_core.package_identification:_identify(src) by extension 'colcon_pkg'
[0.128s] Level 1:colcon.colcon_core.package_identification:_identify(src) by extensions ['colcon_meta']
[0.128s] Level 1:colcon.colcon_core.package_identification:_identify(src) by extension 'colcon_meta'
[0.128s] Level 1:colcon.colcon_core.package_identification:_identify(src) by extensions ['ros']
[0.128s] Level 1:colcon.colcon_core.package_identification:_identify(src) by extension 'ros'
[0.128s] Level 1:colcon.colcon_core.package_identification:_identify(src) by extensions ['cmake', 'python']
[0.128s] Level 1:colcon.colcon_core.package_identification:_identify(src) by extension 'cmake'
[0.129s] Level 1:colcon.colcon_core.package_identification:_identify(src) by extension 'python'
[0.129s] Level 1:colcon.colcon_core.package_identification:_identify(src) by extensions ['python_setup_py']
[0.129s] Level 1:colcon.colcon_core.package_identification:_identify(src) by extension 'python_setup_py'
[0.129s] Level 1:colcon.colcon_core.package_identification:_identify(src/open_manipulator) by extensions ['ignore', 'ignore_ament_install']
[0.129s] Level 1:colcon.colcon_core.package_identification:_identify(src/open_manipulator) by extension 'ignore'
[0.129s] Level 1:colcon.colcon_core.package_identification:_identify(src/open_manipulator) by extension 'ignore_ament_install'
[0.129s] Level 1:colcon.colcon_core.package_identification:_identify(src/open_manipulator) by extensions ['colcon_pkg']
[0.129s] Level 1:colcon.colcon_core.package_identification:_identify(src/open_manipulator) by extension 'colcon_pkg'
[0.129s] Level 1:colcon.colcon_core.package_identification:_identify(src/open_manipulator) by extensions ['colcon_meta']
[0.129s] Level 1:colcon.colcon_core.package_identification:_identify(src/open_manipulator) by extension 'colcon_meta'
[0.129s] Level 1:colcon.colcon_core.package_identification:_identify(src/open_manipulator) by extensions ['ros']
[0.129s] Level 1:colcon.colcon_core.package_identification:_identify(src/open_manipulator) by extension 'ros'
[0.130s] DEBUG:colcon.colcon_core.package_identification:Package 'src/open_manipulator' with type 'ros.ament_cmake' and name 'open_manipulator'
[0.131s] Level 1:colcon.colcon_core.package_identification:_identify(src/open_manipulator_bringup) by extensions ['ignore', 'ignore_ament_install']
[0.131s] Level 1:colcon.colcon_core.package_identification:_identify(src/open_manipulator_bringup) by extension 'ignore'
[0.131s] Level 1:colcon.colcon_core.package_identification:_identify(src/open_manipulator_bringup) by extension 'ignore_ament_install'
[0.131s] Level 1:colcon.colcon_core.package_identification:_identify(src/open_manipulator_bringup) by extensions ['colcon_pkg']
[0.131s] Level 1:colcon.colcon_core.package_identification:_identify(src/open_manipulator_bringup) by extension 'colcon_pkg'
[0.131s] Level 1:colcon.colcon_core.package_identification:_identify(src/open_manipulator_bringup) by extensions ['colcon_meta']
[0.131s] Level 1:colcon.colcon_core.package_identification:_identify(src/open_manipulator_bringup) by extension 'colcon_meta'
[0.131s] Level 1:colcon.colcon_core.package_identification:_identify(src/open_manipulator_bringup) by extensions ['ros']
[0.131s] Level 1:colcon.colcon_core.package_identification:_identify(src/open_manipulator_bringup) by extension 'ros'
[0.131s] DEBUG:colcon.colcon_core.package_identification:Package 'src/open_manipulator_bringup' with type 'ros.ament_cmake' and name 'open_manipulator_bringup'
[0.131s] Level 1:colcon.colcon_core.package_identification:_identify(src/open_manipulator_description) by extensions ['ignore', 'ignore_ament_install']
[0.131s] Level 1:colcon.colcon_core.package_identification:_identify(src/open_manipulator_description) by extension 'ignore'
[0.131s] Level 1:colcon.colcon_core.package_identification:_identify(src/open_manipulator_description) by extension 'ignore_ament_install'
[0.132s] Level 1:colcon.colcon_core.package_identification:_identify(src/open_manipulator_description) by extensions ['colcon_pkg']
[0.132s] Level 1:colcon.colcon_core.package_identification:_identify(src/open_manipulator_description) by extension 'colcon_pkg'
[0.132s] Level 1:colcon.colcon_core.package_identification:_identify(src/open_manipulator_description) by extensions ['colcon_meta']
[0.132s] Level 1:colcon.colcon_core.package_identification:_identify(src/open_manipulator_description) by extension 'colcon_meta'
[0.132s] Level 1:colcon.colcon_core.package_identification:_identify(src/open_manipulator_description) by extensions ['ros']
[0.132s] Level 1:colcon.colcon_core.package_identification:_identify(src/open_manipulator_description) by extension 'ros'
[0.132s] DEBUG:colcon.colcon_core.package_identification:Package 'src/open_manipulator_description' with type 'ros.ament_cmake' and name 'open_manipulator_description'
[0.132s] Level 1:colcon.colcon_core.package_identification:_identify(src/open_manipulator_moveit_config) by extensions ['ignore', 'ignore_ament_install']
[0.132s] Level 1:colcon.colcon_core.package_identification:_identify(src/open_manipulator_moveit_config) by extension 'ignore'
[0.132s] Level 1:colcon.colcon_core.package_identification:_identify(src/open_manipulator_moveit_config) by extension 'ignore_ament_install'
[0.132s] Level 1:colcon.colcon_core.package_identification:_identify(src/open_manipulator_moveit_config) by extensions ['colcon_pkg']
[0.132s] Level 1:colcon.colcon_core.package_identification:_identify(src/open_manipulator_moveit_config) by extension 'colcon_pkg'
[0.132s] Level 1:colcon.colcon_core.package_identification:_identify(src/open_manipulator_moveit_config) by extensions ['colcon_meta']
[0.132s] Level 1:colcon.colcon_core.package_identification:_identify(src/open_manipulator_moveit_config) by extension 'colcon_meta'
[0.132s] Level 1:colcon.colcon_core.package_identification:_identify(src/open_manipulator_moveit_config) by extensions ['ros']
[0.132s] Level 1:colcon.colcon_core.package_identification:_identify(src/open_manipulator_moveit_config) by extension 'ros'
[0.133s] DEBUG:colcon.colcon_core.package_identification:Package 'src/open_manipulator_moveit_config' with type 'ros.ament_cmake' and name 'open_manipulator_moveit_config'
[0.133s] Level 1:colcon.colcon_core.package_identification:_identify(src/ros2_controller) by extensions ['ignore', 'ignore_ament_install']
[0.133s] Level 1:colcon.colcon_core.package_identification:_identify(src/ros2_controller) by extension 'ignore'
[0.133s] Level 1:colcon.colcon_core.package_identification:_identify(src/ros2_controller) by extension 'ignore_ament_install'
[0.133s] Level 1:colcon.colcon_core.package_identification:_identify(src/ros2_controller) by extensions ['colcon_pkg']
[0.133s] Level 1:colcon.colcon_core.package_identification:_identify(src/ros2_controller) by extension 'colcon_pkg'
[0.133s] Level 1:colcon.colcon_core.package_identification:_identify(src/ros2_controller) by extensions ['colcon_meta']
[0.133s] Level 1:colcon.colcon_core.package_identification:_identify(src/ros2_controller) by extension 'colcon_meta'
[0.133s] Level 1:colcon.colcon_core.package_identification:_identify(src/ros2_controller) by extensions ['ros']
[0.133s] Level 1:colcon.colcon_core.package_identification:_identify(src/ros2_controller) by extension 'ros'
[0.133s] Level 1:colcon.colcon_core.package_identification:_identify(src/ros2_controller) by extensions ['cmake', 'python']
[0.133s] Level 1:colcon.colcon_core.package_identification:_identify(src/ros2_controller) by extension 'cmake'
[0.133s] Level 1:colcon.colcon_core.package_identification:_identify(src/ros2_controller) by extension 'python'
[0.133s] Level 1:colcon.colcon_core.package_identification:_identify(src/ros2_controller) by extensions ['python_setup_py']
[0.133s] Level 1:colcon.colcon_core.package_identification:_identify(src/ros2_controller) by extension 'python_setup_py'
[0.133s] Level 1:colcon.colcon_core.package_identification:_identify(src/ros2_controller/om_gravity_compensation_controller) by extensions ['ignore', 'ignore_ament_install']
[0.133s] Level 1:colcon.colcon_core.package_identification:_identify(src/ros2_controller/om_gravity_compensation_controller) by extension 'ignore'
[0.133s] Level 1:colcon.colcon_core.package_identification:_identify(src/ros2_controller/om_gravity_compensation_controller) by extension 'ignore_ament_install'
[0.133s] Level 1:colcon.colcon_core.package_identification:_identify(src/ros2_controller/om_gravity_compensation_controller) by extensions ['colcon_pkg']
[0.133s] Level 1:colcon.colcon_core.package_identification:_identify(src/ros2_controller/om_gravity_compensation_controller) by extension 'colcon_pkg'
[0.133s] Level 1:colcon.colcon_core.package_identification:_identify(src/ros2_controller/om_gravity_compensation_controller) by extensions ['colcon_meta']
[0.133s] Level 1:colcon.colcon_core.package_identification:_identify(src/ros2_controller/om_gravity_compensation_controller) by extension 'colcon_meta'
[0.133s] Level 1:colcon.colcon_core.package_identification:_identify(src/ros2_controller/om_gravity_compensation_controller) by extensions ['ros']
[0.133s] Level 1:colcon.colcon_core.package_identification:_identify(src/ros2_controller/om_gravity_compensation_controller) by extension 'ros'
[0.134s] DEBUG:colcon.colcon_core.package_identification:Package 'src/ros2_controller/om_gravity_compensation_controller' with type 'ros.ament_cmake' and name 'om_gravity_compensation_controller'
[0.134s] Level 1:colcon.colcon_core.package_identification:_identify(src/ros2_controller/om_joint_trajectory_command_broadcaster) by extensions ['ignore', 'ignore_ament_install']
[0.134s] Level 1:colcon.colcon_core.package_identification:_identify(src/ros2_controller/om_joint_trajectory_command_broadcaster) by extension 'ignore'
[0.134s] Level 1:colcon.colcon_core.package_identification:_identify(src/ros2_controller/om_joint_trajectory_command_broadcaster) by extension 'ignore_ament_install'
[0.134s] Level 1:colcon.colcon_core.package_identification:_identify(src/ros2_controller/om_joint_trajectory_command_broadcaster) by extensions ['colcon_pkg']
[0.134s] Level 1:colcon.colcon_core.package_identification:_identify(src/ros2_controller/om_joint_trajectory_command_broadcaster) by extension 'colcon_pkg'
[0.134s] Level 1:colcon.colcon_core.package_identification:_identify(src/ros2_controller/om_joint_trajectory_command_broadcaster) by extensions ['colcon_meta']
[0.134s] Level 1:colcon.colcon_core.package_identification:_identify(src/ros2_controller/om_joint_trajectory_command_broadcaster) by extension 'colcon_meta'
[0.134s] Level 1:colcon.colcon_core.package_identification:_identify(src/ros2_controller/om_joint_trajectory_command_broadcaster) by extensions ['ros']
[0.134s] Level 1:colcon.colcon_core.package_identification:_identify(src/ros2_controller/om_joint_trajectory_command_broadcaster) by extension 'ros'
[0.135s] DEBUG:colcon.colcon_core.package_identification:Package 'src/ros2_controller/om_joint_trajectory_command_broadcaster' with type 'ros.ament_cmake' and name 'om_joint_trajectory_command_broadcaster'
[0.135s] Level 1:colcon.colcon_core.package_identification:_identify(src/ros2_controller/om_spring_actuator_controller) by extensions ['ignore', 'ignore_ament_install']
[0.135s] Level 1:colcon.colcon_core.package_identification:_identify(src/ros2_controller/om_spring_actuator_controller) by extension 'ignore'
[0.135s] Level 1:colcon.colcon_core.package_identification:_identify(src/ros2_controller/om_spring_actuator_controller) by extension 'ignore_ament_install'
[0.135s] Level 1:colcon.colcon_core.package_identification:_identify(src/ros2_controller/om_spring_actuator_controller) by extensions ['colcon_pkg']
[0.135s] Level 1:colcon.colcon_core.package_identification:_identify(src/ros2_controller/om_spring_actuator_controller) by extension 'colcon_pkg'
[0.135s] Level 1:colcon.colcon_core.package_identification:_identify(src/ros2_controller/om_spring_actuator_controller) by extensions ['colcon_meta']
[0.135s] Level 1:colcon.colcon_core.package_identification:_identify(src/ros2_controller/om_spring_actuator_controller) by extension 'colcon_meta'
[0.135s] Level 1:colcon.colcon_core.package_identification:_identify(src/ros2_controller/om_spring_actuator_controller) by extensions ['ros']
[0.135s] Level 1:colcon.colcon_core.package_identification:_identify(src/ros2_controller/om_spring_actuator_controller) by extension 'ros'
[0.136s] DEBUG:colcon.colcon_core.package_identification:Package 'src/ros2_controller/om_spring_actuator_controller' with type 'ros.ament_cmake' and name 'om_spring_actuator_controller'
[0.136s] Level 1:colcon.colcon_core.package_discovery:discover_packages(recursive) using defaults
[0.136s] Level 1:colcon.colcon_core.package_discovery:discover_packages(ignore) discover
[0.136s] Level 1:colcon.colcon_core.package_discovery:discover_packages(ignore) using defaults
[0.136s] Level 1:colcon.colcon_core.package_discovery:discover_packages(path) discover
[0.136s] Level 1:colcon.colcon_core.package_discovery:discover_packages(path) using defaults
[0.150s] Level 1:colcon.colcon_core.package_discovery:discover_packages(prefix_path) check parameters
[0.150s] Level 1:colcon.colcon_core.package_discovery:discover_packages(prefix_path) discover
[0.151s] WARNING:colcon.colcon_ros.prefix_path.ament:The path '/home/bartosz-babi-ski/Hexapod_git2/Hexapod/simulation/ros2_ws_hex/install/open_manipulator' in the environment variable AMENT_PREFIX_PATH doesn't exist
[0.151s] WARNING:colcon.colcon_ros.prefix_path.ament:The path '/home/bartosz-babi-ski/Hexapod_git2/Hexapod/simulation/ros2_ws_hex/install/open_manipulator_moveit_config' in the environment variable AMENT_PREFIX_PATH doesn't exist
[0.151s] WARNING:colcon.colcon_ros.prefix_path.ament:The path '/home/bartosz-babi-ski/Hexapod_git2/Hexapod/simulation/ros2_ws_hex/install/open_manipulator_bringup' in the environment variable AMENT_PREFIX_PATH doesn't exist
[0.151s] WARNING:colcon.colcon_ros.prefix_path.ament:The path '/home/bartosz-babi-ski/Hexapod_git2/Hexapod/simulation/ros2_ws_hex/install/open_manipulator_description' in the environment variable AMENT_PREFIX_PATH doesn't exist
[0.151s] WARNING:colcon.colcon_ros.prefix_path.ament:The path '/home/bartosz-babi-ski/Hexapod_git2/Hexapod/simulation/ros2_ws_hex/install/om_spring_actuator_controller' in the environment variable AMENT_PREFIX_PATH doesn't exist
[0.151s] WARNING:colcon.colcon_ros.prefix_path.ament:The path '/home/bartosz-babi-ski/Hexapod_git2/Hexapod/simulation/ros2_ws_hex/install/om_joint_trajectory_command_broadcaster' in the environment variable AMENT_PREFIX_PATH doesn't exist
[0.151s] WARNING:colcon.colcon_ros.prefix_path.ament:The path '/home/bartosz-babi-ski/Hexapod_git2/Hexapod/simulation/ros2_ws_hex/install/om_gravity_compensation_controller' in the environment variable AMENT_PREFIX_PATH doesn't exist
[0.152s] WARNING:colcon.colcon_ros.prefix_path.catkin:The path '/home/bartosz-babi-ski/Hexapod_git2/Hexapod/simulation/ros2_ws_hex/install/open_manipulator' in the environment variable CMAKE_PREFIX_PATH doesn't exist
[0.152s] WARNING:colcon.colcon_ros.prefix_path.catkin:The path '/home/bartosz-babi-ski/Hexapod_git2/Hexapod/simulation/ros2_ws_hex/install/open_manipulator_moveit_config' in the environment variable CMAKE_PREFIX_PATH doesn't exist
[0.152s] WARNING:colcon.colcon_ros.prefix_path.catkin:The path '/home/bartosz-babi-ski/Hexapod_git2/Hexapod/simulation/ros2_ws_hex/install/open_manipulator_bringup' in the environment variable CMAKE_PREFIX_PATH doesn't exist
[0.152s] WARNING:colcon.colcon_ros.prefix_path.catkin:The path '/home/bartosz-babi-ski/Hexapod_git2/Hexapod/simulation/ros2_ws_hex/install/open_manipulator_description' in the environment variable CMAKE_PREFIX_PATH doesn't exist
[0.152s] WARNING:colcon.colcon_ros.prefix_path.catkin:The path '/home/bartosz-babi-ski/Hexapod_git2/Hexapod/simulation/ros2_ws_hex/install/om_spring_actuator_controller' in the environment variable CMAKE_PREFIX_PATH doesn't exist
[0.152s] WARNING:colcon.colcon_ros.prefix_path.catkin:The path '/home/bartosz-babi-ski/Hexapod_git2/Hexapod/simulation/ros2_ws_hex/install/om_joint_trajectory_command_broadcaster' in the environment variable CMAKE_PREFIX_PATH doesn't exist
[0.152s] WARNING:colcon.colcon_ros.prefix_path.catkin:The path '/home/bartosz-babi-ski/Hexapod_git2/Hexapod/simulation/ros2_ws_hex/install/om_gravity_compensation_controller' in the environment variable CMAKE_PREFIX_PATH doesn't exist
[0.153s] DEBUG:colcon.colcon_installed_package_information.package_discovery:Found 0 installed packages in /home/bartosz-babi-ski/Hexapod_git2/Hexapod/simulation/ros2_ws_hex/install
[0.154s] DEBUG:colcon.colcon_installed_package_information.package_discovery:Found 72 installed packages in /home/bartosz-babi-ski/ws_moveit/install
[0.155s] DEBUG:colcon.colcon_installed_package_information.package_discovery:Found 3 installed packages in /home/bartosz-babi-ski/newros2_ws/install
[0.155s] DEBUG:colcon.colcon_installed_package_information.package_discovery:Found 1 installed packages in /home/bartosz-babi-ski/ws_moveit2/install
[0.155s] DEBUG:colcon.colcon_installed_package_information.package_discovery:Found 3 installed packages in /home/bartosz-babi-ski/ros2_ws/install
[0.157s] DEBUG:colcon.colcon_installed_package_information.package_discovery:Found 440 installed packages in /opt/ros/jazzy
[0.159s] Level 1:colcon.colcon_core.package_discovery:discover_packages(prefix_path) using defaults
[0.213s] Level 5:colcon.colcon_core.verb:set package 'om_gravity_compensation_controller' build argument 'cmake_args' from command line to 'None'
[0.213s] Level 5:colcon.colcon_core.verb:set package 'om_gravity_compensation_controller' build argument 'cmake_target' from command line to 'None'
[0.213s] Level 5:colcon.colcon_core.verb:set package 'om_gravity_compensation_controller' build argument 'cmake_target_skip_unavailable' from command line to 'False'
[0.213s] Level 5:colcon.colcon_core.verb:set package 'om_gravity_compensation_controller' build argument 'cmake_clean_cache' from command line to 'False'
[0.213s] Level 5:colcon.colcon_core.verb:set package 'om_gravity_compensation_controller' build argument 'cmake_clean_first' from command line to 'False'
[0.213s] Level 5:colcon.colcon_core.verb:set package 'om_gravity_compensation_controller' build argument 'cmake_force_configure' from command line to 'False'
[0.213s] Level 5:colcon.colcon_core.verb:set package 'om_gravity_compensation_controller' build argument 'ament_cmake_args' from command line to 'None'
[0.213s] Level 5:colcon.colcon_core.verb:set package 'om_gravity_compensation_controller' build argument 'catkin_cmake_args' from command line to 'None'
[0.213s] Level 5:colcon.colcon_core.verb:set package 'om_gravity_compensation_controller' build argument 'catkin_skip_building_tests' from command line to 'False'
[0.213s] DEBUG:colcon.colcon_core.verb:Building package 'om_gravity_compensation_controller' with the following arguments: {'ament_cmake_args': None, 'build_base': '/home/bartosz-babi-ski/Hexapod_git2/Hexapod/simulation/ros2_ws_hex/build/om_gravity_compensation_controller', 'catkin_cmake_args': None, 'catkin_skip_building_tests': False, 'cmake_args': None, 'cmake_clean_cache': False, 'cmake_clean_first': False, 'cmake_force_configure': False, 'cmake_target': None, 'cmake_target_skip_unavailable': False, 'install_base': '/home/bartosz-babi-ski/Hexapod_git2/Hexapod/simulation/ros2_ws_hex/install/om_gravity_compensation_controller', 'merge_install': False, 'path': '/home/bartosz-babi-ski/Hexapod_git2/Hexapod/simulation/ros2_ws_hex/src/ros2_controller/om_gravity_compensation_controller', 'symlink_install': False, 'test_result_base': None}
[0.213s] Level 5:colcon.colcon_core.verb:set package 'om_joint_trajectory_command_broadcaster' build argument 'cmake_args' from command line to 'None'
[0.213s] Level 5:colcon.colcon_core.verb:set package 'om_joint_trajectory_command_broadcaster' build argument 'cmake_target' from command line to 'None'
[0.213s] Level 5:colcon.colcon_core.verb:set package 'om_joint_trajectory_command_broadcaster' build argument 'cmake_target_skip_unavailable' from command line to 'False'
[0.213s] Level 5:colcon.colcon_core.verb:set package 'om_joint_trajectory_command_broadcaster' build argument 'cmake_clean_cache' from command line to 'False'
[0.213s] Level 5:colcon.colcon_core.verb:set package 'om_joint_trajectory_command_broadcaster' build argument 'cmake_clean_first' from command line to 'False'
[0.213s] Level 5:colcon.colcon_core.verb:set package 'om_joint_trajectory_command_broadcaster' build argument 'cmake_force_configure' from command line to 'False'
[0.213s] Level 5:colcon.colcon_core.verb:set package 'om_joint_trajectory_command_broadcaster' build argument 'ament_cmake_args' from command line to 'None'
[0.213s] Level 5:colcon.colcon_core.verb:set package 'om_joint_trajectory_command_broadcaster' build argument 'catkin_cmake_args' from command line to 'None'
[0.213s] Level 5:colcon.colcon_core.verb:set package 'om_joint_trajectory_command_broadcaster' build argument 'catkin_skip_building_tests' from command line to 'False'
[0.213s] DEBUG:colcon.colcon_core.verb:Building package 'om_joint_trajectory_command_broadcaster' with the following arguments: {'ament_cmake_args': None, 'build_base': '/home/bartosz-babi-ski/Hexapod_git2/Hexapod/simulation/ros2_ws_hex/build/om_joint_trajectory_command_broadcaster', 'catkin_cmake_args': None, 'catkin_skip_building_tests': False, 'cmake_args': None, 'cmake_clean_cache': False, 'cmake_clean_first': False, 'cmake_force_configure': False, 'cmake_target': None, 'cmake_target_skip_unavailable': False, 'install_base': '/home/bartosz-babi-ski/Hexapod_git2/Hexapod/simulation/ros2_ws_hex/install/om_joint_trajectory_command_broadcaster', 'merge_install': False, 'path': '/home/bartosz-babi-ski/Hexapod_git2/Hexapod/simulation/ros2_ws_hex/src/ros2_controller/om_joint_trajectory_command_broadcaster', 'symlink_install': False, 'test_result_base': None}
[0.213s] Level 5:colcon.colcon_core.verb:set package 'om_spring_actuator_controller' build argument 'cmake_args' from command line to 'None'
[0.213s] Level 5:colcon.colcon_core.verb:set package 'om_spring_actuator_controller' build argument 'cmake_target' from command line to 'None'
[0.213s] Level 5:colcon.colcon_core.verb:set package 'om_spring_actuator_controller' build argument 'cmake_target_skip_unavailable' from command line to 'False'
[0.213s] Level 5:colcon.colcon_core.verb:set package 'om_spring_actuator_controller' build argument 'cmake_clean_cache' from command line to 'False'
[0.213s] Level 5:colcon.colcon_core.verb:set package 'om_spring_actuator_controller' build argument 'cmake_clean_first' from command line to 'False'
[0.213s] Level 5:colcon.colcon_core.verb:set package 'om_spring_actuator_controller' build argument 'cmake_force_configure' from command line to 'False'
[0.213s] Level 5:colcon.colcon_core.verb:set package 'om_spring_actuator_controller' build argument 'ament_cmake_args' from command line to 'None'
[0.213s] Level 5:colcon.colcon_core.verb:set package 'om_spring_actuator_controller' build argument 'catkin_cmake_args' from command line to 'None'
[0.213s] Level 5:colcon.colcon_core.verb:set package 'om_spring_actuator_controller' build argument 'catkin_skip_building_tests' from command line to 'False'
[0.213s] DEBUG:colcon.colcon_core.verb:Building package 'om_spring_actuator_controller' with the following arguments: {'ament_cmake_args': None, 'build_base': '/home/bartosz-babi-ski/Hexapod_git2/Hexapod/simulation/ros2_ws_hex/build/om_spring_actuator_controller', 'catkin_cmake_args': None, 'catkin_skip_building_tests': False, 'cmake_args': None, 'cmake_clean_cache': False, 'cmake_clean_first': False, 'cmake_force_configure': False, 'cmake_target': None, 'cmake_target_skip_unavailable': False, 'install_base': '/home/bartosz-babi-ski/Hexapod_git2/Hexapod/simulation/ros2_ws_hex/install/om_spring_actuator_controller', 'merge_install': False, 'path': '/home/bartosz-babi-ski/Hexapod_git2/Hexapod/simulation/ros2_ws_hex/src/ros2_controller/om_spring_actuator_controller', 'symlink_install': False, 'test_result_base': None}
[0.213s] Level 5:colcon.colcon_core.verb:set package 'open_manipulator_description' build argument 'cmake_args' from command line to 'None'
[0.213s] Level 5:colcon.colcon_core.verb:set package 'open_manipulator_description' build argument 'cmake_target' from command line to 'None'
[0.214s] Level 5:colcon.colcon_core.verb:set package 'open_manipulator_description' build argument 'cmake_target_skip_unavailable' from command line to 'False'
[0.214s] Level 5:colcon.colcon_core.verb:set package 'open_manipulator_description' build argument 'cmake_clean_cache' from command line to 'False'
[0.214s] Level 5:colcon.colcon_core.verb:set package 'open_manipulator_description' build argument 'cmake_clean_first' from command line to 'False'
[0.214s] Level 5:colcon.colcon_core.verb:set package 'open_manipulator_description' build argument 'cmake_force_configure' from command line to 'False'
[0.214s] Level 5:colcon.colcon_core.verb:set package 'open_manipulator_description' build argument 'ament_cmake_args' from command line to 'None'
[0.214s] Level 5:colcon.colcon_core.verb:set package 'open_manipulator_description' build argument 'catkin_cmake_args' from command line to 'None'
[0.214s] Level 5:colcon.colcon_core.verb:set package 'open_manipulator_description' build argument 'catkin_skip_building_tests' from command line to 'False'
[0.214s] DEBUG:colcon.colcon_core.verb:Building package 'open_manipulator_description' with the following arguments: {'ament_cmake_args': None, 'build_base': '/home/bartosz-babi-ski/Hexapod_git2/Hexapod/simulation/ros2_ws_hex/build/open_manipulator_description', 'catkin_cmake_args': None, 'catkin_skip_building_tests': False, 'cmake_args': None, 'cmake_clean_cache': False, 'cmake_clean_first': False, 'cmake_force_configure': False, 'cmake_target': None, 'cmake_target_skip_unavailable': False, 'install_base': '/home/bartosz-babi-ski/Hexapod_git2/Hexapod/simulation/ros2_ws_hex/install/open_manipulator_description', 'merge_install': False, 'path': '/home/bartosz-babi-ski/Hexapod_git2/Hexapod/simulation/ros2_ws_hex/src/open_manipulator_description', 'symlink_install': False, 'test_result_base': None}
[0.214s] Level 5:colcon.colcon_core.verb:set package 'open_manipulator_bringup' build argument 'cmake_args' from command line to 'None'
[0.214s] Level 5:colcon.colcon_core.verb:set package 'open_manipulator_bringup' build argument 'cmake_target' from command line to 'None'
[0.214s] Level 5:colcon.colcon_core.verb:set package 'open_manipulator_bringup' build argument 'cmake_target_skip_unavailable' from command line to 'False'
[0.214s] Level 5:colcon.colcon_core.verb:set package 'open_manipulator_bringup' build argument 'cmake_clean_cache' from command line to 'False'
[0.214s] Level 5:colcon.colcon_core.verb:set package 'open_manipulator_bringup' build argument 'cmake_clean_first' from command line to 'False'
[0.214s] Level 5:colcon.colcon_core.verb:set package 'open_manipulator_bringup' build argument 'cmake_force_configure' from command line to 'False'
[0.214s] Level 5:colcon.colcon_core.verb:set package 'open_manipulator_bringup' build argument 'ament_cmake_args' from command line to 'None'
[0.214s] Level 5:colcon.colcon_core.verb:set package 'open_manipulator_bringup' build argument 'catkin_cmake_args' from command line to 'None'
[0.214s] Level 5:colcon.colcon_core.verb:set package 'open_manipulator_bringup' build argument 'catkin_skip_building_tests' from command line to 'False'
[0.214s] DEBUG:colcon.colcon_core.verb:Building package 'open_manipulator_bringup' with the following arguments: {'ament_cmake_args': None, 'build_base': '/home/bartosz-babi-ski/Hexapod_git2/Hexapod/simulation/ros2_ws_hex/build/open_manipulator_bringup', 'catkin_cmake_args': None, 'catkin_skip_building_tests': False, 'cmake_args': None, 'cmake_clean_cache': False, 'cmake_clean_first': False, 'cmake_force_configure': False, 'cmake_target': None, 'cmake_target_skip_unavailable': False, 'install_base': '/home/bartosz-babi-ski/Hexapod_git2/Hexapod/simulation/ros2_ws_hex/install/open_manipulator_bringup', 'merge_install': False, 'path': '/home/bartosz-babi-ski/Hexapod_git2/Hexapod/simulation/ros2_ws_hex/src/open_manipulator_bringup', 'symlink_install': False, 'test_result_base': None}
[0.214s] Level 5:colcon.colcon_core.verb:set package 'open_manipulator_moveit_config' build argument 'cmake_args' from command line to 'None'
[0.214s] Level 5:colcon.colcon_core.verb:set package 'open_manipulator_moveit_config' build argument 'cmake_target' from command line to 'None'
[0.214s] Level 5:colcon.colcon_core.verb:set package 'open_manipulator_moveit_config' build argument 'cmake_target_skip_unavailable' from command line to 'False'
[0.214s] Level 5:colcon.colcon_core.verb:set package 'open_manipulator_moveit_config' build argument 'cmake_clean_cache' from command line to 'False'
[0.214s] Level 5:colcon.colcon_core.verb:set package 'open_manipulator_moveit_config' build argument 'cmake_clean_first' from command line to 'False'
[0.214s] Level 5:colcon.colcon_core.verb:set package 'open_manipulator_moveit_config' build argument 'cmake_force_configure' from command line to 'False'
[0.214s] Level 5:colcon.colcon_core.verb:set package 'open_manipulator_moveit_config' build argument 'ament_cmake_args' from command line to 'None'
[0.214s] Level 5:colcon.colcon_core.verb:set package 'open_manipulator_moveit_config' build argument 'catkin_cmake_args' from command line to 'None'
[0.214s] Level 5:colcon.colcon_core.verb:set package 'open_manipulator_moveit_config' build argument 'catkin_skip_building_tests' from command line to 'False'
[0.214s] DEBUG:colcon.colcon_core.verb:Building package 'open_manipulator_moveit_config' with the following arguments: {'ament_cmake_args': None, 'build_base': '/home/bartosz-babi-ski/Hexapod_git2/Hexapod/simulation/ros2_ws_hex/build/open_manipulator_moveit_config', 'catkin_cmake_args': None, 'catkin_skip_building_tests': False, 'cmake_args': None, 'cmake_clean_cache': False, 'cmake_clean_first': False, 'cmake_force_configure': False, 'cmake_target': None, 'cmake_target_skip_unavailable': False, 'install_base': '/home/bartosz-babi-ski/Hexapod_git2/Hexapod/simulation/ros2_ws_hex/install/open_manipulator_moveit_config', 'merge_install': False, 'path': '/home/bartosz-babi-ski/Hexapod_git2/Hexapod/simulation/ros2_ws_hex/src/open_manipulator_moveit_config', 'symlink_install': False, 'test_result_base': None}
[0.214s] Level 5:colcon.colcon_core.verb:set package 'open_manipulator' build argument 'cmake_args' from command line to 'None'
[0.214s] Level 5:colcon.colcon_core.verb:set package 'open_manipulator' build argument 'cmake_target' from command line to 'None'
[0.214s] Level 5:colcon.colcon_core.verb:set package 'open_manipulator' build argument 'cmake_target_skip_unavailable' from command line to 'False'
[0.214s] Level 5:colcon.colcon_core.verb:set package 'open_manipulator' build argument 'cmake_clean_cache' from command line to 'False'
[0.214s] Level 5:colcon.colcon_core.verb:set package 'open_manipulator' build argument 'cmake_clean_first' from command line to 'False'
[0.214s] Level 5:colcon.colcon_core.verb:set package 'open_manipulator' build argument 'cmake_force_configure' from command line to 'False'
[0.214s] Level 5:colcon.colcon_core.verb:set package 'open_manipulator' build argument 'ament_cmake_args' from command line to 'None'
[0.214s] Level 5:colcon.colcon_core.verb:set package 'open_manipulator' build argument 'catkin_cmake_args' from command line to 'None'
[0.214s] Level 5:colcon.colcon_core.verb:set package 'open_manipulator' build argument 'catkin_skip_building_tests' from command line to 'False'
[0.214s] DEBUG:colcon.colcon_core.verb:Building package 'open_manipulator' with the following arguments: {'ament_cmake_args': None, 'build_base': '/home/bartosz-babi-ski/Hexapod_git2/Hexapod/simulation/ros2_ws_hex/build/open_manipulator', 'catkin_cmake_args': None, 'catkin_skip_building_tests': False, 'cmake_args': None, 'cmake_clean_cache': False, 'cmake_clean_first': False, 'cmake_force_configure': False, 'cmake_target': None, 'cmake_target_skip_unavailable': False, 'install_base': '/home/bartosz-babi-ski/Hexapod_git2/Hexapod/simulation/ros2_ws_hex/install/open_manipulator', 'merge_install': False, 'path': '/home/bartosz-babi-ski/Hexapod_git2/Hexapod/simulation/ros2_ws_hex/src/open_manipulator', 'symlink_install': False, 'test_result_base': None}
[0.214s] INFO:colcon.colcon_core.executor:Executing jobs using 'parallel' executor
[0.215s] DEBUG:colcon.colcon_parallel_executor.executor.parallel:run_until_complete
[0.215s] INFO:colcon.colcon_ros.task.ament_cmake.build:Building ROS package in '/home/bartosz-babi-ski/Hexapod_git2/Hexapod/simulation/ros2_ws_hex/src/open_manipulator_description' with build type 'ament_cmake'
[0.215s] INFO:colcon.colcon_cmake.task.cmake.build:Building CMake package in '/home/bartosz-babi-ski/Hexapod_git2/Hexapod/simulation/ros2_ws_hex/src/open_manipulator_description'
[0.217s] INFO:colcon.colcon_core.plugin_system:Skipping extension 'colcon_core.shell.bat': Not used on non-Windows systems
[0.217s] INFO:colcon.colcon_core.shell:Skip shell extension 'powershell' for command environment: Not usable outside of PowerShell
[0.217s] DEBUG:colcon.colcon_core.shell:Skip shell extension 'dsv' for command environment
[0.223s] INFO:colcon.colcon_ros.task.ament_cmake.build:Building ROS package in '/home/bartosz-babi-ski/Hexapod_git2/Hexapod/simulation/ros2_ws_hex/src/ros2_controller/om_gravity_compensation_controller' with build type 'ament_cmake'
[0.223s] INFO:colcon.colcon_cmake.task.cmake.build:Building CMake package in '/home/bartosz-babi-ski/Hexapod_git2/Hexapod/simulation/ros2_ws_hex/src/ros2_controller/om_gravity_compensation_controller'
[0.223s] INFO:colcon.colcon_core.shell:Skip shell extension 'powershell' for command environment: Not usable outside of PowerShell
[0.223s] DEBUG:colcon.colcon_core.shell:Skip shell extension 'dsv' for command environment
[0.230s] INFO:colcon.colcon_ros.task.ament_cmake.build:Building ROS package in '/home/bartosz-babi-ski/Hexapod_git2/Hexapod/simulation/ros2_ws_hex/src/ros2_controller/om_joint_trajectory_command_broadcaster' with build type 'ament_cmake'
[0.230s] INFO:colcon.colcon_cmake.task.cmake.build:Building CMake package in '/home/bartosz-babi-ski/Hexapod_git2/Hexapod/simulation/ros2_ws_hex/src/ros2_controller/om_joint_trajectory_command_broadcaster'
[0.230s] INFO:colcon.colcon_core.shell:Skip shell extension 'powershell' for command environment: Not usable outside of PowerShell
[0.230s] DEBUG:colcon.colcon_core.shell:Skip shell extension 'dsv' for command environment
[0.236s] INFO:colcon.colcon_ros.task.ament_cmake.build:Building ROS package in '/home/bartosz-babi-ski/Hexapod_git2/Hexapod/simulation/ros2_ws_hex/src/ros2_controller/om_spring_actuator_controller' with build type 'ament_cmake'
[0.236s] INFO:colcon.colcon_cmake.task.cmake.build:Building CMake package in '/home/bartosz-babi-ski/Hexapod_git2/Hexapod/simulation/ros2_ws_hex/src/ros2_controller/om_spring_actuator_controller'
[0.236s] INFO:colcon.colcon_core.shell:Skip shell extension 'powershell' for command environment: Not usable outside of PowerShell
[0.236s] DEBUG:colcon.colcon_core.shell:Skip shell extension 'dsv' for command environment
[0.245s] DEBUG:colcon.colcon_core.event_handler.log_command:Invoking command in '/home/bartosz-babi-ski/Hexapod_git2/Hexapod/simulation/ros2_ws_hex/build/open_manipulator_description': CMAKE_PREFIX_PATH=${CMAKE_PREFIX_PATH}:/home/bartosz-babi-ski/ws_moveit/install/moveit_configs_utils:/opt/ros/jazzy DEBUGINFOD_URLS=https://debuginfod.ubuntu.com /usr/bin/cmake /home/bartosz-babi-ski/Hexapod_git2/Hexapod/simulation/ros2_ws_hex/src/open_manipulator_description -DCMAKE_INSTALL_PREFIX=/home/bartosz-babi-ski/Hexapod_git2/Hexapod/simulation/ros2_ws_hex/install/open_manipulator_description
[0.247s] DEBUG:colcon.colcon_core.event_handler.log_command:Invoking command in '/home/bartosz-babi-ski/Hexapod_git2/Hexapod/simulation/ros2_ws_hex/build/om_gravity_compensation_controller': CMAKE_PREFIX_PATH=${CMAKE_PREFIX_PATH}:/home/bartosz-babi-ski/ws_moveit/install/moveit_configs_utils:/opt/ros/jazzy DEBUGINFOD_URLS=https://debuginfod.ubuntu.com /usr/bin/cmake /home/bartosz-babi-ski/Hexapod_git2/Hexapod/simulation/ros2_ws_hex/src/ros2_controller/om_gravity_compensation_controller -DCMAKE_INSTALL_PREFIX=/home/bartosz-babi-ski/Hexapod_git2/Hexapod/simulation/ros2_ws_hex/install/om_gravity_compensation_controller
[0.248s] DEBUG:colcon.colcon_core.event_handler.log_command:Invoking command in '/home/bartosz-babi-ski/Hexapod_git2/Hexapod/simulation/ros2_ws_hex/build/om_joint_trajectory_command_broadcaster': CMAKE_PREFIX_PATH=${CMAKE_PREFIX_PATH}:/home/bartosz-babi-ski/ws_moveit/install/moveit_configs_utils:/opt/ros/jazzy DEBUGINFOD_URLS=https://debuginfod.ubuntu.com /usr/bin/cmake /home/bartosz-babi-ski/Hexapod_git2/Hexapod/simulation/ros2_ws_hex/src/ros2_controller/om_joint_trajectory_command_broadcaster -DCMAKE_INSTALL_PREFIX=/home/bartosz-babi-ski/Hexapod_git2/Hexapod/simulation/ros2_ws_hex/install/om_joint_trajectory_command_broadcaster
[0.251s] DEBUG:colcon.colcon_core.event_handler.log_command:Invoking command in '/home/bartosz-babi-ski/Hexapod_git2/Hexapod/simulation/ros2_ws_hex/build/om_spring_actuator_controller': CMAKE_PREFIX_PATH=${CMAKE_PREFIX_PATH}:/home/bartosz-babi-ski/ws_moveit/install/moveit_configs_utils:/opt/ros/jazzy DEBUGINFOD_URLS=https://debuginfod.ubuntu.com /usr/bin/cmake /home/bartosz-babi-ski/Hexapod_git2/Hexapod/simulation/ros2_ws_hex/src/ros2_controller/om_spring_actuator_controller -DCMAKE_INSTALL_PREFIX=/home/bartosz-babi-ski/Hexapod_git2/Hexapod/simulation/ros2_ws_hex/install/om_spring_actuator_controller
[0.930s] DEBUG:colcon.colcon_core.event_handler.log_command:Invoked command in '/home/bartosz-babi-ski/Hexapod_git2/Hexapod/simulation/ros2_ws_hex/build/open_manipulator_description' returned '0': CMAKE_PREFIX_PATH=${CMAKE_PREFIX_PATH}:/home/bartosz-babi-ski/ws_moveit/install/moveit_configs_utils:/opt/ros/jazzy DEBUGINFOD_URLS=https://debuginfod.ubuntu.com /usr/bin/cmake /home/bartosz-babi-ski/Hexapod_git2/Hexapod/simulation/ros2_ws_hex/src/open_manipulator_description -DCMAKE_INSTALL_PREFIX=/home/bartosz-babi-ski/Hexapod_git2/Hexapod/simulation/ros2_ws_hex/install/open_manipulator_description
[0.932s] DEBUG:colcon.colcon_core.event_handler.log_command:Invoking command in '/home/bartosz-babi-ski/Hexapod_git2/Hexapod/simulation/ros2_ws_hex/build/open_manipulator_description': CMAKE_PREFIX_PATH=${CMAKE_PREFIX_PATH}:/home/bartosz-babi-ski/ws_moveit/install/moveit_configs_utils:/opt/ros/jazzy DEBUGINFOD_URLS=https://debuginfod.ubuntu.com /usr/bin/cmake --build /home/bartosz-babi-ski/Hexapod_git2/Hexapod/simulation/ros2_ws_hex/build/open_manipulator_description -- -j12 -l12
[0.969s] DEBUG:colcon.colcon_core.event_handler.log_command:Invoked command in '/home/bartosz-babi-ski/Hexapod_git2/Hexapod/simulation/ros2_ws_hex/build/open_manipulator_description' returned '0': CMAKE_PREFIX_PATH=${CMAKE_PREFIX_PATH}:/home/bartosz-babi-ski/ws_moveit/install/moveit_configs_utils:/opt/ros/jazzy DEBUGINFOD_URLS=https://debuginfod.ubuntu.com /usr/bin/cmake --build /home/bartosz-babi-ski/Hexapod_git2/Hexapod/simulation/ros2_ws_hex/build/open_manipulator_description -- -j12 -l12
[0.979s] DEBUG:colcon.colcon_core.event_handler.log_command:Invoking command in '/home/bartosz-babi-ski/Hexapod_git2/Hexapod/simulation/ros2_ws_hex/build/open_manipulator_description': CMAKE_PREFIX_PATH=${CMAKE_PREFIX_PATH}:/home/bartosz-babi-ski/ws_moveit/install/moveit_configs_utils:/opt/ros/jazzy DEBUGINFOD_URLS=https://debuginfod.ubuntu.com /usr/bin/cmake --install /home/bartosz-babi-ski/Hexapod_git2/Hexapod/simulation/ros2_ws_hex/build/open_manipulator_description
[0.996s] Level 1:colcon.colcon_core.environment:create_environment_scripts_only(open_manipulator_description)
[0.997s] DEBUG:colcon.colcon_core.event_handler.log_command:Invoked command in '/home/bartosz-babi-ski/Hexapod_git2/Hexapod/simulation/ros2_ws_hex/build/open_manipulator_description' returned '0': CMAKE_PREFIX_PATH=${CMAKE_PREFIX_PATH}:/home/bartosz-babi-ski/ws_moveit/install/moveit_configs_utils:/opt/ros/jazzy DEBUGINFOD_URLS=https://debuginfod.ubuntu.com /usr/bin/cmake --install /home/bartosz-babi-ski/Hexapod_git2/Hexapod/simulation/ros2_ws_hex/build/open_manipulator_description
[0.998s] Level 1:colcon.colcon_core.environment:checking '/home/bartosz-babi-ski/Hexapod_git2/Hexapod/simulation/ros2_ws_hex/install/open_manipulator_description' for CMake module files
[0.998s] Level 1:colcon.colcon_core.environment:checking '/home/bartosz-babi-ski/Hexapod_git2/Hexapod/simulation/ros2_ws_hex/install/open_manipulator_description' for CMake config files
[0.999s] Level 1:colcon.colcon_core.shell:create_environment_hook('open_manipulator_description', 'cmake_prefix_path')
[0.999s] INFO:colcon.colcon_core.shell:Creating environment hook '/home/bartosz-babi-ski/Hexapod_git2/Hexapod/simulation/ros2_ws_hex/install/open_manipulator_description/share/open_manipulator_description/hook/cmake_prefix_path.ps1'
[0.999s] INFO:colcon.colcon_core.shell:Creating environment descriptor '/home/bartosz-babi-ski/Hexapod_git2/Hexapod/simulation/ros2_ws_hex/install/open_manipulator_description/share/open_manipulator_description/hook/cmake_prefix_path.dsv'
[0.999s] INFO:colcon.colcon_core.shell:Creating environment hook '/home/bartosz-babi-ski/Hexapod_git2/Hexapod/simulation/ros2_ws_hex/install/open_manipulator_description/share/open_manipulator_description/hook/cmake_prefix_path.sh'
[1.000s] Level 1:colcon.colcon_core.environment:checking '/home/bartosz-babi-ski/Hexapod_git2/Hexapod/simulation/ros2_ws_hex/install/open_manipulator_description/bin'
[1.000s] Level 1:colcon.colcon_core.environment:checking '/home/bartosz-babi-ski/Hexapod_git2/Hexapod/simulation/ros2_ws_hex/install/open_manipulator_description/lib/pkgconfig/open_manipulator_description.pc'
[1.000s] Level 1:colcon.colcon_core.environment:checking '/home/bartosz-babi-ski/Hexapod_git2/Hexapod/simulation/ros2_ws_hex/install/open_manipulator_description/lib/python3.12/site-packages'
[1.000s] Level 1:colcon.colcon_core.environment:checking '/home/bartosz-babi-ski/Hexapod_git2/Hexapod/simulation/ros2_ws_hex/install/open_manipulator_description/bin'
[1.000s] INFO:colcon.colcon_core.shell:Creating package script '/home/bartosz-babi-ski/Hexapod_git2/Hexapod/simulation/ros2_ws_hex/install/open_manipulator_description/share/open_manipulator_description/package.ps1'
[1.001s] INFO:colcon.colcon_core.shell:Creating package descriptor '/home/bartosz-babi-ski/Hexapod_git2/Hexapod/simulation/ros2_ws_hex/install/open_manipulator_description/share/open_manipulator_description/package.dsv'
[1.001s] INFO:colcon.colcon_core.shell:Creating package script '/home/bartosz-babi-ski/Hexapod_git2/Hexapod/simulation/ros2_ws_hex/install/open_manipulator_description/share/open_manipulator_description/package.sh'
[1.002s] INFO:colcon.colcon_core.shell:Creating package script '/home/bartosz-babi-ski/Hexapod_git2/Hexapod/simulation/ros2_ws_hex/install/open_manipulator_description/share/open_manipulator_description/package.bash'
[1.002s] INFO:colcon.colcon_core.shell:Creating package script '/home/bartosz-babi-ski/Hexapod_git2/Hexapod/simulation/ros2_ws_hex/install/open_manipulator_description/share/open_manipulator_description/package.zsh'
[1.002s] Level 1:colcon.colcon_core.environment:create_file_with_runtime_dependencies(/home/bartosz-babi-ski/Hexapod_git2/Hexapod/simulation/ros2_ws_hex/install/open_manipulator_description/share/colcon-core/packages/open_manipulator_description)
[1.003s] Level 1:colcon.colcon_core.environment:create_environment_scripts_only(open_manipulator_description)
[1.003s] Level 1:colcon.colcon_core.environment:checking '/home/bartosz-babi-ski/Hexapod_git2/Hexapod/simulation/ros2_ws_hex/install/open_manipulator_description' for CMake module files
[1.003s] Level 1:colcon.colcon_core.environment:checking '/home/bartosz-babi-ski/Hexapod_git2/Hexapod/simulation/ros2_ws_hex/install/open_manipulator_description' for CMake config files
[1.003s] Level 1:colcon.colcon_core.shell:create_environment_hook('open_manipulator_description', 'cmake_prefix_path')
[1.003s] INFO:colcon.colcon_core.shell:Creating environment hook '/home/bartosz-babi-ski/Hexapod_git2/Hexapod/simulation/ros2_ws_hex/install/open_manipulator_description/share/open_manipulator_description/hook/cmake_prefix_path.ps1'
[1.004s] INFO:colcon.colcon_core.shell:Creating environment descriptor '/home/bartosz-babi-ski/Hexapod_git2/Hexapod/simulation/ros2_ws_hex/install/open_manipulator_description/share/open_manipulator_description/hook/cmake_prefix_path.dsv'
[1.004s] INFO:colcon.colcon_core.shell:Creating environment hook '/home/bartosz-babi-ski/Hexapod_git2/Hexapod/simulation/ros2_ws_hex/install/open_manipulator_description/share/open_manipulator_description/hook/cmake_prefix_path.sh'
[1.004s] Level 1:colcon.colcon_core.environment:checking '/home/bartosz-babi-ski/Hexapod_git2/Hexapod/simulation/ros2_ws_hex/install/open_manipulator_description/bin'
[1.004s] Level 1:colcon.colcon_core.environment:checking '/home/bartosz-babi-ski/Hexapod_git2/Hexapod/simulation/ros2_ws_hex/install/open_manipulator_description/lib/pkgconfig/open_manipulator_description.pc'
[1.004s] Level 1:colcon.colcon_core.environment:checking '/home/bartosz-babi-ski/Hexapod_git2/Hexapod/simulation/ros2_ws_hex/install/open_manipulator_description/lib/python3.12/site-packages'
[1.005s] Level 1:colcon.colcon_core.environment:checking '/home/bartosz-babi-ski/Hexapod_git2/Hexapod/simulation/ros2_ws_hex/install/open_manipulator_description/bin'
[1.005s] INFO:colcon.colcon_core.shell:Creating package script '/home/bartosz-babi-ski/Hexapod_git2/Hexapod/simulation/ros2_ws_hex/install/open_manipulator_description/share/open_manipulator_description/package.ps1'
[1.005s] INFO:colcon.colcon_core.shell:Creating package descriptor '/home/bartosz-babi-ski/Hexapod_git2/Hexapod/simulation/ros2_ws_hex/install/open_manipulator_description/share/open_manipulator_description/package.dsv'
[1.005s] INFO:colcon.colcon_core.shell:Creating package script '/home/bartosz-babi-ski/Hexapod_git2/Hexapod/simulation/ros2_ws_hex/install/open_manipulator_description/share/open_manipulator_description/package.sh'
[1.006s] INFO:colcon.colcon_core.shell:Creating package script '/home/bartosz-babi-ski/Hexapod_git2/Hexapod/simulation/ros2_ws_hex/install/open_manipulator_description/share/open_manipulator_description/package.bash'
[1.006s] INFO:colcon.colcon_core.shell:Creating package script '/home/bartosz-babi-ski/Hexapod_git2/Hexapod/simulation/ros2_ws_hex/install/open_manipulator_description/share/open_manipulator_description/package.zsh'
[1.006s] Level 1:colcon.colcon_core.environment:create_file_with_runtime_dependencies(/home/bartosz-babi-ski/Hexapod_git2/Hexapod/simulation/ros2_ws_hex/install/open_manipulator_description/share/colcon-core/packages/open_manipulator_description)
[1.006s] INFO:colcon.colcon_ros.task.ament_cmake.build:Building ROS package in '/home/bartosz-babi-ski/Hexapod_git2/Hexapod/simulation/ros2_ws_hex/src/open_manipulator_bringup' with build type 'ament_cmake'
[1.006s] INFO:colcon.colcon_cmake.task.cmake.build:Building CMake package in '/home/bartosz-babi-ski/Hexapod_git2/Hexapod/simulation/ros2_ws_hex/src/open_manipulator_bringup'
[1.006s] INFO:colcon.colcon_core.shell:Skip shell extension 'powershell' for command environment: Not usable outside of PowerShell
[1.006s] DEBUG:colcon.colcon_core.shell:Skip shell extension 'dsv' for command environment
[1.013s] INFO:colcon.colcon_ros.task.ament_cmake.build:Building ROS package in '/home/bartosz-babi-ski/Hexapod_git2/Hexapod/simulation/ros2_ws_hex/src/open_manipulator_moveit_config' with build type 'ament_cmake'
[1.013s] INFO:colcon.colcon_cmake.task.cmake.build:Building CMake package in '/home/bartosz-babi-ski/Hexapod_git2/Hexapod/simulation/ros2_ws_hex/src/open_manipulator_moveit_config'
[1.014s] INFO:colcon.colcon_core.shell:Skip shell extension 'powershell' for command environment: Not usable outside of PowerShell
[1.014s] DEBUG:colcon.colcon_core.shell:Skip shell extension 'dsv' for command environment
[1.023s] DEBUG:colcon.colcon_core.event_handler.log_command:Invoking command in '/home/bartosz-babi-ski/Hexapod_git2/Hexapod/simulation/ros2_ws_hex/build/open_manipulator_bringup': CMAKE_PREFIX_PATH=/home/bartosz-babi-ski/Hexapod_git2/Hexapod/simulation/ros2_ws_hex/install/open_manipulator_description:/home/bartosz-babi-ski/Hexapod_git2/Hexapod/simulation/ros2_ws_hex/install/open_manipulator:/home/bartosz-babi-ski/Hexapod_git2/Hexapod/simulation/ros2_ws_hex/install/open_manipulator_moveit_config:/home/bartosz-babi-ski/Hexapod_git2/Hexapod/simulation/ros2_ws_hex/install/open_manipulator_bringup:/home/bartosz-babi-ski/Hexapod_git2/Hexapod/simulation/ros2_ws_hex/install/om_spring_actuator_controller:/home/bartosz-babi-ski/Hexapod_git2/Hexapod/simulation/ros2_ws_hex/install/om_joint_trajectory_command_broadcaster:/home/bartosz-babi-ski/Hexapod_git2/Hexapod/simulation/ros2_ws_hex/install/om_gravity_compensation_controller:/home/bartosz-babi-ski/ws_moveit/install/robotiq_hardware_tests:/home/bartosz-babi-ski/ws_moveit/install/robotiq_driver:/home/bartosz-babi-ski/ws_moveit/install/serial:/home/bartosz-babi-ski/ws_moveit/install/moveit2_tutorials:/home/bartosz-babi-ski/ws_moveit/install/moveit_visual_tools:/home/bartosz-babi-ski/ws_moveit/install/rviz_visual_tools:/home/bartosz-babi-ski/ws_moveit/install/moveit_task_constructor_visualization:/home/bartosz-babi-ski/ws_moveit/install/moveit_task_constructor_demo:/home/bartosz-babi-ski/ws_moveit/install/moveit_task_constructor_capabilities:/home/bartosz-babi-ski/ws_moveit/install/moveit_task_constructor_core:/home/bartosz-babi-ski/ws_moveit/install/rviz_marker_tools:/home/bartosz-babi-ski/ws_moveit/install/kortex_bringup:/home/bartosz-babi-ski/ws_moveit/install/kinova_gen3_lite_moveit_config:/home/bartosz-babi-ski/ws_moveit/install/kinova_gen3_7dof_robotiq_2f_85_moveit_config:/home/bartosz-babi-ski/ws_moveit/install/kinova_gen3_6dof_robotiq_2f_85_moveit_config:/home/bartosz-babi-ski/ws_moveit/install/kortex_description:/home/bartosz-babi-ski/ws_moveit/install/robotiq_description:/home/bartosz-babi-ski/ws_moveit/install/robotiq_controllers:/home/bartosz-babi-ski/ws_moveit/install/pilz_industrial_motion_planner_testutils:/home/bartosz-babi-ski/ws_moveit/install/moveit_runtime:/home/bartosz-babi-ski/ws_moveit/install/moveit:/home/bartosz-babi-ski/ws_moveit/install/moveit_planners:/home/bartosz-babi-ski/ws_moveit/install/pilz_industrial_motion_planner:/home/bartosz-babi-ski/ws_moveit/install/picknik_twist_controller:/home/bartosz-babi-ski/ws_moveit/install/picknik_reset_fault_controller:/home/bartosz-babi-ski/ws_moveit/install/moveit_task_constructor_msgs:/home/bartosz-babi-ski/ws_moveit/install/moveit_ros_control_interface:/home/bartosz-babi-ski/ws_moveit/install/moveit_plugins:/home/bartosz-babi-ski/ws_moveit/install/moveit_simple_controller_manager:/home/bartosz-babi-ski/ws_moveit/install/moveit_setup_assistant:/home/bartosz-babi-ski/ws_moveit/install/moveit_setup_srdf_plugins:/home/bartosz-babi-ski/ws_moveit/install/moveit_setup_core_plugins:/home/bartosz-babi-ski/ws_moveit/install/moveit_setup_controllers:/home/bartosz-babi-ski/ws_moveit/install/moveit_setup_app_plugins:/home/bartosz-babi-ski/ws_moveit/install/moveit_setup_framework:/home/bartosz-babi-ski/ws_moveit/install/moveit_servo:/home/bartosz-babi-ski/ws_moveit/install/moveit_ros_trajectory_cache:/home/bartosz-babi-ski/ws_moveit/install/moveit_ros:/home/bartosz-babi-ski/ws_moveit/install/moveit_ros_visualization:/home/bartosz-babi-ski/ws_moveit/install/moveit_py:/home/bartosz-babi-ski/ws_moveit/install/moveit_hybrid_planning:/home/bartosz-babi-ski/ws_moveit/install/moveit_ros_planning_interface:/home/bartosz-babi-ski/ws_moveit/install/moveit_ros_benchmarks:/home/bartosz-babi-ski/ws_moveit/install/moveit_ros_warehouse:/home/bartosz-babi-ski/ws_moveit/install/moveit_ros_robot_interaction:/home/bartosz-babi-ski/ws_moveit/install/moveit_ros_perception:/home/bartosz-babi-ski/ws_moveit/install/moveit_resources_prbt_pg70_support:/home/bartosz-babi-ski/ws_moveit/install/moveit_resources_prbt_moveit_config:/home/bartosz-babi-ski/ws_moveit/install/moveit_ros_move_group:/home/bartosz-babi-ski/ws_moveit/install/moveit_planners_ompl:/home/bartosz-babi-ski/ws_moveit/install/moveit_kinematics:/home/bartosz-babi-ski/ws_moveit/install/moveit_ros_planning:/home/bartosz-babi-ski/ws_moveit/install/moveit_ros_occupancy_map_monitor:/home/bartosz-babi-ski/ws_moveit/install/moveit_resources_prbt_support:/home/bartosz-babi-ski/ws_moveit/install/moveit_resources_prbt_ikfast_manipulator_plugin:/home/bartosz-babi-ski/ws_moveit/install/moveit_resources:/home/bartosz-babi-ski/ws_moveit/install/moveit_resources_pr2_description:/home/bartosz-babi-ski/ws_moveit/install/moveit_resources_panda_moveit_config:/home/bartosz-babi-ski/ws_moveit/install/dual_arm_panda_moveit_config:/home/bartosz-babi-ski/ws_moveit/install/moveit_resources_panda_description:/home/bartosz-babi-ski/ws_moveit/install/moveit_resources_fanuc_moveit_config:/home/bartosz-babi-ski/ws_moveit/install/moveit_resources_fanuc_description:/home/bartosz-babi-ski/ws_moveit/install/moveit_planners_stomp:/home/bartosz-babi-ski/ws_moveit/install/moveit_planners_chomp:/home/bartosz-babi-ski/ws_moveit/install/chomp_motion_planner:/home/bartosz-babi-ski/ws_moveit/install/moveit_core:/home/bartosz-babi-ski/ws_moveit/install/moveit_msgs:/home/bartosz-babi-ski/ws_moveit/install/moveit_common:/home/bartosz-babi-ski/ws_moveit/install/kortex_driver:/home/bartosz-babi-ski/ws_moveit/install/kortex_api:/home/bartosz-babi-ski/newros2_ws/install/hexapod_moveit_config:/home/bartosz-babi-ski/newros2_ws/install/hexapod_gazebo:/home/bartosz-babi-ski/newros2_ws/install/hexapod_description:/home/bartosz-babi-ski/ws_moveit2/install/hello_moveit:/home/bartosz-babi-ski/ros2_ws/install/mycobot_moveit_config:/home/bartosz-babi-ski/ros2_ws/install/mycobot_gazebo:/home/bartosz-babi-ski/ros2_ws/install/mycobot_description:/opt/ros/jazzy/opt/gz_launch_vendor:/opt/ros/jazzy/opt/gz_sim_vendor:/opt/ros/jazzy/opt/gz_sensors_vendor:/opt/ros/jazzy/opt/gz_physics_vendor:/opt/ros/jazzy/opt/sdformat_vendor:/opt/ros/jazzy/opt/gz_gui_vendor:/opt/ros/jazzy/opt/gz_transport_vendor:/opt/ros/jazzy/opt/gz_rendering_vendor:/opt/ros/jazzy/opt/gz_plugin_vendor:/opt/ros/jazzy/opt/gz_fuel_tools_vendor:/opt/ros/jazzy/opt/gz_msgs_vendor:/opt/ros/jazzy/opt/gz_common_vendor:/opt/ros/jazzy/opt/gz_math_vendor:/opt/ros/jazzy/opt/gz_utils_vendor:/opt/ros/jazzy/opt/gz_tools_vendor:/opt/ros/jazzy/opt/gz_ogre_next_vendor:/opt/ros/jazzy/opt/gz_dartsim_vendor:/opt/ros/jazzy/opt/gz_cmake_vendor:/home/bartosz-babi-ski/ws_moveit/install/moveit_configs_utils:/opt/ros/jazzy DEBUGINFOD_URLS=https://debuginfod.ubuntu.com /usr/bin/cmake /home/bartosz-babi-ski/Hexapod_git2/Hexapod/simulation/ros2_ws_hex/src/open_manipulator_bringup -DCMAKE_INSTALL_PREFIX=/home/bartosz-babi-ski/Hexapod_git2/Hexapod/simulation/ros2_ws_hex/install/open_manipulator_bringup
[1.027s] DEBUG:colcon.colcon_core.event_handler.log_command:Invoking command in '/home/bartosz-babi-ski/Hexapod_git2/Hexapod/simulation/ros2_ws_hex/build/open_manipulator_moveit_config': CMAKE_PREFIX_PATH=/home/bartosz-babi-ski/Hexapod_git2/Hexapod/simulation/ros2_ws_hex/install/open_manipulator_description:/home/bartosz-babi-ski/Hexapod_git2/Hexapod/simulation/ros2_ws_hex/install/open_manipulator:/home/bartosz-babi-ski/Hexapod_git2/Hexapod/simulation/ros2_ws_hex/install/open_manipulator_moveit_config:/home/bartosz-babi-ski/Hexapod_git2/Hexapod/simulation/ros2_ws_hex/install/open_manipulator_bringup:/home/bartosz-babi-ski/Hexapod_git2/Hexapod/simulation/ros2_ws_hex/install/om_spring_actuator_controller:/home/bartosz-babi-ski/Hexapod_git2/Hexapod/simulation/ros2_ws_hex/install/om_joint_trajectory_command_broadcaster:/home/bartosz-babi-ski/Hexapod_git2/Hexapod/simulation/ros2_ws_hex/install/om_gravity_compensation_controller:/home/bartosz-babi-ski/ws_moveit/install/robotiq_hardware_tests:/home/bartosz-babi-ski/ws_moveit/install/robotiq_driver:/home/bartosz-babi-ski/ws_moveit/install/serial:/home/bartosz-babi-ski/ws_moveit/install/moveit2_tutorials:/home/bartosz-babi-ski/ws_moveit/install/moveit_visual_tools:/home/bartosz-babi-ski/ws_moveit/install/rviz_visual_tools:/home/bartosz-babi-ski/ws_moveit/install/moveit_task_constructor_visualization:/home/bartosz-babi-ski/ws_moveit/install/moveit_task_constructor_demo:/home/bartosz-babi-ski/ws_moveit/install/moveit_task_constructor_capabilities:/home/bartosz-babi-ski/ws_moveit/install/moveit_task_constructor_core:/home/bartosz-babi-ski/ws_moveit/install/rviz_marker_tools:/home/bartosz-babi-ski/ws_moveit/install/kortex_bringup:/home/bartosz-babi-ski/ws_moveit/install/kinova_gen3_lite_moveit_config:/home/bartosz-babi-ski/ws_moveit/install/kinova_gen3_7dof_robotiq_2f_85_moveit_config:/home/bartosz-babi-ski/ws_moveit/install/kinova_gen3_6dof_robotiq_2f_85_moveit_config:/home/bartosz-babi-ski/ws_moveit/install/kortex_description:/home/bartosz-babi-ski/ws_moveit/install/robotiq_description:/home/bartosz-babi-ski/ws_moveit/install/robotiq_controllers:/home/bartosz-babi-ski/ws_moveit/install/pilz_industrial_motion_planner_testutils:/home/bartosz-babi-ski/ws_moveit/install/moveit_runtime:/home/bartosz-babi-ski/ws_moveit/install/moveit:/home/bartosz-babi-ski/ws_moveit/install/moveit_planners:/home/bartosz-babi-ski/ws_moveit/install/pilz_industrial_motion_planner:/home/bartosz-babi-ski/ws_moveit/install/picknik_twist_controller:/home/bartosz-babi-ski/ws_moveit/install/picknik_reset_fault_controller:/home/bartosz-babi-ski/ws_moveit/install/moveit_task_constructor_msgs:/home/bartosz-babi-ski/ws_moveit/install/moveit_ros_control_interface:/home/bartosz-babi-ski/ws_moveit/install/moveit_plugins:/home/bartosz-babi-ski/ws_moveit/install/moveit_simple_controller_manager:/home/bartosz-babi-ski/ws_moveit/install/moveit_setup_assistant:/home/bartosz-babi-ski/ws_moveit/install/moveit_setup_srdf_plugins:/home/bartosz-babi-ski/ws_moveit/install/moveit_setup_core_plugins:/home/bartosz-babi-ski/ws_moveit/install/moveit_setup_controllers:/home/bartosz-babi-ski/ws_moveit/install/moveit_setup_app_plugins:/home/bartosz-babi-ski/ws_moveit/install/moveit_setup_framework:/home/bartosz-babi-ski/ws_moveit/install/moveit_servo:/home/bartosz-babi-ski/ws_moveit/install/moveit_ros_trajectory_cache:/home/bartosz-babi-ski/ws_moveit/install/moveit_ros:/home/bartosz-babi-ski/ws_moveit/install/moveit_ros_visualization:/home/bartosz-babi-ski/ws_moveit/install/moveit_py:/home/bartosz-babi-ski/ws_moveit/install/moveit_hybrid_planning:/home/bartosz-babi-ski/ws_moveit/install/moveit_ros_planning_interface:/home/bartosz-babi-ski/ws_moveit/install/moveit_ros_benchmarks:/home/bartosz-babi-ski/ws_moveit/install/moveit_ros_warehouse:/home/bartosz-babi-ski/ws_moveit/install/moveit_ros_robot_interaction:/home/bartosz-babi-ski/ws_moveit/install/moveit_ros_perception:/home/bartosz-babi-ski/ws_moveit/install/moveit_resources_prbt_pg70_support:/home/bartosz-babi-ski/ws_moveit/install/moveit_resources_prbt_moveit_config:/home/bartosz-babi-ski/ws_moveit/install/moveit_ros_move_group:/home/bartosz-babi-ski/ws_moveit/install/moveit_planners_ompl:/home/bartosz-babi-ski/ws_moveit/install/moveit_kinematics:/home/bartosz-babi-ski/ws_moveit/install/moveit_ros_planning:/home/bartosz-babi-ski/ws_moveit/install/moveit_ros_occupancy_map_monitor:/home/bartosz-babi-ski/ws_moveit/install/moveit_resources_prbt_support:/home/bartosz-babi-ski/ws_moveit/install/moveit_resources_prbt_ikfast_manipulator_plugin:/home/bartosz-babi-ski/ws_moveit/install/moveit_resources:/home/bartosz-babi-ski/ws_moveit/install/moveit_resources_pr2_description:/home/bartosz-babi-ski/ws_moveit/install/moveit_resources_panda_moveit_config:/home/bartosz-babi-ski/ws_moveit/install/dual_arm_panda_moveit_config:/home/bartosz-babi-ski/ws_moveit/install/moveit_resources_panda_description:/home/bartosz-babi-ski/ws_moveit/install/moveit_resources_fanuc_moveit_config:/home/bartosz-babi-ski/ws_moveit/install/moveit_resources_fanuc_description:/home/bartosz-babi-ski/ws_moveit/install/moveit_planners_stomp:/home/bartosz-babi-ski/ws_moveit/install/moveit_planners_chomp:/home/bartosz-babi-ski/ws_moveit/install/chomp_motion_planner:/home/bartosz-babi-ski/ws_moveit/install/moveit_core:/home/bartosz-babi-ski/ws_moveit/install/moveit_msgs:/home/bartosz-babi-ski/ws_moveit/install/moveit_common:/home/bartosz-babi-ski/ws_moveit/install/kortex_driver:/home/bartosz-babi-ski/ws_moveit/install/kortex_api:/home/bartosz-babi-ski/newros2_ws/install/hexapod_moveit_config:/home/bartosz-babi-ski/newros2_ws/install/hexapod_gazebo:/home/bartosz-babi-ski/newros2_ws/install/hexapod_description:/home/bartosz-babi-ski/ws_moveit2/install/hello_moveit:/home/bartosz-babi-ski/ros2_ws/install/mycobot_moveit_config:/home/bartosz-babi-ski/ros2_ws/install/mycobot_gazebo:/home/bartosz-babi-ski/ros2_ws/install/mycobot_description:/opt/ros/jazzy/opt/gz_launch_vendor:/opt/ros/jazzy/opt/gz_sim_vendor:/opt/ros/jazzy/opt/gz_sensors_vendor:/opt/ros/jazzy/opt/gz_physics_vendor:/opt/ros/jazzy/opt/sdformat_vendor:/opt/ros/jazzy/opt/gz_gui_vendor:/opt/ros/jazzy/opt/gz_transport_vendor:/opt/ros/jazzy/opt/gz_rendering_vendor:/opt/ros/jazzy/opt/gz_plugin_vendor:/opt/ros/jazzy/opt/gz_fuel_tools_vendor:/opt/ros/jazzy/opt/gz_msgs_vendor:/opt/ros/jazzy/opt/gz_common_vendor:/opt/ros/jazzy/opt/gz_math_vendor:/opt/ros/jazzy/opt/gz_utils_vendor:/opt/ros/jazzy/opt/gz_tools_vendor:/opt/ros/jazzy/opt/gz_ogre_next_vendor:/opt/ros/jazzy/opt/gz_dartsim_vendor:/opt/ros/jazzy/opt/gz_cmake_vendor:/home/bartosz-babi-ski/ws_moveit/install/moveit_configs_utils:/opt/ros/jazzy DEBUGINFOD_URLS=https://debuginfod.ubuntu.com /usr/bin/cmake /home/bartosz-babi-ski/Hexapod_git2/Hexapod/simulation/ros2_ws_hex/src/open_manipulator_moveit_config -DCMAKE_INSTALL_PREFIX=/home/bartosz-babi-ski/Hexapod_git2/Hexapod/simulation/ros2_ws_hex/install/open_manipulator_moveit_config
[1.753s] DEBUG:colcon.colcon_core.event_handler.log_command:Invoked command in '/home/bartosz-babi-ski/Hexapod_git2/Hexapod/simulation/ros2_ws_hex/build/open_manipulator_moveit_config' returned '0': CMAKE_PREFIX_PATH=/home/bartosz-babi-ski/Hexapod_git2/Hexapod/simulation/ros2_ws_hex/install/open_manipulator_description:/home/bartosz-babi-ski/Hexapod_git2/Hexapod/simulation/ros2_ws_hex/install/open_manipulator:/home/bartosz-babi-ski/Hexapod_git2/Hexapod/simulation/ros2_ws_hex/install/open_manipulator_moveit_config:/home/bartosz-babi-ski/Hexapod_git2/Hexapod/simulation/ros2_ws_hex/install/open_manipulator_bringup:/home/bartosz-babi-ski/Hexapod_git2/Hexapod/simulation/ros2_ws_hex/install/om_spring_actuator_controller:/home/bartosz-babi-ski/Hexapod_git2/Hexapod/simulation/ros2_ws_hex/install/om_joint_trajectory_command_broadcaster:/home/bartosz-babi-ski/Hexapod_git2/Hexapod/simulation/ros2_ws_hex/install/om_gravity_compensation_controller:/home/bartosz-babi-ski/ws_moveit/install/robotiq_hardware_tests:/home/bartosz-babi-ski/ws_moveit/install/robotiq_driver:/home/bartosz-babi-ski/ws_moveit/install/serial:/home/bartosz-babi-ski/ws_moveit/install/moveit2_tutorials:/home/bartosz-babi-ski/ws_moveit/install/moveit_visual_tools:/home/bartosz-babi-ski/ws_moveit/install/rviz_visual_tools:/home/bartosz-babi-ski/ws_moveit/install/moveit_task_constructor_visualization:/home/bartosz-babi-ski/ws_moveit/install/moveit_task_constructor_demo:/home/bartosz-babi-ski/ws_moveit/install/moveit_task_constructor_capabilities:/home/bartosz-babi-ski/ws_moveit/install/moveit_task_constructor_core:/home/bartosz-babi-ski/ws_moveit/install/rviz_marker_tools:/home/bartosz-babi-ski/ws_moveit/install/kortex_bringup:/home/bartosz-babi-ski/ws_moveit/install/kinova_gen3_lite_moveit_config:/home/bartosz-babi-ski/ws_moveit/install/kinova_gen3_7dof_robotiq_2f_85_moveit_config:/home/bartosz-babi-ski/ws_moveit/install/kinova_gen3_6dof_robotiq_2f_85_moveit_config:/home/bartosz-babi-ski/ws_moveit/install/kortex_description:/home/bartosz-babi-ski/ws_moveit/install/robotiq_description:/home/bartosz-babi-ski/ws_moveit/install/robotiq_controllers:/home/bartosz-babi-ski/ws_moveit/install/pilz_industrial_motion_planner_testutils:/home/bartosz-babi-ski/ws_moveit/install/moveit_runtime:/home/bartosz-babi-ski/ws_moveit/install/moveit:/home/bartosz-babi-ski/ws_moveit/install/moveit_planners:/home/bartosz-babi-ski/ws_moveit/install/pilz_industrial_motion_planner:/home/bartosz-babi-ski/ws_moveit/install/picknik_twist_controller:/home/bartosz-babi-ski/ws_moveit/install/picknik_reset_fault_controller:/home/bartosz-babi-ski/ws_moveit/install/moveit_task_constructor_msgs:/home/bartosz-babi-ski/ws_moveit/install/moveit_ros_control_interface:/home/bartosz-babi-ski/ws_moveit/install/moveit_plugins:/home/bartosz-babi-ski/ws_moveit/install/moveit_simple_controller_manager:/home/bartosz-babi-ski/ws_moveit/install/moveit_setup_assistant:/home/bartosz-babi-ski/ws_moveit/install/moveit_setup_srdf_plugins:/home/bartosz-babi-ski/ws_moveit/install/moveit_setup_core_plugins:/home/bartosz-babi-ski/ws_moveit/install/moveit_setup_controllers:/home/bartosz-babi-ski/ws_moveit/install/moveit_setup_app_plugins:/home/bartosz-babi-ski/ws_moveit/install/moveit_setup_framework:/home/bartosz-babi-ski/ws_moveit/install/moveit_servo:/home/bartosz-babi-ski/ws_moveit/install/moveit_ros_trajectory_cache:/home/bartosz-babi-ski/ws_moveit/install/moveit_ros:/home/bartosz-babi-ski/ws_moveit/install/moveit_ros_visualization:/home/bartosz-babi-ski/ws_moveit/install/moveit_py:/home/bartosz-babi-ski/ws_moveit/install/moveit_hybrid_planning:/home/bartosz-babi-ski/ws_moveit/install/moveit_ros_planning_interface:/home/bartosz-babi-ski/ws_moveit/install/moveit_ros_benchmarks:/home/bartosz-babi-ski/ws_moveit/install/moveit_ros_warehouse:/home/bartosz-babi-ski/ws_moveit/install/moveit_ros_robot_interaction:/home/bartosz-babi-ski/ws_moveit/install/moveit_ros_perception:/home/bartosz-babi-ski/ws_moveit/install/moveit_resources_prbt_pg70_support:/home/bartosz-babi-ski/ws_moveit/install/moveit_resources_prbt_moveit_config:/home/bartosz-babi-ski/ws_moveit/install/moveit_ros_move_group:/home/bartosz-babi-ski/ws_moveit/install/moveit_planners_ompl:/home/bartosz-babi-ski/ws_moveit/install/moveit_kinematics:/home/bartosz-babi-ski/ws_moveit/install/moveit_ros_planning:/home/bartosz-babi-ski/ws_moveit/install/moveit_ros_occupancy_map_monitor:/home/bartosz-babi-ski/ws_moveit/install/moveit_resources_prbt_support:/home/bartosz-babi-ski/ws_moveit/install/moveit_resources_prbt_ikfast_manipulator_plugin:/home/bartosz-babi-ski/ws_moveit/install/moveit_resources:/home/bartosz-babi-ski/ws_moveit/install/moveit_resources_pr2_description:/home/bartosz-babi-ski/ws_moveit/install/moveit_resources_panda_moveit_config:/home/bartosz-babi-ski/ws_moveit/install/dual_arm_panda_moveit_config:/home/bartosz-babi-ski/ws_moveit/install/moveit_resources_panda_description:/home/bartosz-babi-ski/ws_moveit/install/moveit_resources_fanuc_moveit_config:/home/bartosz-babi-ski/ws_moveit/install/moveit_resources_fanuc_description:/home/bartosz-babi-ski/ws_moveit/install/moveit_planners_stomp:/home/bartosz-babi-ski/ws_moveit/install/moveit_planners_chomp:/home/bartosz-babi-ski/ws_moveit/install/chomp_motion_planner:/home/bartosz-babi-ski/ws_moveit/install/moveit_core:/home/bartosz-babi-ski/ws_moveit/install/moveit_msgs:/home/bartosz-babi-ski/ws_moveit/install/moveit_common:/home/bartosz-babi-ski/ws_moveit/install/kortex_driver:/home/bartosz-babi-ski/ws_moveit/install/kortex_api:/home/bartosz-babi-ski/newros2_ws/install/hexapod_moveit_config:/home/bartosz-babi-ski/newros2_ws/install/hexapod_gazebo:/home/bartosz-babi-ski/newros2_ws/install/hexapod_description:/home/bartosz-babi-ski/ws_moveit2/install/hello_moveit:/home/bartosz-babi-ski/ros2_ws/install/mycobot_moveit_config:/home/bartosz-babi-ski/ros2_ws/install/mycobot_gazebo:/home/bartosz-babi-ski/ros2_ws/install/mycobot_description:/opt/ros/jazzy/opt/gz_launch_vendor:/opt/ros/jazzy/opt/gz_sim_vendor:/opt/ros/jazzy/opt/gz_sensors_vendor:/opt/ros/jazzy/opt/gz_physics_vendor:/opt/ros/jazzy/opt/sdformat_vendor:/opt/ros/jazzy/opt/gz_gui_vendor:/opt/ros/jazzy/opt/gz_transport_vendor:/opt/ros/jazzy/opt/gz_rendering_vendor:/opt/ros/jazzy/opt/gz_plugin_vendor:/opt/ros/jazzy/opt/gz_fuel_tools_vendor:/opt/ros/jazzy/opt/gz_msgs_vendor:/opt/ros/jazzy/opt/gz_common_vendor:/opt/ros/jazzy/opt/gz_math_vendor:/opt/ros/jazzy/opt/gz_utils_vendor:/opt/ros/jazzy/opt/gz_tools_vendor:/opt/ros/jazzy/opt/gz_ogre_next_vendor:/opt/ros/jazzy/opt/gz_dartsim_vendor:/opt/ros/jazzy/opt/gz_cmake_vendor:/home/bartosz-babi-ski/ws_moveit/install/moveit_configs_utils:/opt/ros/jazzy DEBUGINFOD_URLS=https://debuginfod.ubuntu.com /usr/bin/cmake /home/bartosz-babi-ski/Hexapod_git2/Hexapod/simulation/ros2_ws_hex/src/open_manipulator_moveit_config -DCMAKE_INSTALL_PREFIX=/home/bartosz-babi-ski/Hexapod_git2/Hexapod/simulation/ros2_ws_hex/install/open_manipulator_moveit_config
[1.753s] DEBUG:colcon.colcon_core.event_handler.log_command:Invoking command in '/home/bartosz-babi-ski/Hexapod_git2/Hexapod/simulation/ros2_ws_hex/build/open_manipulator_moveit_config': CMAKE_PREFIX_PATH=/home/bartosz-babi-ski/Hexapod_git2/Hexapod/simulation/ros2_ws_hex/install/open_manipulator_description:/home/bartosz-babi-ski/Hexapod_git2/Hexapod/simulation/ros2_ws_hex/install/open_manipulator:/home/bartosz-babi-ski/Hexapod_git2/Hexapod/simulation/ros2_ws_hex/install/open_manipulator_moveit_config:/home/bartosz-babi-ski/Hexapod_git2/Hexapod/simulation/ros2_ws_hex/install/open_manipulator_bringup:/home/bartosz-babi-ski/Hexapod_git2/Hexapod/simulation/ros2_ws_hex/install/om_spring_actuator_controller:/home/bartosz-babi-ski/Hexapod_git2/Hexapod/simulation/ros2_ws_hex/install/om_joint_trajectory_command_broadcaster:/home/bartosz-babi-ski/Hexapod_git2/Hexapod/simulation/ros2_ws_hex/install/om_gravity_compensation_controller:/home/bartosz-babi-ski/ws_moveit/install/robotiq_hardware_tests:/home/bartosz-babi-ski/ws_moveit/install/robotiq_driver:/home/bartosz-babi-ski/ws_moveit/install/serial:/home/bartosz-babi-ski/ws_moveit/install/moveit2_tutorials:/home/bartosz-babi-ski/ws_moveit/install/moveit_visual_tools:/home/bartosz-babi-ski/ws_moveit/install/rviz_visual_tools:/home/bartosz-babi-ski/ws_moveit/install/moveit_task_constructor_visualization:/home/bartosz-babi-ski/ws_moveit/install/moveit_task_constructor_demo:/home/bartosz-babi-ski/ws_moveit/install/moveit_task_constructor_capabilities:/home/bartosz-babi-ski/ws_moveit/install/moveit_task_constructor_core:/home/bartosz-babi-ski/ws_moveit/install/rviz_marker_tools:/home/bartosz-babi-ski/ws_moveit/install/kortex_bringup:/home/bartosz-babi-ski/ws_moveit/install/kinova_gen3_lite_moveit_config:/home/bartosz-babi-ski/ws_moveit/install/kinova_gen3_7dof_robotiq_2f_85_moveit_config:/home/bartosz-babi-ski/ws_moveit/install/kinova_gen3_6dof_robotiq_2f_85_moveit_config:/home/bartosz-babi-ski/ws_moveit/install/kortex_description:/home/bartosz-babi-ski/ws_moveit/install/robotiq_description:/home/bartosz-babi-ski/ws_moveit/install/robotiq_controllers:/home/bartosz-babi-ski/ws_moveit/install/pilz_industrial_motion_planner_testutils:/home/bartosz-babi-ski/ws_moveit/install/moveit_runtime:/home/bartosz-babi-ski/ws_moveit/install/moveit:/home/bartosz-babi-ski/ws_moveit/install/moveit_planners:/home/bartosz-babi-ski/ws_moveit/install/pilz_industrial_motion_planner:/home/bartosz-babi-ski/ws_moveit/install/picknik_twist_controller:/home/bartosz-babi-ski/ws_moveit/install/picknik_reset_fault_controller:/home/bartosz-babi-ski/ws_moveit/install/moveit_task_constructor_msgs:/home/bartosz-babi-ski/ws_moveit/install/moveit_ros_control_interface:/home/bartosz-babi-ski/ws_moveit/install/moveit_plugins:/home/bartosz-babi-ski/ws_moveit/install/moveit_simple_controller_manager:/home/bartosz-babi-ski/ws_moveit/install/moveit_setup_assistant:/home/bartosz-babi-ski/ws_moveit/install/moveit_setup_srdf_plugins:/home/bartosz-babi-ski/ws_moveit/install/moveit_setup_core_plugins:/home/bartosz-babi-ski/ws_moveit/install/moveit_setup_controllers:/home/bartosz-babi-ski/ws_moveit/install/moveit_setup_app_plugins:/home/bartosz-babi-ski/ws_moveit/install/moveit_setup_framework:/home/bartosz-babi-ski/ws_moveit/install/moveit_servo:/home/bartosz-babi-ski/ws_moveit/install/moveit_ros_trajectory_cache:/home/bartosz-babi-ski/ws_moveit/install/moveit_ros:/home/bartosz-babi-ski/ws_moveit/install/moveit_ros_visualization:/home/bartosz-babi-ski/ws_moveit/install/moveit_py:/home/bartosz-babi-ski/ws_moveit/install/moveit_hybrid_planning:/home/bartosz-babi-ski/ws_moveit/install/moveit_ros_planning_interface:/home/bartosz-babi-ski/ws_moveit/install/moveit_ros_benchmarks:/home/bartosz-babi-ski/ws_moveit/install/moveit_ros_warehouse:/home/bartosz-babi-ski/ws_moveit/install/moveit_ros_robot_interaction:/home/bartosz-babi-ski/ws_moveit/install/moveit_ros_perception:/home/bartosz-babi-ski/ws_moveit/install/moveit_resources_prbt_pg70_support:/home/bartosz-babi-ski/ws_moveit/install/moveit_resources_prbt_moveit_config:/home/bartosz-babi-ski/ws_moveit/install/moveit_ros_move_group:/home/bartosz-babi-ski/ws_moveit/install/moveit_planners_ompl:/home/bartosz-babi-ski/ws_moveit/install/moveit_kinematics:/home/bartosz-babi-ski/ws_moveit/install/moveit_ros_planning:/home/bartosz-babi-ski/ws_moveit/install/moveit_ros_occupancy_map_monitor:/home/bartosz-babi-ski/ws_moveit/install/moveit_resources_prbt_support:/home/bartosz-babi-ski/ws_moveit/install/moveit_resources_prbt_ikfast_manipulator_plugin:/home/bartosz-babi-ski/ws_moveit/install/moveit_resources:/home/bartosz-babi-ski/ws_moveit/install/moveit_resources_pr2_description:/home/bartosz-babi-ski/ws_moveit/install/moveit_resources_panda_moveit_config:/home/bartosz-babi-ski/ws_moveit/install/dual_arm_panda_moveit_config:/home/bartosz-babi-ski/ws_moveit/install/moveit_resources_panda_description:/home/bartosz-babi-ski/ws_moveit/install/moveit_resources_fanuc_moveit_config:/home/bartosz-babi-ski/ws_moveit/install/moveit_resources_fanuc_description:/home/bartosz-babi-ski/ws_moveit/install/moveit_planners_stomp:/home/bartosz-babi-ski/ws_moveit/install/moveit_planners_chomp:/home/bartosz-babi-ski/ws_moveit/install/chomp_motion_planner:/home/bartosz-babi-ski/ws_moveit/install/moveit_core:/home/bartosz-babi-ski/ws_moveit/install/moveit_msgs:/home/bartosz-babi-ski/ws_moveit/install/moveit_common:/home/bartosz-babi-ski/ws_moveit/install/kortex_driver:/home/bartosz-babi-ski/ws_moveit/install/kortex_api:/home/bartosz-babi-ski/newros2_ws/install/hexapod_moveit_config:/home/bartosz-babi-ski/newros2_ws/install/hexapod_gazebo:/home/bartosz-babi-ski/newros2_ws/install/hexapod_description:/home/bartosz-babi-ski/ws_moveit2/install/hello_moveit:/home/bartosz-babi-ski/ros2_ws/install/mycobot_moveit_config:/home/bartosz-babi-ski/ros2_ws/install/mycobot_gazebo:/home/bartosz-babi-ski/ros2_ws/install/mycobot_description:/opt/ros/jazzy/opt/gz_launch_vendor:/opt/ros/jazzy/opt/gz_sim_vendor:/opt/ros/jazzy/opt/gz_sensors_vendor:/opt/ros/jazzy/opt/gz_physics_vendor:/opt/ros/jazzy/opt/sdformat_vendor:/opt/ros/jazzy/opt/gz_gui_vendor:/opt/ros/jazzy/opt/gz_transport_vendor:/opt/ros/jazzy/opt/gz_rendering_vendor:/opt/ros/jazzy/opt/gz_plugin_vendor:/opt/ros/jazzy/opt/gz_fuel_tools_vendor:/opt/ros/jazzy/opt/gz_msgs_vendor:/opt/ros/jazzy/opt/gz_common_vendor:/opt/ros/jazzy/opt/gz_math_vendor:/opt/ros/jazzy/opt/gz_utils_vendor:/opt/ros/jazzy/opt/gz_tools_vendor:/opt/ros/jazzy/opt/gz_ogre_next_vendor:/opt/ros/jazzy/opt/gz_dartsim_vendor:/opt/ros/jazzy/opt/gz_cmake_vendor:/home/bartosz-babi-ski/ws_moveit/install/moveit_configs_utils:/opt/ros/jazzy DEBUGINFOD_URLS=https://debuginfod.ubuntu.com /usr/bin/cmake --build /home/bartosz-babi-ski/Hexapod_git2/Hexapod/simulation/ros2_ws_hex/build/open_manipulator_moveit_config -- -j12 -l12
[1.799s] DEBUG:colcon.colcon_core.event_handler.log_command:Invoked command in '/home/bartosz-babi-ski/Hexapod_git2/Hexapod/simulation/ros2_ws_hex/build/open_manipulator_moveit_config' returned '0': CMAKE_PREFIX_PATH=/home/bartosz-babi-ski/Hexapod_git2/Hexapod/simulation/ros2_ws_hex/install/open_manipulator_description:/home/bartosz-babi-ski/Hexapod_git2/Hexapod/simulation/ros2_ws_hex/install/open_manipulator:/home/bartosz-babi-ski/Hexapod_git2/Hexapod/simulation/ros2_ws_hex/install/open_manipulator_moveit_config:/home/bartosz-babi-ski/Hexapod_git2/Hexapod/simulation/ros2_ws_hex/install/open_manipulator_bringup:/home/bartosz-babi-ski/Hexapod_git2/Hexapod/simulation/ros2_ws_hex/install/om_spring_actuator_controller:/home/bartosz-babi-ski/Hexapod_git2/Hexapod/simulation/ros2_ws_hex/install/om_joint_trajectory_command_broadcaster:/home/bartosz-babi-ski/Hexapod_git2/Hexapod/simulation/ros2_ws_hex/install/om_gravity_compensation_controller:/home/bartosz-babi-ski/ws_moveit/install/robotiq_hardware_tests:/home/bartosz-babi-ski/ws_moveit/install/robotiq_driver:/home/bartosz-babi-ski/ws_moveit/install/serial:/home/bartosz-babi-ski/ws_moveit/install/moveit2_tutorials:/home/bartosz-babi-ski/ws_moveit/install/moveit_visual_tools:/home/bartosz-babi-ski/ws_moveit/install/rviz_visual_tools:/home/bartosz-babi-ski/ws_moveit/install/moveit_task_constructor_visualization:/home/bartosz-babi-ski/ws_moveit/install/moveit_task_constructor_demo:/home/bartosz-babi-ski/ws_moveit/install/moveit_task_constructor_capabilities:/home/bartosz-babi-ski/ws_moveit/install/moveit_task_constructor_core:/home/bartosz-babi-ski/ws_moveit/install/rviz_marker_tools:/home/bartosz-babi-ski/ws_moveit/install/kortex_bringup:/home/bartosz-babi-ski/ws_moveit/install/kinova_gen3_lite_moveit_config:/home/bartosz-babi-ski/ws_moveit/install/kinova_gen3_7dof_robotiq_2f_85_moveit_config:/home/bartosz-babi-ski/ws_moveit/install/kinova_gen3_6dof_robotiq_2f_85_moveit_config:/home/bartosz-babi-ski/ws_moveit/install/kortex_description:/home/bartosz-babi-ski/ws_moveit/install/robotiq_description:/home/bartosz-babi-ski/ws_moveit/install/robotiq_controllers:/home/bartosz-babi-ski/ws_moveit/install/pilz_industrial_motion_planner_testutils:/home/bartosz-babi-ski/ws_moveit/install/moveit_runtime:/home/bartosz-babi-ski/ws_moveit/install/moveit:/home/bartosz-babi-ski/ws_moveit/install/moveit_planners:/home/bartosz-babi-ski/ws_moveit/install/pilz_industrial_motion_planner:/home/bartosz-babi-ski/ws_moveit/install/picknik_twist_controller:/home/bartosz-babi-ski/ws_moveit/install/picknik_reset_fault_controller:/home/bartosz-babi-ski/ws_moveit/install/moveit_task_constructor_msgs:/home/bartosz-babi-ski/ws_moveit/install/moveit_ros_control_interface:/home/bartosz-babi-ski/ws_moveit/install/moveit_plugins:/home/bartosz-babi-ski/ws_moveit/install/moveit_simple_controller_manager:/home/bartosz-babi-ski/ws_moveit/install/moveit_setup_assistant:/home/bartosz-babi-ski/ws_moveit/install/moveit_setup_srdf_plugins:/home/bartosz-babi-ski/ws_moveit/install/moveit_setup_core_plugins:/home/bartosz-babi-ski/ws_moveit/install/moveit_setup_controllers:/home/bartosz-babi-ski/ws_moveit/install/moveit_setup_app_plugins:/home/bartosz-babi-ski/ws_moveit/install/moveit_setup_framework:/home/bartosz-babi-ski/ws_moveit/install/moveit_servo:/home/bartosz-babi-ski/ws_moveit/install/moveit_ros_trajectory_cache:/home/bartosz-babi-ski/ws_moveit/install/moveit_ros:/home/bartosz-babi-ski/ws_moveit/install/moveit_ros_visualization:/home/bartosz-babi-ski/ws_moveit/install/moveit_py:/home/bartosz-babi-ski/ws_moveit/install/moveit_hybrid_planning:/home/bartosz-babi-ski/ws_moveit/install/moveit_ros_planning_interface:/home/bartosz-babi-ski/ws_moveit/install/moveit_ros_benchmarks:/home/bartosz-babi-ski/ws_moveit/install/moveit_ros_warehouse:/home/bartosz-babi-ski/ws_moveit/install/moveit_ros_robot_interaction:/home/bartosz-babi-ski/ws_moveit/install/moveit_ros_perception:/home/bartosz-babi-ski/ws_moveit/install/moveit_resources_prbt_pg70_support:/home/bartosz-babi-ski/ws_moveit/install/moveit_resources_prbt_moveit_config:/home/bartosz-babi-ski/ws_moveit/install/moveit_ros_move_group:/home/bartosz-babi-ski/ws_moveit/install/moveit_planners_ompl:/home/bartosz-babi-ski/ws_moveit/install/moveit_kinematics:/home/bartosz-babi-ski/ws_moveit/install/moveit_ros_planning:/home/bartosz-babi-ski/ws_moveit/install/moveit_ros_occupancy_map_monitor:/home/bartosz-babi-ski/ws_moveit/install/moveit_resources_prbt_support:/home/bartosz-babi-ski/ws_moveit/install/moveit_resources_prbt_ikfast_manipulator_plugin:/home/bartosz-babi-ski/ws_moveit/install/moveit_resources:/home/bartosz-babi-ski/ws_moveit/install/moveit_resources_pr2_description:/home/bartosz-babi-ski/ws_moveit/install/moveit_resources_panda_moveit_config:/home/bartosz-babi-ski/ws_moveit/install/dual_arm_panda_moveit_config:/home/bartosz-babi-ski/ws_moveit/install/moveit_resources_panda_description:/home/bartosz-babi-ski/ws_moveit/install/moveit_resources_fanuc_moveit_config:/home/bartosz-babi-ski/ws_moveit/install/moveit_resources_fanuc_description:/home/bartosz-babi-ski/ws_moveit/install/moveit_planners_stomp:/home/bartosz-babi-ski/ws_moveit/install/moveit_planners_chomp:/home/bartosz-babi-ski/ws_moveit/install/chomp_motion_planner:/home/bartosz-babi-ski/ws_moveit/install/moveit_core:/home/bartosz-babi-ski/ws_moveit/install/moveit_msgs:/home/bartosz-babi-ski/ws_moveit/install/moveit_common:/home/bartosz-babi-ski/ws_moveit/install/kortex_driver:/home/bartosz-babi-ski/ws_moveit/install/kortex_api:/home/bartosz-babi-ski/newros2_ws/install/hexapod_moveit_config:/home/bartosz-babi-ski/newros2_ws/install/hexapod_gazebo:/home/bartosz-babi-ski/newros2_ws/install/hexapod_description:/home/bartosz-babi-ski/ws_moveit2/install/hello_moveit:/home/bartosz-babi-ski/ros2_ws/install/mycobot_moveit_config:/home/bartosz-babi-ski/ros2_ws/install/mycobot_gazebo:/home/bartosz-babi-ski/ros2_ws/install/mycobot_description:/opt/ros/jazzy/opt/gz_launch_vendor:/opt/ros/jazzy/opt/gz_sim_vendor:/opt/ros/jazzy/opt/gz_sensors_vendor:/opt/ros/jazzy/opt/gz_physics_vendor:/opt/ros/jazzy/opt/sdformat_vendor:/opt/ros/jazzy/opt/gz_gui_vendor:/opt/ros/jazzy/opt/gz_transport_vendor:/opt/ros/jazzy/opt/gz_rendering_vendor:/opt/ros/jazzy/opt/gz_plugin_vendor:/opt/ros/jazzy/opt/gz_fuel_tools_vendor:/opt/ros/jazzy/opt/gz_msgs_vendor:/opt/ros/jazzy/opt/gz_common_vendor:/opt/ros/jazzy/opt/gz_math_vendor:/opt/ros/jazzy/opt/gz_utils_vendor:/opt/ros/jazzy/opt/gz_tools_vendor:/opt/ros/jazzy/opt/gz_ogre_next_vendor:/opt/ros/jazzy/opt/gz_dartsim_vendor:/opt/ros/jazzy/opt/gz_cmake_vendor:/home/bartosz-babi-ski/ws_moveit/install/moveit_configs_utils:/opt/ros/jazzy DEBUGINFOD_URLS=https://debuginfod.ubuntu.com /usr/bin/cmake --build /home/bartosz-babi-ski/Hexapod_git2/Hexapod/simulation/ros2_ws_hex/build/open_manipulator_moveit_config -- -j12 -l12
[1.801s] DEBUG:colcon.colcon_core.event_handler.log_command:Invoking command in '/home/bartosz-babi-ski/Hexapod_git2/Hexapod/simulation/ros2_ws_hex/build/open_manipulator_moveit_config': CMAKE_PREFIX_PATH=/home/bartosz-babi-ski/Hexapod_git2/Hexapod/simulation/ros2_ws_hex/install/open_manipulator_description:/home/bartosz-babi-ski/Hexapod_git2/Hexapod/simulation/ros2_ws_hex/install/open_manipulator:/home/bartosz-babi-ski/Hexapod_git2/Hexapod/simulation/ros2_ws_hex/install/open_manipulator_moveit_config:/home/bartosz-babi-ski/Hexapod_git2/Hexapod/simulation/ros2_ws_hex/install/open_manipulator_bringup:/home/bartosz-babi-ski/Hexapod_git2/Hexapod/simulation/ros2_ws_hex/install/om_spring_actuator_controller:/home/bartosz-babi-ski/Hexapod_git2/Hexapod/simulation/ros2_ws_hex/install/om_joint_trajectory_command_broadcaster:/home/bartosz-babi-ski/Hexapod_git2/Hexapod/simulation/ros2_ws_hex/install/om_gravity_compensation_controller:/home/bartosz-babi-ski/ws_moveit/install/robotiq_hardware_tests:/home/bartosz-babi-ski/ws_moveit/install/robotiq_driver:/home/bartosz-babi-ski/ws_moveit/install/serial:/home/bartosz-babi-ski/ws_moveit/install/moveit2_tutorials:/home/bartosz-babi-ski/ws_moveit/install/moveit_visual_tools:/home/bartosz-babi-ski/ws_moveit/install/rviz_visual_tools:/home/bartosz-babi-ski/ws_moveit/install/moveit_task_constructor_visualization:/home/bartosz-babi-ski/ws_moveit/install/moveit_task_constructor_demo:/home/bartosz-babi-ski/ws_moveit/install/moveit_task_constructor_capabilities:/home/bartosz-babi-ski/ws_moveit/install/moveit_task_constructor_core:/home/bartosz-babi-ski/ws_moveit/install/rviz_marker_tools:/home/bartosz-babi-ski/ws_moveit/install/kortex_bringup:/home/bartosz-babi-ski/ws_moveit/install/kinova_gen3_lite_moveit_config:/home/bartosz-babi-ski/ws_moveit/install/kinova_gen3_7dof_robotiq_2f_85_moveit_config:/home/bartosz-babi-ski/ws_moveit/install/kinova_gen3_6dof_robotiq_2f_85_moveit_config:/home/bartosz-babi-ski/ws_moveit/install/kortex_description:/home/bartosz-babi-ski/ws_moveit/install/robotiq_description:/home/bartosz-babi-ski/ws_moveit/install/robotiq_controllers:/home/bartosz-babi-ski/ws_moveit/install/pilz_industrial_motion_planner_testutils:/home/bartosz-babi-ski/ws_moveit/install/moveit_runtime:/home/bartosz-babi-ski/ws_moveit/install/moveit:/home/bartosz-babi-ski/ws_moveit/install/moveit_planners:/home/bartosz-babi-ski/ws_moveit/install/pilz_industrial_motion_planner:/home/bartosz-babi-ski/ws_moveit/install/picknik_twist_controller:/home/bartosz-babi-ski/ws_moveit/install/picknik_reset_fault_controller:/home/bartosz-babi-ski/ws_moveit/install/moveit_task_constructor_msgs:/home/bartosz-babi-ski/ws_moveit/install/moveit_ros_control_interface:/home/bartosz-babi-ski/ws_moveit/install/moveit_plugins:/home/bartosz-babi-ski/ws_moveit/install/moveit_simple_controller_manager:/home/bartosz-babi-ski/ws_moveit/install/moveit_setup_assistant:/home/bartosz-babi-ski/ws_moveit/install/moveit_setup_srdf_plugins:/home/bartosz-babi-ski/ws_moveit/install/moveit_setup_core_plugins:/home/bartosz-babi-ski/ws_moveit/install/moveit_setup_controllers:/home/bartosz-babi-ski/ws_moveit/install/moveit_setup_app_plugins:/home/bartosz-babi-ski/ws_moveit/install/moveit_setup_framework:/home/bartosz-babi-ski/ws_moveit/install/moveit_servo:/home/bartosz-babi-ski/ws_moveit/install/moveit_ros_trajectory_cache:/home/bartosz-babi-ski/ws_moveit/install/moveit_ros:/home/bartosz-babi-ski/ws_moveit/install/moveit_ros_visualization:/home/bartosz-babi-ski/ws_moveit/install/moveit_py:/home/bartosz-babi-ski/ws_moveit/install/moveit_hybrid_planning:/home/bartosz-babi-ski/ws_moveit/install/moveit_ros_planning_interface:/home/bartosz-babi-ski/ws_moveit/install/moveit_ros_benchmarks:/home/bartosz-babi-ski/ws_moveit/install/moveit_ros_warehouse:/home/bartosz-babi-ski/ws_moveit/install/moveit_ros_robot_interaction:/home/bartosz-babi-ski/ws_moveit/install/moveit_ros_perception:/home/bartosz-babi-ski/ws_moveit/install/moveit_resources_prbt_pg70_support:/home/bartosz-babi-ski/ws_moveit/install/moveit_resources_prbt_moveit_config:/home/bartosz-babi-ski/ws_moveit/install/moveit_ros_move_group:/home/bartosz-babi-ski/ws_moveit/install/moveit_planners_ompl:/home/bartosz-babi-ski/ws_moveit/install/moveit_kinematics:/home/bartosz-babi-ski/ws_moveit/install/moveit_ros_planning:/home/bartosz-babi-ski/ws_moveit/install/moveit_ros_occupancy_map_monitor:/home/bartosz-babi-ski/ws_moveit/install/moveit_resources_prbt_support:/home/bartosz-babi-ski/ws_moveit/install/moveit_resources_prbt_ikfast_manipulator_plugin:/home/bartosz-babi-ski/ws_moveit/install/moveit_resources:/home/bartosz-babi-ski/ws_moveit/install/moveit_resources_pr2_description:/home/bartosz-babi-ski/ws_moveit/install/moveit_resources_panda_moveit_config:/home/bartosz-babi-ski/ws_moveit/install/dual_arm_panda_moveit_config:/home/bartosz-babi-ski/ws_moveit/install/moveit_resources_panda_description:/home/bartosz-babi-ski/ws_moveit/install/moveit_resources_fanuc_moveit_config:/home/bartosz-babi-ski/ws_moveit/install/moveit_resources_fanuc_description:/home/bartosz-babi-ski/ws_moveit/install/moveit_planners_stomp:/home/bartosz-babi-ski/ws_moveit/install/moveit_planners_chomp:/home/bartosz-babi-ski/ws_moveit/install/chomp_motion_planner:/home/bartosz-babi-ski/ws_moveit/install/moveit_core:/home/bartosz-babi-ski/ws_moveit/install/moveit_msgs:/home/bartosz-babi-ski/ws_moveit/install/moveit_common:/home/bartosz-babi-ski/ws_moveit/install/kortex_driver:/home/bartosz-babi-ski/ws_moveit/install/kortex_api:/home/bartosz-babi-ski/newros2_ws/install/hexapod_moveit_config:/home/bartosz-babi-ski/newros2_ws/install/hexapod_gazebo:/home/bartosz-babi-ski/newros2_ws/install/hexapod_description:/home/bartosz-babi-ski/ws_moveit2/install/hello_moveit:/home/bartosz-babi-ski/ros2_ws/install/mycobot_moveit_config:/home/bartosz-babi-ski/ros2_ws/install/mycobot_gazebo:/home/bartosz-babi-ski/ros2_ws/install/mycobot_description:/opt/ros/jazzy/opt/gz_launch_vendor:/opt/ros/jazzy/opt/gz_sim_vendor:/opt/ros/jazzy/opt/gz_sensors_vendor:/opt/ros/jazzy/opt/gz_physics_vendor:/opt/ros/jazzy/opt/sdformat_vendor:/opt/ros/jazzy/opt/gz_gui_vendor:/opt/ros/jazzy/opt/gz_transport_vendor:/opt/ros/jazzy/opt/gz_rendering_vendor:/opt/ros/jazzy/opt/gz_plugin_vendor:/opt/ros/jazzy/opt/gz_fuel_tools_vendor:/opt/ros/jazzy/opt/gz_msgs_vendor:/opt/ros/jazzy/opt/gz_common_vendor:/opt/ros/jazzy/opt/gz_math_vendor:/opt/ros/jazzy/opt/gz_utils_vendor:/opt/ros/jazzy/opt/gz_tools_vendor:/opt/ros/jazzy/opt/gz_ogre_next_vendor:/opt/ros/jazzy/opt/gz_dartsim_vendor:/opt/ros/jazzy/opt/gz_cmake_vendor:/home/bartosz-babi-ski/ws_moveit/install/moveit_configs_utils:/opt/ros/jazzy DEBUGINFOD_URLS=https://debuginfod.ubuntu.com /usr/bin/cmake --install /home/bartosz-babi-ski/Hexapod_git2/Hexapod/simulation/ros2_ws_hex/build/open_manipulator_moveit_config
[1.815s] Level 1:colcon.colcon_core.environment:create_environment_scripts_only(open_manipulator_moveit_config)
[1.816s] Level 1:colcon.colcon_core.environment:checking '/home/bartosz-babi-ski/Hexapod_git2/Hexapod/simulation/ros2_ws_hex/install/open_manipulator_moveit_config' for CMake module files
[1.816s] DEBUG:colcon.colcon_core.event_handler.log_command:Invoked command in '/home/bartosz-babi-ski/Hexapod_git2/Hexapod/simulation/ros2_ws_hex/build/open_manipulator_moveit_config' returned '0': CMAKE_PREFIX_PATH=/home/bartosz-babi-ski/Hexapod_git2/Hexapod/simulation/ros2_ws_hex/install/open_manipulator_description:/home/bartosz-babi-ski/Hexapod_git2/Hexapod/simulation/ros2_ws_hex/install/open_manipulator:/home/bartosz-babi-ski/Hexapod_git2/Hexapod/simulation/ros2_ws_hex/install/open_manipulator_moveit_config:/home/bartosz-babi-ski/Hexapod_git2/Hexapod/simulation/ros2_ws_hex/install/open_manipulator_bringup:/home/bartosz-babi-ski/Hexapod_git2/Hexapod/simulation/ros2_ws_hex/install/om_spring_actuator_controller:/home/bartosz-babi-ski/Hexapod_git2/Hexapod/simulation/ros2_ws_hex/install/om_joint_trajectory_command_broadcaster:/home/bartosz-babi-ski/Hexapod_git2/Hexapod/simulation/ros2_ws_hex/install/om_gravity_compensation_controller:/home/bartosz-babi-ski/ws_moveit/install/robotiq_hardware_tests:/home/bartosz-babi-ski/ws_moveit/install/robotiq_driver:/home/bartosz-babi-ski/ws_moveit/install/serial:/home/bartosz-babi-ski/ws_moveit/install/moveit2_tutorials:/home/bartosz-babi-ski/ws_moveit/install/moveit_visual_tools:/home/bartosz-babi-ski/ws_moveit/install/rviz_visual_tools:/home/bartosz-babi-ski/ws_moveit/install/moveit_task_constructor_visualization:/home/bartosz-babi-ski/ws_moveit/install/moveit_task_constructor_demo:/home/bartosz-babi-ski/ws_moveit/install/moveit_task_constructor_capabilities:/home/bartosz-babi-ski/ws_moveit/install/moveit_task_constructor_core:/home/bartosz-babi-ski/ws_moveit/install/rviz_marker_tools:/home/bartosz-babi-ski/ws_moveit/install/kortex_bringup:/home/bartosz-babi-ski/ws_moveit/install/kinova_gen3_lite_moveit_config:/home/bartosz-babi-ski/ws_moveit/install/kinova_gen3_7dof_robotiq_2f_85_moveit_config:/home/bartosz-babi-ski/ws_moveit/install/kinova_gen3_6dof_robotiq_2f_85_moveit_config:/home/bartosz-babi-ski/ws_moveit/install/kortex_description:/home/bartosz-babi-ski/ws_moveit/install/robotiq_description:/home/bartosz-babi-ski/ws_moveit/install/robotiq_controllers:/home/bartosz-babi-ski/ws_moveit/install/pilz_industrial_motion_planner_testutils:/home/bartosz-babi-ski/ws_moveit/install/moveit_runtime:/home/bartosz-babi-ski/ws_moveit/install/moveit:/home/bartosz-babi-ski/ws_moveit/install/moveit_planners:/home/bartosz-babi-ski/ws_moveit/install/pilz_industrial_motion_planner:/home/bartosz-babi-ski/ws_moveit/install/picknik_twist_controller:/home/bartosz-babi-ski/ws_moveit/install/picknik_reset_fault_controller:/home/bartosz-babi-ski/ws_moveit/install/moveit_task_constructor_msgs:/home/bartosz-babi-ski/ws_moveit/install/moveit_ros_control_interface:/home/bartosz-babi-ski/ws_moveit/install/moveit_plugins:/home/bartosz-babi-ski/ws_moveit/install/moveit_simple_controller_manager:/home/bartosz-babi-ski/ws_moveit/install/moveit_setup_assistant:/home/bartosz-babi-ski/ws_moveit/install/moveit_setup_srdf_plugins:/home/bartosz-babi-ski/ws_moveit/install/moveit_setup_core_plugins:/home/bartosz-babi-ski/ws_moveit/install/moveit_setup_controllers:/home/bartosz-babi-ski/ws_moveit/install/moveit_setup_app_plugins:/home/bartosz-babi-ski/ws_moveit/install/moveit_setup_framework:/home/bartosz-babi-ski/ws_moveit/install/moveit_servo:/home/bartosz-babi-ski/ws_moveit/install/moveit_ros_trajectory_cache:/home/bartosz-babi-ski/ws_moveit/install/moveit_ros:/home/bartosz-babi-ski/ws_moveit/install/moveit_ros_visualization:/home/bartosz-babi-ski/ws_moveit/install/moveit_py:/home/bartosz-babi-ski/ws_moveit/install/moveit_hybrid_planning:/home/bartosz-babi-ski/ws_moveit/install/moveit_ros_planning_interface:/home/bartosz-babi-ski/ws_moveit/install/moveit_ros_benchmarks:/home/bartosz-babi-ski/ws_moveit/install/moveit_ros_warehouse:/home/bartosz-babi-ski/ws_moveit/install/moveit_ros_robot_interaction:/home/bartosz-babi-ski/ws_moveit/install/moveit_ros_perception:/home/bartosz-babi-ski/ws_moveit/install/moveit_resources_prbt_pg70_support:/home/bartosz-babi-ski/ws_moveit/install/moveit_resources_prbt_moveit_config:/home/bartosz-babi-ski/ws_moveit/install/moveit_ros_move_group:/home/bartosz-babi-ski/ws_moveit/install/moveit_planners_ompl:/home/bartosz-babi-ski/ws_moveit/install/moveit_kinematics:/home/bartosz-babi-ski/ws_moveit/install/moveit_ros_planning:/home/bartosz-babi-ski/ws_moveit/install/moveit_ros_occupancy_map_monitor:/home/bartosz-babi-ski/ws_moveit/install/moveit_resources_prbt_support:/home/bartosz-babi-ski/ws_moveit/install/moveit_resources_prbt_ikfast_manipulator_plugin:/home/bartosz-babi-ski/ws_moveit/install/moveit_resources:/home/bartosz-babi-ski/ws_moveit/install/moveit_resources_pr2_description:/home/bartosz-babi-ski/ws_moveit/install/moveit_resources_panda_moveit_config:/home/bartosz-babi-ski/ws_moveit/install/dual_arm_panda_moveit_config:/home/bartosz-babi-ski/ws_moveit/install/moveit_resources_panda_description:/home/bartosz-babi-ski/ws_moveit/install/moveit_resources_fanuc_moveit_config:/home/bartosz-babi-ski/ws_moveit/install/moveit_resources_fanuc_description:/home/bartosz-babi-ski/ws_moveit/install/moveit_planners_stomp:/home/bartosz-babi-ski/ws_moveit/install/moveit_planners_chomp:/home/bartosz-babi-ski/ws_moveit/install/chomp_motion_planner:/home/bartosz-babi-ski/ws_moveit/install/moveit_core:/home/bartosz-babi-ski/ws_moveit/install/moveit_msgs:/home/bartosz-babi-ski/ws_moveit/install/moveit_common:/home/bartosz-babi-ski/ws_moveit/install/kortex_driver:/home/bartosz-babi-ski/ws_moveit/install/kortex_api:/home/bartosz-babi-ski/newros2_ws/install/hexapod_moveit_config:/home/bartosz-babi-ski/newros2_ws/install/hexapod_gazebo:/home/bartosz-babi-ski/newros2_ws/install/hexapod_description:/home/bartosz-babi-ski/ws_moveit2/install/hello_moveit:/home/bartosz-babi-ski/ros2_ws/install/mycobot_moveit_config:/home/bartosz-babi-ski/ros2_ws/install/mycobot_gazebo:/home/bartosz-babi-ski/ros2_ws/install/mycobot_description:/opt/ros/jazzy/opt/gz_launch_vendor:/opt/ros/jazzy/opt/gz_sim_vendor:/opt/ros/jazzy/opt/gz_sensors_vendor:/opt/ros/jazzy/opt/gz_physics_vendor:/opt/ros/jazzy/opt/sdformat_vendor:/opt/ros/jazzy/opt/gz_gui_vendor:/opt/ros/jazzy/opt/gz_transport_vendor:/opt/ros/jazzy/opt/gz_rendering_vendor:/opt/ros/jazzy/opt/gz_plugin_vendor:/opt/ros/jazzy/opt/gz_fuel_tools_vendor:/opt/ros/jazzy/opt/gz_msgs_vendor:/opt/ros/jazzy/opt/gz_common_vendor:/opt/ros/jazzy/opt/gz_math_vendor:/opt/ros/jazzy/opt/gz_utils_vendor:/opt/ros/jazzy/opt/gz_tools_vendor:/opt/ros/jazzy/opt/gz_ogre_next_vendor:/opt/ros/jazzy/opt/gz_dartsim_vendor:/opt/ros/jazzy/opt/gz_cmake_vendor:/home/bartosz-babi-ski/ws_moveit/install/moveit_configs_utils:/opt/ros/jazzy DEBUGINFOD_URLS=https://debuginfod.ubuntu.com /usr/bin/cmake --install /home/bartosz-babi-ski/Hexapod_git2/Hexapod/simulation/ros2_ws_hex/build/open_manipulator_moveit_config
[1.816s] Level 1:colcon.colcon_core.environment:checking '/home/bartosz-babi-ski/Hexapod_git2/Hexapod/simulation/ros2_ws_hex/install/open_manipulator_moveit_config' for CMake config files
[1.816s] Level 1:colcon.colcon_core.shell:create_environment_hook('open_manipulator_moveit_config', 'cmake_prefix_path')
[1.817s] INFO:colcon.colcon_core.shell:Creating environment hook '/home/bartosz-babi-ski/Hexapod_git2/Hexapod/simulation/ros2_ws_hex/install/open_manipulator_moveit_config/share/open_manipulator_moveit_config/hook/cmake_prefix_path.ps1'
[1.817s] INFO:colcon.colcon_core.shell:Creating environment descriptor '/home/bartosz-babi-ski/Hexapod_git2/Hexapod/simulation/ros2_ws_hex/install/open_manipulator_moveit_config/share/open_manipulator_moveit_config/hook/cmake_prefix_path.dsv'
[1.818s] INFO:colcon.colcon_core.shell:Creating environment hook '/home/bartosz-babi-ski/Hexapod_git2/Hexapod/simulation/ros2_ws_hex/install/open_manipulator_moveit_config/share/open_manipulator_moveit_config/hook/cmake_prefix_path.sh'
[1.818s] Level 1:colcon.colcon_core.environment:checking '/home/bartosz-babi-ski/Hexapod_git2/Hexapod/simulation/ros2_ws_hex/install/open_manipulator_moveit_config/bin'
[1.818s] Level 1:colcon.colcon_core.environment:checking '/home/bartosz-babi-ski/Hexapod_git2/Hexapod/simulation/ros2_ws_hex/install/open_manipulator_moveit_config/lib/pkgconfig/open_manipulator_moveit_config.pc'
[1.819s] Level 1:colcon.colcon_core.environment:checking '/home/bartosz-babi-ski/Hexapod_git2/Hexapod/simulation/ros2_ws_hex/install/open_manipulator_moveit_config/lib/python3.12/site-packages'
[1.819s] Level 1:colcon.colcon_core.environment:checking '/home/bartosz-babi-ski/Hexapod_git2/Hexapod/simulation/ros2_ws_hex/install/open_manipulator_moveit_config/bin'
[1.819s] INFO:colcon.colcon_core.shell:Creating package script '/home/bartosz-babi-ski/Hexapod_git2/Hexapod/simulation/ros2_ws_hex/install/open_manipulator_moveit_config/share/open_manipulator_moveit_config/package.ps1'
[1.820s] INFO:colcon.colcon_core.shell:Creating package descriptor '/home/bartosz-babi-ski/Hexapod_git2/Hexapod/simulation/ros2_ws_hex/install/open_manipulator_moveit_config/share/open_manipulator_moveit_config/package.dsv'
[1.820s] INFO:colcon.colcon_core.shell:Creating package script '/home/bartosz-babi-ski/Hexapod_git2/Hexapod/simulation/ros2_ws_hex/install/open_manipulator_moveit_config/share/open_manipulator_moveit_config/package.sh'
[1.820s] INFO:colcon.colcon_core.shell:Creating package script '/home/bartosz-babi-ski/Hexapod_git2/Hexapod/simulation/ros2_ws_hex/install/open_manipulator_moveit_config/share/open_manipulator_moveit_config/package.bash'
[1.821s] INFO:colcon.colcon_core.shell:Creating package script '/home/bartosz-babi-ski/Hexapod_git2/Hexapod/simulation/ros2_ws_hex/install/open_manipulator_moveit_config/share/open_manipulator_moveit_config/package.zsh'
[1.821s] Level 1:colcon.colcon_core.environment:create_file_with_runtime_dependencies(/home/bartosz-babi-ski/Hexapod_git2/Hexapod/simulation/ros2_ws_hex/install/open_manipulator_moveit_config/share/colcon-core/packages/open_manipulator_moveit_config)
[1.821s] Level 1:colcon.colcon_core.environment:create_environment_scripts_only(open_manipulator_moveit_config)
[1.821s] Level 1:colcon.colcon_core.environment:checking '/home/bartosz-babi-ski/Hexapod_git2/Hexapod/simulation/ros2_ws_hex/install/open_manipulator_moveit_config' for CMake module files
[1.822s] Level 1:colcon.colcon_core.environment:checking '/home/bartosz-babi-ski/Hexapod_git2/Hexapod/simulation/ros2_ws_hex/install/open_manipulator_moveit_config' for CMake config files
[1.822s] Level 1:colcon.colcon_core.shell:create_environment_hook('open_manipulator_moveit_config', 'cmake_prefix_path')
[1.822s] INFO:colcon.colcon_core.shell:Creating environment hook '/home/bartosz-babi-ski/Hexapod_git2/Hexapod/simulation/ros2_ws_hex/install/open_manipulator_moveit_config/share/open_manipulator_moveit_config/hook/cmake_prefix_path.ps1'
[1.822s] INFO:colcon.colcon_core.shell:Creating environment descriptor '/home/bartosz-babi-ski/Hexapod_git2/Hexapod/simulation/ros2_ws_hex/install/open_manipulator_moveit_config/share/open_manipulator_moveit_config/hook/cmake_prefix_path.dsv'
[1.822s] INFO:colcon.colcon_core.shell:Creating environment hook '/home/bartosz-babi-ski/Hexapod_git2/Hexapod/simulation/ros2_ws_hex/install/open_manipulator_moveit_config/share/open_manipulator_moveit_config/hook/cmake_prefix_path.sh'
[1.823s] Level 1:colcon.colcon_core.environment:checking '/home/bartosz-babi-ski/Hexapod_git2/Hexapod/simulation/ros2_ws_hex/install/open_manipulator_moveit_config/bin'
[1.823s] Level 1:colcon.colcon_core.environment:checking '/home/bartosz-babi-ski/Hexapod_git2/Hexapod/simulation/ros2_ws_hex/install/open_manipulator_moveit_config/lib/pkgconfig/open_manipulator_moveit_config.pc'
[1.823s] Level 1:colcon.colcon_core.environment:checking '/home/bartosz-babi-ski/Hexapod_git2/Hexapod/simulation/ros2_ws_hex/install/open_manipulator_moveit_config/lib/python3.12/site-packages'
[1.823s] Level 1:colcon.colcon_core.environment:checking '/home/bartosz-babi-ski/Hexapod_git2/Hexapod/simulation/ros2_ws_hex/install/open_manipulator_moveit_config/bin'
[1.823s] INFO:colcon.colcon_core.shell:Creating package script '/home/bartosz-babi-ski/Hexapod_git2/Hexapod/simulation/ros2_ws_hex/install/open_manipulator_moveit_config/share/open_manipulator_moveit_config/package.ps1'
[1.824s] INFO:colcon.colcon_core.shell:Creating package descriptor '/home/bartosz-babi-ski/Hexapod_git2/Hexapod/simulation/ros2_ws_hex/install/open_manipulator_moveit_config/share/open_manipulator_moveit_config/package.dsv'
[1.824s] INFO:colcon.colcon_core.shell:Creating package script '/home/bartosz-babi-ski/Hexapod_git2/Hexapod/simulation/ros2_ws_hex/install/open_manipulator_moveit_config/share/open_manipulator_moveit_config/package.sh'
[1.824s] INFO:colcon.colcon_core.shell:Creating package script '/home/bartosz-babi-ski/Hexapod_git2/Hexapod/simulation/ros2_ws_hex/install/open_manipulator_moveit_config/share/open_manipulator_moveit_config/package.bash'
[1.825s] INFO:colcon.colcon_core.shell:Creating package script '/home/bartosz-babi-ski/Hexapod_git2/Hexapod/simulation/ros2_ws_hex/install/open_manipulator_moveit_config/share/open_manipulator_moveit_config/package.zsh'
[1.825s] Level 1:colcon.colcon_core.environment:create_file_with_runtime_dependencies(/home/bartosz-babi-ski/Hexapod_git2/Hexapod/simulation/ros2_ws_hex/install/open_manipulator_moveit_config/share/colcon-core/packages/open_manipulator_moveit_config)
[1.906s] DEBUG:colcon.colcon_core.event_handler.log_command:Invoked command in '/home/bartosz-babi-ski/Hexapod_git2/Hexapod/simulation/ros2_ws_hex/build/open_manipulator_bringup' returned '0': CMAKE_PREFIX_PATH=/home/bartosz-babi-ski/Hexapod_git2/Hexapod/simulation/ros2_ws_hex/install/open_manipulator_description:/home/bartosz-babi-ski/Hexapod_git2/Hexapod/simulation/ros2_ws_hex/install/open_manipulator:/home/bartosz-babi-ski/Hexapod_git2/Hexapod/simulation/ros2_ws_hex/install/open_manipulator_moveit_config:/home/bartosz-babi-ski/Hexapod_git2/Hexapod/simulation/ros2_ws_hex/install/open_manipulator_bringup:/home/bartosz-babi-ski/Hexapod_git2/Hexapod/simulation/ros2_ws_hex/install/om_spring_actuator_controller:/home/bartosz-babi-ski/Hexapod_git2/Hexapod/simulation/ros2_ws_hex/install/om_joint_trajectory_command_broadcaster:/home/bartosz-babi-ski/Hexapod_git2/Hexapod/simulation/ros2_ws_hex/install/om_gravity_compensation_controller:/home/bartosz-babi-ski/ws_moveit/install/robotiq_hardware_tests:/home/bartosz-babi-ski/ws_moveit/install/robotiq_driver:/home/bartosz-babi-ski/ws_moveit/install/serial:/home/bartosz-babi-ski/ws_moveit/install/moveit2_tutorials:/home/bartosz-babi-ski/ws_moveit/install/moveit_visual_tools:/home/bartosz-babi-ski/ws_moveit/install/rviz_visual_tools:/home/bartosz-babi-ski/ws_moveit/install/moveit_task_constructor_visualization:/home/bartosz-babi-ski/ws_moveit/install/moveit_task_constructor_demo:/home/bartosz-babi-ski/ws_moveit/install/moveit_task_constructor_capabilities:/home/bartosz-babi-ski/ws_moveit/install/moveit_task_constructor_core:/home/bartosz-babi-ski/ws_moveit/install/rviz_marker_tools:/home/bartosz-babi-ski/ws_moveit/install/kortex_bringup:/home/bartosz-babi-ski/ws_moveit/install/kinova_gen3_lite_moveit_config:/home/bartosz-babi-ski/ws_moveit/install/kinova_gen3_7dof_robotiq_2f_85_moveit_config:/home/bartosz-babi-ski/ws_moveit/install/kinova_gen3_6dof_robotiq_2f_85_moveit_config:/home/bartosz-babi-ski/ws_moveit/install/kortex_description:/home/bartosz-babi-ski/ws_moveit/install/robotiq_description:/home/bartosz-babi-ski/ws_moveit/install/robotiq_controllers:/home/bartosz-babi-ski/ws_moveit/install/pilz_industrial_motion_planner_testutils:/home/bartosz-babi-ski/ws_moveit/install/moveit_runtime:/home/bartosz-babi-ski/ws_moveit/install/moveit:/home/bartosz-babi-ski/ws_moveit/install/moveit_planners:/home/bartosz-babi-ski/ws_moveit/install/pilz_industrial_motion_planner:/home/bartosz-babi-ski/ws_moveit/install/picknik_twist_controller:/home/bartosz-babi-ski/ws_moveit/install/picknik_reset_fault_controller:/home/bartosz-babi-ski/ws_moveit/install/moveit_task_constructor_msgs:/home/bartosz-babi-ski/ws_moveit/install/moveit_ros_control_interface:/home/bartosz-babi-ski/ws_moveit/install/moveit_plugins:/home/bartosz-babi-ski/ws_moveit/install/moveit_simple_controller_manager:/home/bartosz-babi-ski/ws_moveit/install/moveit_setup_assistant:/home/bartosz-babi-ski/ws_moveit/install/moveit_setup_srdf_plugins:/home/bartosz-babi-ski/ws_moveit/install/moveit_setup_core_plugins:/home/bartosz-babi-ski/ws_moveit/install/moveit_setup_controllers:/home/bartosz-babi-ski/ws_moveit/install/moveit_setup_app_plugins:/home/bartosz-babi-ski/ws_moveit/install/moveit_setup_framework:/home/bartosz-babi-ski/ws_moveit/install/moveit_servo:/home/bartosz-babi-ski/ws_moveit/install/moveit_ros_trajectory_cache:/home/bartosz-babi-ski/ws_moveit/install/moveit_ros:/home/bartosz-babi-ski/ws_moveit/install/moveit_ros_visualization:/home/bartosz-babi-ski/ws_moveit/install/moveit_py:/home/bartosz-babi-ski/ws_moveit/install/moveit_hybrid_planning:/home/bartosz-babi-ski/ws_moveit/install/moveit_ros_planning_interface:/home/bartosz-babi-ski/ws_moveit/install/moveit_ros_benchmarks:/home/bartosz-babi-ski/ws_moveit/install/moveit_ros_warehouse:/home/bartosz-babi-ski/ws_moveit/install/moveit_ros_robot_interaction:/home/bartosz-babi-ski/ws_moveit/install/moveit_ros_perception:/home/bartosz-babi-ski/ws_moveit/install/moveit_resources_prbt_pg70_support:/home/bartosz-babi-ski/ws_moveit/install/moveit_resources_prbt_moveit_config:/home/bartosz-babi-ski/ws_moveit/install/moveit_ros_move_group:/home/bartosz-babi-ski/ws_moveit/install/moveit_planners_ompl:/home/bartosz-babi-ski/ws_moveit/install/moveit_kinematics:/home/bartosz-babi-ski/ws_moveit/install/moveit_ros_planning:/home/bartosz-babi-ski/ws_moveit/install/moveit_ros_occupancy_map_monitor:/home/bartosz-babi-ski/ws_moveit/install/moveit_resources_prbt_support:/home/bartosz-babi-ski/ws_moveit/install/moveit_resources_prbt_ikfast_manipulator_plugin:/home/bartosz-babi-ski/ws_moveit/install/moveit_resources:/home/bartosz-babi-ski/ws_moveit/install/moveit_resources_pr2_description:/home/bartosz-babi-ski/ws_moveit/install/moveit_resources_panda_moveit_config:/home/bartosz-babi-ski/ws_moveit/install/dual_arm_panda_moveit_config:/home/bartosz-babi-ski/ws_moveit/install/moveit_resources_panda_description:/home/bartosz-babi-ski/ws_moveit/install/moveit_resources_fanuc_moveit_config:/home/bartosz-babi-ski/ws_moveit/install/moveit_resources_fanuc_description:/home/bartosz-babi-ski/ws_moveit/install/moveit_planners_stomp:/home/bartosz-babi-ski/ws_moveit/install/moveit_planners_chomp:/home/bartosz-babi-ski/ws_moveit/install/chomp_motion_planner:/home/bartosz-babi-ski/ws_moveit/install/moveit_core:/home/bartosz-babi-ski/ws_moveit/install/moveit_msgs:/home/bartosz-babi-ski/ws_moveit/install/moveit_common:/home/bartosz-babi-ski/ws_moveit/install/kortex_driver:/home/bartosz-babi-ski/ws_moveit/install/kortex_api:/home/bartosz-babi-ski/newros2_ws/install/hexapod_moveit_config:/home/bartosz-babi-ski/newros2_ws/install/hexapod_gazebo:/home/bartosz-babi-ski/newros2_ws/install/hexapod_description:/home/bartosz-babi-ski/ws_moveit2/install/hello_moveit:/home/bartosz-babi-ski/ros2_ws/install/mycobot_moveit_config:/home/bartosz-babi-ski/ros2_ws/install/mycobot_gazebo:/home/bartosz-babi-ski/ros2_ws/install/mycobot_description:/opt/ros/jazzy/opt/gz_launch_vendor:/opt/ros/jazzy/opt/gz_sim_vendor:/opt/ros/jazzy/opt/gz_sensors_vendor:/opt/ros/jazzy/opt/gz_physics_vendor:/opt/ros/jazzy/opt/sdformat_vendor:/opt/ros/jazzy/opt/gz_gui_vendor:/opt/ros/jazzy/opt/gz_transport_vendor:/opt/ros/jazzy/opt/gz_rendering_vendor:/opt/ros/jazzy/opt/gz_plugin_vendor:/opt/ros/jazzy/opt/gz_fuel_tools_vendor:/opt/ros/jazzy/opt/gz_msgs_vendor:/opt/ros/jazzy/opt/gz_common_vendor:/opt/ros/jazzy/opt/gz_math_vendor:/opt/ros/jazzy/opt/gz_utils_vendor:/opt/ros/jazzy/opt/gz_tools_vendor:/opt/ros/jazzy/opt/gz_ogre_next_vendor:/opt/ros/jazzy/opt/gz_dartsim_vendor:/opt/ros/jazzy/opt/gz_cmake_vendor:/home/bartosz-babi-ski/ws_moveit/install/moveit_configs_utils:/opt/ros/jazzy DEBUGINFOD_URLS=https://debuginfod.ubuntu.com /usr/bin/cmake /home/bartosz-babi-ski/Hexapod_git2/Hexapod/simulation/ros2_ws_hex/src/open_manipulator_bringup -DCMAKE_INSTALL_PREFIX=/home/bartosz-babi-ski/Hexapod_git2/Hexapod/simulation/ros2_ws_hex/install/open_manipulator_bringup
[1.907s] DEBUG:colcon.colcon_core.event_handler.log_command:Invoking command in '/home/bartosz-babi-ski/Hexapod_git2/Hexapod/simulation/ros2_ws_hex/build/open_manipulator_bringup': CMAKE_PREFIX_PATH=/home/bartosz-babi-ski/Hexapod_git2/Hexapod/simulation/ros2_ws_hex/install/open_manipulator_description:/home/bartosz-babi-ski/Hexapod_git2/Hexapod/simulation/ros2_ws_hex/install/open_manipulator:/home/bartosz-babi-ski/Hexapod_git2/Hexapod/simulation/ros2_ws_hex/install/open_manipulator_moveit_config:/home/bartosz-babi-ski/Hexapod_git2/Hexapod/simulation/ros2_ws_hex/install/open_manipulator_bringup:/home/bartosz-babi-ski/Hexapod_git2/Hexapod/simulation/ros2_ws_hex/install/om_spring_actuator_controller:/home/bartosz-babi-ski/Hexapod_git2/Hexapod/simulation/ros2_ws_hex/install/om_joint_trajectory_command_broadcaster:/home/bartosz-babi-ski/Hexapod_git2/Hexapod/simulation/ros2_ws_hex/install/om_gravity_compensation_controller:/home/bartosz-babi-ski/ws_moveit/install/robotiq_hardware_tests:/home/bartosz-babi-ski/ws_moveit/install/robotiq_driver:/home/bartosz-babi-ski/ws_moveit/install/serial:/home/bartosz-babi-ski/ws_moveit/install/moveit2_tutorials:/home/bartosz-babi-ski/ws_moveit/install/moveit_visual_tools:/home/bartosz-babi-ski/ws_moveit/install/rviz_visual_tools:/home/bartosz-babi-ski/ws_moveit/install/moveit_task_constructor_visualization:/home/bartosz-babi-ski/ws_moveit/install/moveit_task_constructor_demo:/home/bartosz-babi-ski/ws_moveit/install/moveit_task_constructor_capabilities:/home/bartosz-babi-ski/ws_moveit/install/moveit_task_constructor_core:/home/bartosz-babi-ski/ws_moveit/install/rviz_marker_tools:/home/bartosz-babi-ski/ws_moveit/install/kortex_bringup:/home/bartosz-babi-ski/ws_moveit/install/kinova_gen3_lite_moveit_config:/home/bartosz-babi-ski/ws_moveit/install/kinova_gen3_7dof_robotiq_2f_85_moveit_config:/home/bartosz-babi-ski/ws_moveit/install/kinova_gen3_6dof_robotiq_2f_85_moveit_config:/home/bartosz-babi-ski/ws_moveit/install/kortex_description:/home/bartosz-babi-ski/ws_moveit/install/robotiq_description:/home/bartosz-babi-ski/ws_moveit/install/robotiq_controllers:/home/bartosz-babi-ski/ws_moveit/install/pilz_industrial_motion_planner_testutils:/home/bartosz-babi-ski/ws_moveit/install/moveit_runtime:/home/bartosz-babi-ski/ws_moveit/install/moveit:/home/bartosz-babi-ski/ws_moveit/install/moveit_planners:/home/bartosz-babi-ski/ws_moveit/install/pilz_industrial_motion_planner:/home/bartosz-babi-ski/ws_moveit/install/picknik_twist_controller:/home/bartosz-babi-ski/ws_moveit/install/picknik_reset_fault_controller:/home/bartosz-babi-ski/ws_moveit/install/moveit_task_constructor_msgs:/home/bartosz-babi-ski/ws_moveit/install/moveit_ros_control_interface:/home/bartosz-babi-ski/ws_moveit/install/moveit_plugins:/home/bartosz-babi-ski/ws_moveit/install/moveit_simple_controller_manager:/home/bartosz-babi-ski/ws_moveit/install/moveit_setup_assistant:/home/bartosz-babi-ski/ws_moveit/install/moveit_setup_srdf_plugins:/home/bartosz-babi-ski/ws_moveit/install/moveit_setup_core_plugins:/home/bartosz-babi-ski/ws_moveit/install/moveit_setup_controllers:/home/bartosz-babi-ski/ws_moveit/install/moveit_setup_app_plugins:/home/bartosz-babi-ski/ws_moveit/install/moveit_setup_framework:/home/bartosz-babi-ski/ws_moveit/install/moveit_servo:/home/bartosz-babi-ski/ws_moveit/install/moveit_ros_trajectory_cache:/home/bartosz-babi-ski/ws_moveit/install/moveit_ros:/home/bartosz-babi-ski/ws_moveit/install/moveit_ros_visualization:/home/bartosz-babi-ski/ws_moveit/install/moveit_py:/home/bartosz-babi-ski/ws_moveit/install/moveit_hybrid_planning:/home/bartosz-babi-ski/ws_moveit/install/moveit_ros_planning_interface:/home/bartosz-babi-ski/ws_moveit/install/moveit_ros_benchmarks:/home/bartosz-babi-ski/ws_moveit/install/moveit_ros_warehouse:/home/bartosz-babi-ski/ws_moveit/install/moveit_ros_robot_interaction:/home/bartosz-babi-ski/ws_moveit/install/moveit_ros_perception:/home/bartosz-babi-ski/ws_moveit/install/moveit_resources_prbt_pg70_support:/home/bartosz-babi-ski/ws_moveit/install/moveit_resources_prbt_moveit_config:/home/bartosz-babi-ski/ws_moveit/install/moveit_ros_move_group:/home/bartosz-babi-ski/ws_moveit/install/moveit_planners_ompl:/home/bartosz-babi-ski/ws_moveit/install/moveit_kinematics:/home/bartosz-babi-ski/ws_moveit/install/moveit_ros_planning:/home/bartosz-babi-ski/ws_moveit/install/moveit_ros_occupancy_map_monitor:/home/bartosz-babi-ski/ws_moveit/install/moveit_resources_prbt_support:/home/bartosz-babi-ski/ws_moveit/install/moveit_resources_prbt_ikfast_manipulator_plugin:/home/bartosz-babi-ski/ws_moveit/install/moveit_resources:/home/bartosz-babi-ski/ws_moveit/install/moveit_resources_pr2_description:/home/bartosz-babi-ski/ws_moveit/install/moveit_resources_panda_moveit_config:/home/bartosz-babi-ski/ws_moveit/install/dual_arm_panda_moveit_config:/home/bartosz-babi-ski/ws_moveit/install/moveit_resources_panda_description:/home/bartosz-babi-ski/ws_moveit/install/moveit_resources_fanuc_moveit_config:/home/bartosz-babi-ski/ws_moveit/install/moveit_resources_fanuc_description:/home/bartosz-babi-ski/ws_moveit/install/moveit_planners_stomp:/home/bartosz-babi-ski/ws_moveit/install/moveit_planners_chomp:/home/bartosz-babi-ski/ws_moveit/install/chomp_motion_planner:/home/bartosz-babi-ski/ws_moveit/install/moveit_core:/home/bartosz-babi-ski/ws_moveit/install/moveit_msgs:/home/bartosz-babi-ski/ws_moveit/install/moveit_common:/home/bartosz-babi-ski/ws_moveit/install/kortex_driver:/home/bartosz-babi-ski/ws_moveit/install/kortex_api:/home/bartosz-babi-ski/newros2_ws/install/hexapod_moveit_config:/home/bartosz-babi-ski/newros2_ws/install/hexapod_gazebo:/home/bartosz-babi-ski/newros2_ws/install/hexapod_description:/home/bartosz-babi-ski/ws_moveit2/install/hello_moveit:/home/bartosz-babi-ski/ros2_ws/install/mycobot_moveit_config:/home/bartosz-babi-ski/ros2_ws/install/mycobot_gazebo:/home/bartosz-babi-ski/ros2_ws/install/mycobot_description:/opt/ros/jazzy/opt/gz_launch_vendor:/opt/ros/jazzy/opt/gz_sim_vendor:/opt/ros/jazzy/opt/gz_sensors_vendor:/opt/ros/jazzy/opt/gz_physics_vendor:/opt/ros/jazzy/opt/sdformat_vendor:/opt/ros/jazzy/opt/gz_gui_vendor:/opt/ros/jazzy/opt/gz_transport_vendor:/opt/ros/jazzy/opt/gz_rendering_vendor:/opt/ros/jazzy/opt/gz_plugin_vendor:/opt/ros/jazzy/opt/gz_fuel_tools_vendor:/opt/ros/jazzy/opt/gz_msgs_vendor:/opt/ros/jazzy/opt/gz_common_vendor:/opt/ros/jazzy/opt/gz_math_vendor:/opt/ros/jazzy/opt/gz_utils_vendor:/opt/ros/jazzy/opt/gz_tools_vendor:/opt/ros/jazzy/opt/gz_ogre_next_vendor:/opt/ros/jazzy/opt/gz_dartsim_vendor:/opt/ros/jazzy/opt/gz_cmake_vendor:/home/bartosz-babi-ski/ws_moveit/install/moveit_configs_utils:/opt/ros/jazzy DEBUGINFOD_URLS=https://debuginfod.ubuntu.com /usr/bin/cmake --build /home/bartosz-babi-ski/Hexapod_git2/Hexapod/simulation/ros2_ws_hex/build/open_manipulator_bringup -- -j12 -l12
[1.946s] DEBUG:colcon.colcon_core.event_handler.log_command:Invoked command in '/home/bartosz-babi-ski/Hexapod_git2/Hexapod/simulation/ros2_ws_hex/build/open_manipulator_bringup' returned '0': CMAKE_PREFIX_PATH=/home/bartosz-babi-ski/Hexapod_git2/Hexapod/simulation/ros2_ws_hex/install/open_manipulator_description:/home/bartosz-babi-ski/Hexapod_git2/Hexapod/simulation/ros2_ws_hex/install/open_manipulator:/home/bartosz-babi-ski/Hexapod_git2/Hexapod/simulation/ros2_ws_hex/install/open_manipulator_moveit_config:/home/bartosz-babi-ski/Hexapod_git2/Hexapod/simulation/ros2_ws_hex/install/open_manipulator_bringup:/home/bartosz-babi-ski/Hexapod_git2/Hexapod/simulation/ros2_ws_hex/install/om_spring_actuator_controller:/home/bartosz-babi-ski/Hexapod_git2/Hexapod/simulation/ros2_ws_hex/install/om_joint_trajectory_command_broadcaster:/home/bartosz-babi-ski/Hexapod_git2/Hexapod/simulation/ros2_ws_hex/install/om_gravity_compensation_controller:/home/bartosz-babi-ski/ws_moveit/install/robotiq_hardware_tests:/home/bartosz-babi-ski/ws_moveit/install/robotiq_driver:/home/bartosz-babi-ski/ws_moveit/install/serial:/home/bartosz-babi-ski/ws_moveit/install/moveit2_tutorials:/home/bartosz-babi-ski/ws_moveit/install/moveit_visual_tools:/home/bartosz-babi-ski/ws_moveit/install/rviz_visual_tools:/home/bartosz-babi-ski/ws_moveit/install/moveit_task_constructor_visualization:/home/bartosz-babi-ski/ws_moveit/install/moveit_task_constructor_demo:/home/bartosz-babi-ski/ws_moveit/install/moveit_task_constructor_capabilities:/home/bartosz-babi-ski/ws_moveit/install/moveit_task_constructor_core:/home/bartosz-babi-ski/ws_moveit/install/rviz_marker_tools:/home/bartosz-babi-ski/ws_moveit/install/kortex_bringup:/home/bartosz-babi-ski/ws_moveit/install/kinova_gen3_lite_moveit_config:/home/bartosz-babi-ski/ws_moveit/install/kinova_gen3_7dof_robotiq_2f_85_moveit_config:/home/bartosz-babi-ski/ws_moveit/install/kinova_gen3_6dof_robotiq_2f_85_moveit_config:/home/bartosz-babi-ski/ws_moveit/install/kortex_description:/home/bartosz-babi-ski/ws_moveit/install/robotiq_description:/home/bartosz-babi-ski/ws_moveit/install/robotiq_controllers:/home/bartosz-babi-ski/ws_moveit/install/pilz_industrial_motion_planner_testutils:/home/bartosz-babi-ski/ws_moveit/install/moveit_runtime:/home/bartosz-babi-ski/ws_moveit/install/moveit:/home/bartosz-babi-ski/ws_moveit/install/moveit_planners:/home/bartosz-babi-ski/ws_moveit/install/pilz_industrial_motion_planner:/home/bartosz-babi-ski/ws_moveit/install/picknik_twist_controller:/home/bartosz-babi-ski/ws_moveit/install/picknik_reset_fault_controller:/home/bartosz-babi-ski/ws_moveit/install/moveit_task_constructor_msgs:/home/bartosz-babi-ski/ws_moveit/install/moveit_ros_control_interface:/home/bartosz-babi-ski/ws_moveit/install/moveit_plugins:/home/bartosz-babi-ski/ws_moveit/install/moveit_simple_controller_manager:/home/bartosz-babi-ski/ws_moveit/install/moveit_setup_assistant:/home/bartosz-babi-ski/ws_moveit/install/moveit_setup_srdf_plugins:/home/bartosz-babi-ski/ws_moveit/install/moveit_setup_core_plugins:/home/bartosz-babi-ski/ws_moveit/install/moveit_setup_controllers:/home/bartosz-babi-ski/ws_moveit/install/moveit_setup_app_plugins:/home/bartosz-babi-ski/ws_moveit/install/moveit_setup_framework:/home/bartosz-babi-ski/ws_moveit/install/moveit_servo:/home/bartosz-babi-ski/ws_moveit/install/moveit_ros_trajectory_cache:/home/bartosz-babi-ski/ws_moveit/install/moveit_ros:/home/bartosz-babi-ski/ws_moveit/install/moveit_ros_visualization:/home/bartosz-babi-ski/ws_moveit/install/moveit_py:/home/bartosz-babi-ski/ws_moveit/install/moveit_hybrid_planning:/home/bartosz-babi-ski/ws_moveit/install/moveit_ros_planning_interface:/home/bartosz-babi-ski/ws_moveit/install/moveit_ros_benchmarks:/home/bartosz-babi-ski/ws_moveit/install/moveit_ros_warehouse:/home/bartosz-babi-ski/ws_moveit/install/moveit_ros_robot_interaction:/home/bartosz-babi-ski/ws_moveit/install/moveit_ros_perception:/home/bartosz-babi-ski/ws_moveit/install/moveit_resources_prbt_pg70_support:/home/bartosz-babi-ski/ws_moveit/install/moveit_resources_prbt_moveit_config:/home/bartosz-babi-ski/ws_moveit/install/moveit_ros_move_group:/home/bartosz-babi-ski/ws_moveit/install/moveit_planners_ompl:/home/bartosz-babi-ski/ws_moveit/install/moveit_kinematics:/home/bartosz-babi-ski/ws_moveit/install/moveit_ros_planning:/home/bartosz-babi-ski/ws_moveit/install/moveit_ros_occupancy_map_monitor:/home/bartosz-babi-ski/ws_moveit/install/moveit_resources_prbt_support:/home/bartosz-babi-ski/ws_moveit/install/moveit_resources_prbt_ikfast_manipulator_plugin:/home/bartosz-babi-ski/ws_moveit/install/moveit_resources:/home/bartosz-babi-ski/ws_moveit/install/moveit_resources_pr2_description:/home/bartosz-babi-ski/ws_moveit/install/moveit_resources_panda_moveit_config:/home/bartosz-babi-ski/ws_moveit/install/dual_arm_panda_moveit_config:/home/bartosz-babi-ski/ws_moveit/install/moveit_resources_panda_description:/home/bartosz-babi-ski/ws_moveit/install/moveit_resources_fanuc_moveit_config:/home/bartosz-babi-ski/ws_moveit/install/moveit_resources_fanuc_description:/home/bartosz-babi-ski/ws_moveit/install/moveit_planners_stomp:/home/bartosz-babi-ski/ws_moveit/install/moveit_planners_chomp:/home/bartosz-babi-ski/ws_moveit/install/chomp_motion_planner:/home/bartosz-babi-ski/ws_moveit/install/moveit_core:/home/bartosz-babi-ski/ws_moveit/install/moveit_msgs:/home/bartosz-babi-ski/ws_moveit/install/moveit_common:/home/bartosz-babi-ski/ws_moveit/install/kortex_driver:/home/bartosz-babi-ski/ws_moveit/install/kortex_api:/home/bartosz-babi-ski/newros2_ws/install/hexapod_moveit_config:/home/bartosz-babi-ski/newros2_ws/install/hexapod_gazebo:/home/bartosz-babi-ski/newros2_ws/install/hexapod_description:/home/bartosz-babi-ski/ws_moveit2/install/hello_moveit:/home/bartosz-babi-ski/ros2_ws/install/mycobot_moveit_config:/home/bartosz-babi-ski/ros2_ws/install/mycobot_gazebo:/home/bartosz-babi-ski/ros2_ws/install/mycobot_description:/opt/ros/jazzy/opt/gz_launch_vendor:/opt/ros/jazzy/opt/gz_sim_vendor:/opt/ros/jazzy/opt/gz_sensors_vendor:/opt/ros/jazzy/opt/gz_physics_vendor:/opt/ros/jazzy/opt/sdformat_vendor:/opt/ros/jazzy/opt/gz_gui_vendor:/opt/ros/jazzy/opt/gz_transport_vendor:/opt/ros/jazzy/opt/gz_rendering_vendor:/opt/ros/jazzy/opt/gz_plugin_vendor:/opt/ros/jazzy/opt/gz_fuel_tools_vendor:/opt/ros/jazzy/opt/gz_msgs_vendor:/opt/ros/jazzy/opt/gz_common_vendor:/opt/ros/jazzy/opt/gz_math_vendor:/opt/ros/jazzy/opt/gz_utils_vendor:/opt/ros/jazzy/opt/gz_tools_vendor:/opt/ros/jazzy/opt/gz_ogre_next_vendor:/opt/ros/jazzy/opt/gz_dartsim_vendor:/opt/ros/jazzy/opt/gz_cmake_vendor:/home/bartosz-babi-ski/ws_moveit/install/moveit_configs_utils:/opt/ros/jazzy DEBUGINFOD_URLS=https://debuginfod.ubuntu.com /usr/bin/cmake --build /home/bartosz-babi-ski/Hexapod_git2/Hexapod/simulation/ros2_ws_hex/build/open_manipulator_bringup -- -j12 -l12
[1.946s] DEBUG:colcon.colcon_core.event_handler.log_command:Invoking command in '/home/bartosz-babi-ski/Hexapod_git2/Hexapod/simulation/ros2_ws_hex/build/open_manipulator_bringup': CMAKE_PREFIX_PATH=/home/bartosz-babi-ski/Hexapod_git2/Hexapod/simulation/ros2_ws_hex/install/open_manipulator_description:/home/bartosz-babi-ski/Hexapod_git2/Hexapod/simulation/ros2_ws_hex/install/open_manipulator:/home/bartosz-babi-ski/Hexapod_git2/Hexapod/simulation/ros2_ws_hex/install/open_manipulator_moveit_config:/home/bartosz-babi-ski/Hexapod_git2/Hexapod/simulation/ros2_ws_hex/install/open_manipulator_bringup:/home/bartosz-babi-ski/Hexapod_git2/Hexapod/simulation/ros2_ws_hex/install/om_spring_actuator_controller:/home/bartosz-babi-ski/Hexapod_git2/Hexapod/simulation/ros2_ws_hex/install/om_joint_trajectory_command_broadcaster:/home/bartosz-babi-ski/Hexapod_git2/Hexapod/simulation/ros2_ws_hex/install/om_gravity_compensation_controller:/home/bartosz-babi-ski/ws_moveit/install/robotiq_hardware_tests:/home/bartosz-babi-ski/ws_moveit/install/robotiq_driver:/home/bartosz-babi-ski/ws_moveit/install/serial:/home/bartosz-babi-ski/ws_moveit/install/moveit2_tutorials:/home/bartosz-babi-ski/ws_moveit/install/moveit_visual_tools:/home/bartosz-babi-ski/ws_moveit/install/rviz_visual_tools:/home/bartosz-babi-ski/ws_moveit/install/moveit_task_constructor_visualization:/home/bartosz-babi-ski/ws_moveit/install/moveit_task_constructor_demo:/home/bartosz-babi-ski/ws_moveit/install/moveit_task_constructor_capabilities:/home/bartosz-babi-ski/ws_moveit/install/moveit_task_constructor_core:/home/bartosz-babi-ski/ws_moveit/install/rviz_marker_tools:/home/bartosz-babi-ski/ws_moveit/install/kortex_bringup:/home/bartosz-babi-ski/ws_moveit/install/kinova_gen3_lite_moveit_config:/home/bartosz-babi-ski/ws_moveit/install/kinova_gen3_7dof_robotiq_2f_85_moveit_config:/home/bartosz-babi-ski/ws_moveit/install/kinova_gen3_6dof_robotiq_2f_85_moveit_config:/home/bartosz-babi-ski/ws_moveit/install/kortex_description:/home/bartosz-babi-ski/ws_moveit/install/robotiq_description:/home/bartosz-babi-ski/ws_moveit/install/robotiq_controllers:/home/bartosz-babi-ski/ws_moveit/install/pilz_industrial_motion_planner_testutils:/home/bartosz-babi-ski/ws_moveit/install/moveit_runtime:/home/bartosz-babi-ski/ws_moveit/install/moveit:/home/bartosz-babi-ski/ws_moveit/install/moveit_planners:/home/bartosz-babi-ski/ws_moveit/install/pilz_industrial_motion_planner:/home/bartosz-babi-ski/ws_moveit/install/picknik_twist_controller:/home/bartosz-babi-ski/ws_moveit/install/picknik_reset_fault_controller:/home/bartosz-babi-ski/ws_moveit/install/moveit_task_constructor_msgs:/home/bartosz-babi-ski/ws_moveit/install/moveit_ros_control_interface:/home/bartosz-babi-ski/ws_moveit/install/moveit_plugins:/home/bartosz-babi-ski/ws_moveit/install/moveit_simple_controller_manager:/home/bartosz-babi-ski/ws_moveit/install/moveit_setup_assistant:/home/bartosz-babi-ski/ws_moveit/install/moveit_setup_srdf_plugins:/home/bartosz-babi-ski/ws_moveit/install/moveit_setup_core_plugins:/home/bartosz-babi-ski/ws_moveit/install/moveit_setup_controllers:/home/bartosz-babi-ski/ws_moveit/install/moveit_setup_app_plugins:/home/bartosz-babi-ski/ws_moveit/install/moveit_setup_framework:/home/bartosz-babi-ski/ws_moveit/install/moveit_servo:/home/bartosz-babi-ski/ws_moveit/install/moveit_ros_trajectory_cache:/home/bartosz-babi-ski/ws_moveit/install/moveit_ros:/home/bartosz-babi-ski/ws_moveit/install/moveit_ros_visualization:/home/bartosz-babi-ski/ws_moveit/install/moveit_py:/home/bartosz-babi-ski/ws_moveit/install/moveit_hybrid_planning:/home/bartosz-babi-ski/ws_moveit/install/moveit_ros_planning_interface:/home/bartosz-babi-ski/ws_moveit/install/moveit_ros_benchmarks:/home/bartosz-babi-ski/ws_moveit/install/moveit_ros_warehouse:/home/bartosz-babi-ski/ws_moveit/install/moveit_ros_robot_interaction:/home/bartosz-babi-ski/ws_moveit/install/moveit_ros_perception:/home/bartosz-babi-ski/ws_moveit/install/moveit_resources_prbt_pg70_support:/home/bartosz-babi-ski/ws_moveit/install/moveit_resources_prbt_moveit_config:/home/bartosz-babi-ski/ws_moveit/install/moveit_ros_move_group:/home/bartosz-babi-ski/ws_moveit/install/moveit_planners_ompl:/home/bartosz-babi-ski/ws_moveit/install/moveit_kinematics:/home/bartosz-babi-ski/ws_moveit/install/moveit_ros_planning:/home/bartosz-babi-ski/ws_moveit/install/moveit_ros_occupancy_map_monitor:/home/bartosz-babi-ski/ws_moveit/install/moveit_resources_prbt_support:/home/bartosz-babi-ski/ws_moveit/install/moveit_resources_prbt_ikfast_manipulator_plugin:/home/bartosz-babi-ski/ws_moveit/install/moveit_resources:/home/bartosz-babi-ski/ws_moveit/install/moveit_resources_pr2_description:/home/bartosz-babi-ski/ws_moveit/install/moveit_resources_panda_moveit_config:/home/bartosz-babi-ski/ws_moveit/install/dual_arm_panda_moveit_config:/home/bartosz-babi-ski/ws_moveit/install/moveit_resources_panda_description:/home/bartosz-babi-ski/ws_moveit/install/moveit_resources_fanuc_moveit_config:/home/bartosz-babi-ski/ws_moveit/install/moveit_resources_fanuc_description:/home/bartosz-babi-ski/ws_moveit/install/moveit_planners_stomp:/home/bartosz-babi-ski/ws_moveit/install/moveit_planners_chomp:/home/bartosz-babi-ski/ws_moveit/install/chomp_motion_planner:/home/bartosz-babi-ski/ws_moveit/install/moveit_core:/home/bartosz-babi-ski/ws_moveit/install/moveit_msgs:/home/bartosz-babi-ski/ws_moveit/install/moveit_common:/home/bartosz-babi-ski/ws_moveit/install/kortex_driver:/home/bartosz-babi-ski/ws_moveit/install/kortex_api:/home/bartosz-babi-ski/newros2_ws/install/hexapod_moveit_config:/home/bartosz-babi-ski/newros2_ws/install/hexapod_gazebo:/home/bartosz-babi-ski/newros2_ws/install/hexapod_description:/home/bartosz-babi-ski/ws_moveit2/install/hello_moveit:/home/bartosz-babi-ski/ros2_ws/install/mycobot_moveit_config:/home/bartosz-babi-ski/ros2_ws/install/mycobot_gazebo:/home/bartosz-babi-ski/ros2_ws/install/mycobot_description:/opt/ros/jazzy/opt/gz_launch_vendor:/opt/ros/jazzy/opt/gz_sim_vendor:/opt/ros/jazzy/opt/gz_sensors_vendor:/opt/ros/jazzy/opt/gz_physics_vendor:/opt/ros/jazzy/opt/sdformat_vendor:/opt/ros/jazzy/opt/gz_gui_vendor:/opt/ros/jazzy/opt/gz_transport_vendor:/opt/ros/jazzy/opt/gz_rendering_vendor:/opt/ros/jazzy/opt/gz_plugin_vendor:/opt/ros/jazzy/opt/gz_fuel_tools_vendor:/opt/ros/jazzy/opt/gz_msgs_vendor:/opt/ros/jazzy/opt/gz_common_vendor:/opt/ros/jazzy/opt/gz_math_vendor:/opt/ros/jazzy/opt/gz_utils_vendor:/opt/ros/jazzy/opt/gz_tools_vendor:/opt/ros/jazzy/opt/gz_ogre_next_vendor:/opt/ros/jazzy/opt/gz_dartsim_vendor:/opt/ros/jazzy/opt/gz_cmake_vendor:/home/bartosz-babi-ski/ws_moveit/install/moveit_configs_utils:/opt/ros/jazzy DEBUGINFOD_URLS=https://debuginfod.ubuntu.com /usr/bin/cmake --install /home/bartosz-babi-ski/Hexapod_git2/Hexapod/simulation/ros2_ws_hex/build/open_manipulator_bringup
[1.958s] DEBUG:colcon.colcon_core.event_handler.log_command:Invoked command in '/home/bartosz-babi-ski/Hexapod_git2/Hexapod/simulation/ros2_ws_hex/build/om_joint_trajectory_command_broadcaster' returned '0': CMAKE_PREFIX_PATH=${CMAKE_PREFIX_PATH}:/home/bartosz-babi-ski/ws_moveit/install/moveit_configs_utils:/opt/ros/jazzy DEBUGINFOD_URLS=https://debuginfod.ubuntu.com /usr/bin/cmake /home/bartosz-babi-ski/Hexapod_git2/Hexapod/simulation/ros2_ws_hex/src/ros2_controller/om_joint_trajectory_command_broadcaster -DCMAKE_INSTALL_PREFIX=/home/bartosz-babi-ski/Hexapod_git2/Hexapod/simulation/ros2_ws_hex/install/om_joint_trajectory_command_broadcaster
[1.959s] DEBUG:colcon.colcon_core.event_handler.log_command:Invoking command in '/home/bartosz-babi-ski/Hexapod_git2/Hexapod/simulation/ros2_ws_hex/build/om_joint_trajectory_command_broadcaster': CMAKE_PREFIX_PATH=${CMAKE_PREFIX_PATH}:/home/bartosz-babi-ski/ws_moveit/install/moveit_configs_utils:/opt/ros/jazzy DEBUGINFOD_URLS=https://debuginfod.ubuntu.com /usr/bin/cmake --build /home/bartosz-babi-ski/Hexapod_git2/Hexapod/simulation/ros2_ws_hex/build/om_joint_trajectory_command_broadcaster -- -j12 -l12
[1.959s] Level 1:colcon.colcon_core.environment:create_environment_scripts_only(open_manipulator_bringup)
[1.960s] Level 1:colcon.colcon_core.environment:checking '/home/bartosz-babi-ski/Hexapod_git2/Hexapod/simulation/ros2_ws_hex/install/open_manipulator_bringup' for CMake module files
[1.960s] DEBUG:colcon.colcon_core.event_handler.log_command:Invoked command in '/home/bartosz-babi-ski/Hexapod_git2/Hexapod/simulation/ros2_ws_hex/build/open_manipulator_bringup' returned '0': CMAKE_PREFIX_PATH=/home/bartosz-babi-ski/Hexapod_git2/Hexapod/simulation/ros2_ws_hex/install/open_manipulator_description:/home/bartosz-babi-ski/Hexapod_git2/Hexapod/simulation/ros2_ws_hex/install/open_manipulator:/home/bartosz-babi-ski/Hexapod_git2/Hexapod/simulation/ros2_ws_hex/install/open_manipulator_moveit_config:/home/bartosz-babi-ski/Hexapod_git2/Hexapod/simulation/ros2_ws_hex/install/open_manipulator_bringup:/home/bartosz-babi-ski/Hexapod_git2/Hexapod/simulation/ros2_ws_hex/install/om_spring_actuator_controller:/home/bartosz-babi-ski/Hexapod_git2/Hexapod/simulation/ros2_ws_hex/install/om_joint_trajectory_command_broadcaster:/home/bartosz-babi-ski/Hexapod_git2/Hexapod/simulation/ros2_ws_hex/install/om_gravity_compensation_controller:/home/bartosz-babi-ski/ws_moveit/install/robotiq_hardware_tests:/home/bartosz-babi-ski/ws_moveit/install/robotiq_driver:/home/bartosz-babi-ski/ws_moveit/install/serial:/home/bartosz-babi-ski/ws_moveit/install/moveit2_tutorials:/home/bartosz-babi-ski/ws_moveit/install/moveit_visual_tools:/home/bartosz-babi-ski/ws_moveit/install/rviz_visual_tools:/home/bartosz-babi-ski/ws_moveit/install/moveit_task_constructor_visualization:/home/bartosz-babi-ski/ws_moveit/install/moveit_task_constructor_demo:/home/bartosz-babi-ski/ws_moveit/install/moveit_task_constructor_capabilities:/home/bartosz-babi-ski/ws_moveit/install/moveit_task_constructor_core:/home/bartosz-babi-ski/ws_moveit/install/rviz_marker_tools:/home/bartosz-babi-ski/ws_moveit/install/kortex_bringup:/home/bartosz-babi-ski/ws_moveit/install/kinova_gen3_lite_moveit_config:/home/bartosz-babi-ski/ws_moveit/install/kinova_gen3_7dof_robotiq_2f_85_moveit_config:/home/bartosz-babi-ski/ws_moveit/install/kinova_gen3_6dof_robotiq_2f_85_moveit_config:/home/bartosz-babi-ski/ws_moveit/install/kortex_description:/home/bartosz-babi-ski/ws_moveit/install/robotiq_description:/home/bartosz-babi-ski/ws_moveit/install/robotiq_controllers:/home/bartosz-babi-ski/ws_moveit/install/pilz_industrial_motion_planner_testutils:/home/bartosz-babi-ski/ws_moveit/install/moveit_runtime:/home/bartosz-babi-ski/ws_moveit/install/moveit:/home/bartosz-babi-ski/ws_moveit/install/moveit_planners:/home/bartosz-babi-ski/ws_moveit/install/pilz_industrial_motion_planner:/home/bartosz-babi-ski/ws_moveit/install/picknik_twist_controller:/home/bartosz-babi-ski/ws_moveit/install/picknik_reset_fault_controller:/home/bartosz-babi-ski/ws_moveit/install/moveit_task_constructor_msgs:/home/bartosz-babi-ski/ws_moveit/install/moveit_ros_control_interface:/home/bartosz-babi-ski/ws_moveit/install/moveit_plugins:/home/bartosz-babi-ski/ws_moveit/install/moveit_simple_controller_manager:/home/bartosz-babi-ski/ws_moveit/install/moveit_setup_assistant:/home/bartosz-babi-ski/ws_moveit/install/moveit_setup_srdf_plugins:/home/bartosz-babi-ski/ws_moveit/install/moveit_setup_core_plugins:/home/bartosz-babi-ski/ws_moveit/install/moveit_setup_controllers:/home/bartosz-babi-ski/ws_moveit/install/moveit_setup_app_plugins:/home/bartosz-babi-ski/ws_moveit/install/moveit_setup_framework:/home/bartosz-babi-ski/ws_moveit/install/moveit_servo:/home/bartosz-babi-ski/ws_moveit/install/moveit_ros_trajectory_cache:/home/bartosz-babi-ski/ws_moveit/install/moveit_ros:/home/bartosz-babi-ski/ws_moveit/install/moveit_ros_visualization:/home/bartosz-babi-ski/ws_moveit/install/moveit_py:/home/bartosz-babi-ski/ws_moveit/install/moveit_hybrid_planning:/home/bartosz-babi-ski/ws_moveit/install/moveit_ros_planning_interface:/home/bartosz-babi-ski/ws_moveit/install/moveit_ros_benchmarks:/home/bartosz-babi-ski/ws_moveit/install/moveit_ros_warehouse:/home/bartosz-babi-ski/ws_moveit/install/moveit_ros_robot_interaction:/home/bartosz-babi-ski/ws_moveit/install/moveit_ros_perception:/home/bartosz-babi-ski/ws_moveit/install/moveit_resources_prbt_pg70_support:/home/bartosz-babi-ski/ws_moveit/install/moveit_resources_prbt_moveit_config:/home/bartosz-babi-ski/ws_moveit/install/moveit_ros_move_group:/home/bartosz-babi-ski/ws_moveit/install/moveit_planners_ompl:/home/bartosz-babi-ski/ws_moveit/install/moveit_kinematics:/home/bartosz-babi-ski/ws_moveit/install/moveit_ros_planning:/home/bartosz-babi-ski/ws_moveit/install/moveit_ros_occupancy_map_monitor:/home/bartosz-babi-ski/ws_moveit/install/moveit_resources_prbt_support:/home/bartosz-babi-ski/ws_moveit/install/moveit_resources_prbt_ikfast_manipulator_plugin:/home/bartosz-babi-ski/ws_moveit/install/moveit_resources:/home/bartosz-babi-ski/ws_moveit/install/moveit_resources_pr2_description:/home/bartosz-babi-ski/ws_moveit/install/moveit_resources_panda_moveit_config:/home/bartosz-babi-ski/ws_moveit/install/dual_arm_panda_moveit_config:/home/bartosz-babi-ski/ws_moveit/install/moveit_resources_panda_description:/home/bartosz-babi-ski/ws_moveit/install/moveit_resources_fanuc_moveit_config:/home/bartosz-babi-ski/ws_moveit/install/moveit_resources_fanuc_description:/home/bartosz-babi-ski/ws_moveit/install/moveit_planners_stomp:/home/bartosz-babi-ski/ws_moveit/install/moveit_planners_chomp:/home/bartosz-babi-ski/ws_moveit/install/chomp_motion_planner:/home/bartosz-babi-ski/ws_moveit/install/moveit_core:/home/bartosz-babi-ski/ws_moveit/install/moveit_msgs:/home/bartosz-babi-ski/ws_moveit/install/moveit_common:/home/bartosz-babi-ski/ws_moveit/install/kortex_driver:/home/bartosz-babi-ski/ws_moveit/install/kortex_api:/home/bartosz-babi-ski/newros2_ws/install/hexapod_moveit_config:/home/bartosz-babi-ski/newros2_ws/install/hexapod_gazebo:/home/bartosz-babi-ski/newros2_ws/install/hexapod_description:/home/bartosz-babi-ski/ws_moveit2/install/hello_moveit:/home/bartosz-babi-ski/ros2_ws/install/mycobot_moveit_config:/home/bartosz-babi-ski/ros2_ws/install/mycobot_gazebo:/home/bartosz-babi-ski/ros2_ws/install/mycobot_description:/opt/ros/jazzy/opt/gz_launch_vendor:/opt/ros/jazzy/opt/gz_sim_vendor:/opt/ros/jazzy/opt/gz_sensors_vendor:/opt/ros/jazzy/opt/gz_physics_vendor:/opt/ros/jazzy/opt/sdformat_vendor:/opt/ros/jazzy/opt/gz_gui_vendor:/opt/ros/jazzy/opt/gz_transport_vendor:/opt/ros/jazzy/opt/gz_rendering_vendor:/opt/ros/jazzy/opt/gz_plugin_vendor:/opt/ros/jazzy/opt/gz_fuel_tools_vendor:/opt/ros/jazzy/opt/gz_msgs_vendor:/opt/ros/jazzy/opt/gz_common_vendor:/opt/ros/jazzy/opt/gz_math_vendor:/opt/ros/jazzy/opt/gz_utils_vendor:/opt/ros/jazzy/opt/gz_tools_vendor:/opt/ros/jazzy/opt/gz_ogre_next_vendor:/opt/ros/jazzy/opt/gz_dartsim_vendor:/opt/ros/jazzy/opt/gz_cmake_vendor:/home/bartosz-babi-ski/ws_moveit/install/moveit_configs_utils:/opt/ros/jazzy DEBUGINFOD_URLS=https://debuginfod.ubuntu.com /usr/bin/cmake --install /home/bartosz-babi-ski/Hexapod_git2/Hexapod/simulation/ros2_ws_hex/build/open_manipulator_bringup
[1.960s] Level 1:colcon.colcon_core.environment:checking '/home/bartosz-babi-ski/Hexapod_git2/Hexapod/simulation/ros2_ws_hex/install/open_manipulator_bringup' for CMake config files
[1.960s] Level 1:colcon.colcon_core.shell:create_environment_hook('open_manipulator_bringup', 'cmake_prefix_path')
[1.960s] INFO:colcon.colcon_core.shell:Creating environment hook '/home/bartosz-babi-ski/Hexapod_git2/Hexapod/simulation/ros2_ws_hex/install/open_manipulator_bringup/share/open_manipulator_bringup/hook/cmake_prefix_path.ps1'
[1.961s] INFO:colcon.colcon_core.shell:Creating environment descriptor '/home/bartosz-babi-ski/Hexapod_git2/Hexapod/simulation/ros2_ws_hex/install/open_manipulator_bringup/share/open_manipulator_bringup/hook/cmake_prefix_path.dsv'
[1.961s] INFO:colcon.colcon_core.shell:Creating environment hook '/home/bartosz-babi-ski/Hexapod_git2/Hexapod/simulation/ros2_ws_hex/install/open_manipulator_bringup/share/open_manipulator_bringup/hook/cmake_prefix_path.sh'
[1.961s] Level 1:colcon.colcon_core.environment:checking '/home/bartosz-babi-ski/Hexapod_git2/Hexapod/simulation/ros2_ws_hex/install/open_manipulator_bringup/lib'
[1.962s] Level 1:colcon.colcon_core.environment:checking '/home/bartosz-babi-ski/Hexapod_git2/Hexapod/simulation/ros2_ws_hex/install/open_manipulator_bringup/bin'
[1.962s] Level 1:colcon.colcon_core.environment:checking '/home/bartosz-babi-ski/Hexapod_git2/Hexapod/simulation/ros2_ws_hex/install/open_manipulator_bringup/lib/pkgconfig/open_manipulator_bringup.pc'
[1.962s] Level 1:colcon.colcon_core.environment:checking '/home/bartosz-babi-ski/Hexapod_git2/Hexapod/simulation/ros2_ws_hex/install/open_manipulator_bringup/lib/python3.12/site-packages'
[1.962s] Level 1:colcon.colcon_core.environment:checking '/home/bartosz-babi-ski/Hexapod_git2/Hexapod/simulation/ros2_ws_hex/install/open_manipulator_bringup/bin'
[1.962s] INFO:colcon.colcon_core.shell:Creating package script '/home/bartosz-babi-ski/Hexapod_git2/Hexapod/simulation/ros2_ws_hex/install/open_manipulator_bringup/share/open_manipulator_bringup/package.ps1'
[1.962s] INFO:colcon.colcon_core.shell:Creating package descriptor '/home/bartosz-babi-ski/Hexapod_git2/Hexapod/simulation/ros2_ws_hex/install/open_manipulator_bringup/share/open_manipulator_bringup/package.dsv'
[1.963s] INFO:colcon.colcon_core.shell:Creating package script '/home/bartosz-babi-ski/Hexapod_git2/Hexapod/simulation/ros2_ws_hex/install/open_manipulator_bringup/share/open_manipulator_bringup/package.sh'
[1.963s] INFO:colcon.colcon_core.shell:Creating package script '/home/bartosz-babi-ski/Hexapod_git2/Hexapod/simulation/ros2_ws_hex/install/open_manipulator_bringup/share/open_manipulator_bringup/package.bash'
[1.963s] INFO:colcon.colcon_core.shell:Creating package script '/home/bartosz-babi-ski/Hexapod_git2/Hexapod/simulation/ros2_ws_hex/install/open_manipulator_bringup/share/open_manipulator_bringup/package.zsh'
[1.963s] Level 1:colcon.colcon_core.environment:create_file_with_runtime_dependencies(/home/bartosz-babi-ski/Hexapod_git2/Hexapod/simulation/ros2_ws_hex/install/open_manipulator_bringup/share/colcon-core/packages/open_manipulator_bringup)
[1.964s] Level 1:colcon.colcon_core.environment:create_environment_scripts_only(open_manipulator_bringup)
[1.964s] Level 1:colcon.colcon_core.environment:checking '/home/bartosz-babi-ski/Hexapod_git2/Hexapod/simulation/ros2_ws_hex/install/open_manipulator_bringup' for CMake module files
[1.964s] Level 1:colcon.colcon_core.environment:checking '/home/bartosz-babi-ski/Hexapod_git2/Hexapod/simulation/ros2_ws_hex/install/open_manipulator_bringup' for CMake config files
[1.964s] Level 1:colcon.colcon_core.shell:create_environment_hook('open_manipulator_bringup', 'cmake_prefix_path')
[1.964s] INFO:colcon.colcon_core.shell:Creating environment hook '/home/bartosz-babi-ski/Hexapod_git2/Hexapod/simulation/ros2_ws_hex/install/open_manipulator_bringup/share/open_manipulator_bringup/hook/cmake_prefix_path.ps1'
[1.965s] INFO:colcon.colcon_core.shell:Creating environment descriptor '/home/bartosz-babi-ski/Hexapod_git2/Hexapod/simulation/ros2_ws_hex/install/open_manipulator_bringup/share/open_manipulator_bringup/hook/cmake_prefix_path.dsv'
[1.965s] INFO:colcon.colcon_core.shell:Creating environment hook '/home/bartosz-babi-ski/Hexapod_git2/Hexapod/simulation/ros2_ws_hex/install/open_manipulator_bringup/share/open_manipulator_bringup/hook/cmake_prefix_path.sh'
[1.965s] Level 1:colcon.colcon_core.environment:checking '/home/bartosz-babi-ski/Hexapod_git2/Hexapod/simulation/ros2_ws_hex/install/open_manipulator_bringup/lib'
[1.965s] Level 1:colcon.colcon_core.environment:checking '/home/bartosz-babi-ski/Hexapod_git2/Hexapod/simulation/ros2_ws_hex/install/open_manipulator_bringup/bin'
[1.965s] Level 1:colcon.colcon_core.environment:checking '/home/bartosz-babi-ski/Hexapod_git2/Hexapod/simulation/ros2_ws_hex/install/open_manipulator_bringup/lib/pkgconfig/open_manipulator_bringup.pc'
[1.965s] Level 1:colcon.colcon_core.environment:checking '/home/bartosz-babi-ski/Hexapod_git2/Hexapod/simulation/ros2_ws_hex/install/open_manipulator_bringup/lib/python3.12/site-packages'
[1.966s] Level 1:colcon.colcon_core.environment:checking '/home/bartosz-babi-ski/Hexapod_git2/Hexapod/simulation/ros2_ws_hex/install/open_manipulator_bringup/bin'
[1.966s] INFO:colcon.colcon_core.shell:Creating package script '/home/bartosz-babi-ski/Hexapod_git2/Hexapod/simulation/ros2_ws_hex/install/open_manipulator_bringup/share/open_manipulator_bringup/package.ps1'
[1.966s] INFO:colcon.colcon_core.shell:Creating package descriptor '/home/bartosz-babi-ski/Hexapod_git2/Hexapod/simulation/ros2_ws_hex/install/open_manipulator_bringup/share/open_manipulator_bringup/package.dsv'
[1.966s] INFO:colcon.colcon_core.shell:Creating package script '/home/bartosz-babi-ski/Hexapod_git2/Hexapod/simulation/ros2_ws_hex/install/open_manipulator_bringup/share/open_manipulator_bringup/package.sh'
[1.967s] INFO:colcon.colcon_core.shell:Creating package script '/home/bartosz-babi-ski/Hexapod_git2/Hexapod/simulation/ros2_ws_hex/install/open_manipulator_bringup/share/open_manipulator_bringup/package.bash'
[1.967s] INFO:colcon.colcon_core.shell:Creating package script '/home/bartosz-babi-ski/Hexapod_git2/Hexapod/simulation/ros2_ws_hex/install/open_manipulator_bringup/share/open_manipulator_bringup/package.zsh'
[1.967s] Level 1:colcon.colcon_core.environment:create_file_with_runtime_dependencies(/home/bartosz-babi-ski/Hexapod_git2/Hexapod/simulation/ros2_ws_hex/install/open_manipulator_bringup/share/colcon-core/packages/open_manipulator_bringup)
[2.001s] DEBUG:colcon.colcon_core.event_handler.log_command:Invoked command in '/home/bartosz-babi-ski/Hexapod_git2/Hexapod/simulation/ros2_ws_hex/build/om_spring_actuator_controller' returned '0': CMAKE_PREFIX_PATH=${CMAKE_PREFIX_PATH}:/home/bartosz-babi-ski/ws_moveit/install/moveit_configs_utils:/opt/ros/jazzy DEBUGINFOD_URLS=https://debuginfod.ubuntu.com /usr/bin/cmake /home/bartosz-babi-ski/Hexapod_git2/Hexapod/simulation/ros2_ws_hex/src/ros2_controller/om_spring_actuator_controller -DCMAKE_INSTALL_PREFIX=/home/bartosz-babi-ski/Hexapod_git2/Hexapod/simulation/ros2_ws_hex/install/om_spring_actuator_controller
[2.001s] DEBUG:colcon.colcon_core.event_handler.log_command:Invoking command in '/home/bartosz-babi-ski/Hexapod_git2/Hexapod/simulation/ros2_ws_hex/build/om_spring_actuator_controller': CMAKE_PREFIX_PATH=${CMAKE_PREFIX_PATH}:/home/bartosz-babi-ski/ws_moveit/install/moveit_configs_utils:/opt/ros/jazzy DEBUGINFOD_URLS=https://debuginfod.ubuntu.com /usr/bin/cmake --build /home/bartosz-babi-ski/Hexapod_git2/Hexapod/simulation/ros2_ws_hex/build/om_spring_actuator_controller -- -j12 -l12
[2.051s] DEBUG:colcon.colcon_core.event_handler.log_command:Invoked command in '/home/bartosz-babi-ski/Hexapod_git2/Hexapod/simulation/ros2_ws_hex/build/om_gravity_compensation_controller' returned '0': CMAKE_PREFIX_PATH=${CMAKE_PREFIX_PATH}:/home/bartosz-babi-ski/ws_moveit/install/moveit_configs_utils:/opt/ros/jazzy DEBUGINFOD_URLS=https://debuginfod.ubuntu.com /usr/bin/cmake /home/bartosz-babi-ski/Hexapod_git2/Hexapod/simulation/ros2_ws_hex/src/ros2_controller/om_gravity_compensation_controller -DCMAKE_INSTALL_PREFIX=/home/bartosz-babi-ski/Hexapod_git2/Hexapod/simulation/ros2_ws_hex/install/om_gravity_compensation_controller
[2.052s] DEBUG:colcon.colcon_core.event_handler.log_command:Invoking command in '/home/bartosz-babi-ski/Hexapod_git2/Hexapod/simulation/ros2_ws_hex/build/om_gravity_compensation_controller': CMAKE_PREFIX_PATH=${CMAKE_PREFIX_PATH}:/home/bartosz-babi-ski/ws_moveit/install/moveit_configs_utils:/opt/ros/jazzy DEBUGINFOD_URLS=https://debuginfod.ubuntu.com /usr/bin/cmake --build /home/bartosz-babi-ski/Hexapod_git2/Hexapod/simulation/ros2_ws_hex/build/om_gravity_compensation_controller -- -j12 -l12
[6.754s] DEBUG:colcon.colcon_core.event_handler.log_command:Invoked command in '/home/bartosz-babi-ski/Hexapod_git2/Hexapod/simulation/ros2_ws_hex/build/om_spring_actuator_controller' returned '0': CMAKE_PREFIX_PATH=${CMAKE_PREFIX_PATH}:/home/bartosz-babi-ski/ws_moveit/install/moveit_configs_utils:/opt/ros/jazzy DEBUGINFOD_URLS=https://debuginfod.ubuntu.com /usr/bin/cmake --build /home/bartosz-babi-ski/Hexapod_git2/Hexapod/simulation/ros2_ws_hex/build/om_spring_actuator_controller -- -j12 -l12
[6.755s] DEBUG:colcon.colcon_core.event_handler.log_command:Invoking command in '/home/bartosz-babi-ski/Hexapod_git2/Hexapod/simulation/ros2_ws_hex/build/om_spring_actuator_controller': CMAKE_PREFIX_PATH=${CMAKE_PREFIX_PATH}:/home/bartosz-babi-ski/ws_moveit/install/moveit_configs_utils:/opt/ros/jazzy DEBUGINFOD_URLS=https://debuginfod.ubuntu.com /usr/bin/cmake --install /home/bartosz-babi-ski/Hexapod_git2/Hexapod/simulation/ros2_ws_hex/build/om_spring_actuator_controller
[6.767s] Level 1:colcon.colcon_core.environment:create_environment_scripts_only(om_spring_actuator_controller)
[6.768s] Level 1:colcon.colcon_core.environment:checking '/home/bartosz-babi-ski/Hexapod_git2/Hexapod/simulation/ros2_ws_hex/install/om_spring_actuator_controller' for CMake module files
[6.768s] DEBUG:colcon.colcon_core.event_handler.log_command:Invoked command in '/home/bartosz-babi-ski/Hexapod_git2/Hexapod/simulation/ros2_ws_hex/build/om_spring_actuator_controller' returned '0': CMAKE_PREFIX_PATH=${CMAKE_PREFIX_PATH}:/home/bartosz-babi-ski/ws_moveit/install/moveit_configs_utils:/opt/ros/jazzy DEBUGINFOD_URLS=https://debuginfod.ubuntu.com /usr/bin/cmake --install /home/bartosz-babi-ski/Hexapod_git2/Hexapod/simulation/ros2_ws_hex/build/om_spring_actuator_controller
[6.768s] Level 1:colcon.colcon_core.environment:checking '/home/bartosz-babi-ski/Hexapod_git2/Hexapod/simulation/ros2_ws_hex/install/om_spring_actuator_controller' for CMake config files
[6.768s] Level 1:colcon.colcon_core.shell:create_environment_hook('om_spring_actuator_controller', 'cmake_prefix_path')
[6.768s] INFO:colcon.colcon_core.shell:Creating environment hook '/home/bartosz-babi-ski/Hexapod_git2/Hexapod/simulation/ros2_ws_hex/install/om_spring_actuator_controller/share/om_spring_actuator_controller/hook/cmake_prefix_path.ps1'
[6.769s] INFO:colcon.colcon_core.shell:Creating environment descriptor '/home/bartosz-babi-ski/Hexapod_git2/Hexapod/simulation/ros2_ws_hex/install/om_spring_actuator_controller/share/om_spring_actuator_controller/hook/cmake_prefix_path.dsv'
[6.769s] INFO:colcon.colcon_core.shell:Creating environment hook '/home/bartosz-babi-ski/Hexapod_git2/Hexapod/simulation/ros2_ws_hex/install/om_spring_actuator_controller/share/om_spring_actuator_controller/hook/cmake_prefix_path.sh'
[6.769s] Level 1:colcon.colcon_core.environment:checking '/home/bartosz-babi-ski/Hexapod_git2/Hexapod/simulation/ros2_ws_hex/install/om_spring_actuator_controller/lib'
[6.769s] Level 1:colcon.colcon_core.shell:create_environment_hook('om_spring_actuator_controller', 'ld_library_path_lib')
[6.769s] INFO:colcon.colcon_core.shell:Creating environment hook '/home/bartosz-babi-ski/Hexapod_git2/Hexapod/simulation/ros2_ws_hex/install/om_spring_actuator_controller/share/om_spring_actuator_controller/hook/ld_library_path_lib.ps1'
[6.770s] INFO:colcon.colcon_core.shell:Creating environment descriptor '/home/bartosz-babi-ski/Hexapod_git2/Hexapod/simulation/ros2_ws_hex/install/om_spring_actuator_controller/share/om_spring_actuator_controller/hook/ld_library_path_lib.dsv'
[6.770s] INFO:colcon.colcon_core.shell:Creating environment hook '/home/bartosz-babi-ski/Hexapod_git2/Hexapod/simulation/ros2_ws_hex/install/om_spring_actuator_controller/share/om_spring_actuator_controller/hook/ld_library_path_lib.sh'
[6.770s] Level 1:colcon.colcon_core.environment:checking '/home/bartosz-babi-ski/Hexapod_git2/Hexapod/simulation/ros2_ws_hex/install/om_spring_actuator_controller/bin'
[6.770s] Level 1:colcon.colcon_core.environment:checking '/home/bartosz-babi-ski/Hexapod_git2/Hexapod/simulation/ros2_ws_hex/install/om_spring_actuator_controller/lib/pkgconfig/om_spring_actuator_controller.pc'
[6.770s] Level 1:colcon.colcon_core.environment:checking '/home/bartosz-babi-ski/Hexapod_git2/Hexapod/simulation/ros2_ws_hex/install/om_spring_actuator_controller/lib/python3.12/site-packages'
[6.770s] Level 1:colcon.colcon_core.environment:checking '/home/bartosz-babi-ski/Hexapod_git2/Hexapod/simulation/ros2_ws_hex/install/om_spring_actuator_controller/bin'
[6.770s] INFO:colcon.colcon_core.shell:Creating package script '/home/bartosz-babi-ski/Hexapod_git2/Hexapod/simulation/ros2_ws_hex/install/om_spring_actuator_controller/share/om_spring_actuator_controller/package.ps1'
[6.771s] INFO:colcon.colcon_core.shell:Creating package descriptor '/home/bartosz-babi-ski/Hexapod_git2/Hexapod/simulation/ros2_ws_hex/install/om_spring_actuator_controller/share/om_spring_actuator_controller/package.dsv'
[6.771s] INFO:colcon.colcon_core.shell:Creating package script '/home/bartosz-babi-ski/Hexapod_git2/Hexapod/simulation/ros2_ws_hex/install/om_spring_actuator_controller/share/om_spring_actuator_controller/package.sh'
[6.771s] INFO:colcon.colcon_core.shell:Creating package script '/home/bartosz-babi-ski/Hexapod_git2/Hexapod/simulation/ros2_ws_hex/install/om_spring_actuator_controller/share/om_spring_actuator_controller/package.bash'
[6.771s] INFO:colcon.colcon_core.shell:Creating package script '/home/bartosz-babi-ski/Hexapod_git2/Hexapod/simulation/ros2_ws_hex/install/om_spring_actuator_controller/share/om_spring_actuator_controller/package.zsh'
[6.772s] Level 1:colcon.colcon_core.environment:create_file_with_runtime_dependencies(/home/bartosz-babi-ski/Hexapod_git2/Hexapod/simulation/ros2_ws_hex/install/om_spring_actuator_controller/share/colcon-core/packages/om_spring_actuator_controller)
[6.772s] Level 1:colcon.colcon_core.environment:create_environment_scripts_only(om_spring_actuator_controller)
[6.772s] Level 1:colcon.colcon_core.environment:checking '/home/bartosz-babi-ski/Hexapod_git2/Hexapod/simulation/ros2_ws_hex/install/om_spring_actuator_controller' for CMake module files
[6.772s] Level 1:colcon.colcon_core.environment:checking '/home/bartosz-babi-ski/Hexapod_git2/Hexapod/simulation/ros2_ws_hex/install/om_spring_actuator_controller' for CMake config files
[6.773s] Level 1:colcon.colcon_core.shell:create_environment_hook('om_spring_actuator_controller', 'cmake_prefix_path')
[6.773s] INFO:colcon.colcon_core.shell:Creating environment hook '/home/bartosz-babi-ski/Hexapod_git2/Hexapod/simulation/ros2_ws_hex/install/om_spring_actuator_controller/share/om_spring_actuator_controller/hook/cmake_prefix_path.ps1'
[6.773s] INFO:colcon.colcon_core.shell:Creating environment descriptor '/home/bartosz-babi-ski/Hexapod_git2/Hexapod/simulation/ros2_ws_hex/install/om_spring_actuator_controller/share/om_spring_actuator_controller/hook/cmake_prefix_path.dsv'
[6.773s] INFO:colcon.colcon_core.shell:Creating environment hook '/home/bartosz-babi-ski/Hexapod_git2/Hexapod/simulation/ros2_ws_hex/install/om_spring_actuator_controller/share/om_spring_actuator_controller/hook/cmake_prefix_path.sh'
[6.773s] Level 1:colcon.colcon_core.environment:checking '/home/bartosz-babi-ski/Hexapod_git2/Hexapod/simulation/ros2_ws_hex/install/om_spring_actuator_controller/lib'
[6.773s] Level 1:colcon.colcon_core.shell:create_environment_hook('om_spring_actuator_controller', 'ld_library_path_lib')
[6.774s] INFO:colcon.colcon_core.shell:Creating environment hook '/home/bartosz-babi-ski/Hexapod_git2/Hexapod/simulation/ros2_ws_hex/install/om_spring_actuator_controller/share/om_spring_actuator_controller/hook/ld_library_path_lib.ps1'
[6.774s] INFO:colcon.colcon_core.shell:Creating environment descriptor '/home/bartosz-babi-ski/Hexapod_git2/Hexapod/simulation/ros2_ws_hex/install/om_spring_actuator_controller/share/om_spring_actuator_controller/hook/ld_library_path_lib.dsv'
[6.774s] INFO:colcon.colcon_core.shell:Creating environment hook '/home/bartosz-babi-ski/Hexapod_git2/Hexapod/simulation/ros2_ws_hex/install/om_spring_actuator_controller/share/om_spring_actuator_controller/hook/ld_library_path_lib.sh'
[6.774s] Level 1:colcon.colcon_core.environment:checking '/home/bartosz-babi-ski/Hexapod_git2/Hexapod/simulation/ros2_ws_hex/install/om_spring_actuator_controller/bin'
[6.774s] Level 1:colcon.colcon_core.environment:checking '/home/bartosz-babi-ski/Hexapod_git2/Hexapod/simulation/ros2_ws_hex/install/om_spring_actuator_controller/lib/pkgconfig/om_spring_actuator_controller.pc'
[6.774s] Level 1:colcon.colcon_core.environment:checking '/home/bartosz-babi-ski/Hexapod_git2/Hexapod/simulation/ros2_ws_hex/install/om_spring_actuator_controller/lib/python3.12/site-packages'
[6.774s] Level 1:colcon.colcon_core.environment:checking '/home/bartosz-babi-ski/Hexapod_git2/Hexapod/simulation/ros2_ws_hex/install/om_spring_actuator_controller/bin'
[6.775s] INFO:colcon.colcon_core.shell:Creating package script '/home/bartosz-babi-ski/Hexapod_git2/Hexapod/simulation/ros2_ws_hex/install/om_spring_actuator_controller/share/om_spring_actuator_controller/package.ps1'
[6.775s] INFO:colcon.colcon_core.shell:Creating package descriptor '/home/bartosz-babi-ski/Hexapod_git2/Hexapod/simulation/ros2_ws_hex/install/om_spring_actuator_controller/share/om_spring_actuator_controller/package.dsv'
[6.775s] INFO:colcon.colcon_core.shell:Creating package script '/home/bartosz-babi-ski/Hexapod_git2/Hexapod/simulation/ros2_ws_hex/install/om_spring_actuator_controller/share/om_spring_actuator_controller/package.sh'
[6.776s] INFO:colcon.colcon_core.shell:Creating package script '/home/bartosz-babi-ski/Hexapod_git2/Hexapod/simulation/ros2_ws_hex/install/om_spring_actuator_controller/share/om_spring_actuator_controller/package.bash'
[6.776s] INFO:colcon.colcon_core.shell:Creating package script '/home/bartosz-babi-ski/Hexapod_git2/Hexapod/simulation/ros2_ws_hex/install/om_spring_actuator_controller/share/om_spring_actuator_controller/package.zsh'
[6.776s] Level 1:colcon.colcon_core.environment:create_file_with_runtime_dependencies(/home/bartosz-babi-ski/Hexapod_git2/Hexapod/simulation/ros2_ws_hex/install/om_spring_actuator_controller/share/colcon-core/packages/om_spring_actuator_controller)
[6.851s] DEBUG:colcon.colcon_core.event_handler.log_command:Invoked command in '/home/bartosz-babi-ski/Hexapod_git2/Hexapod/simulation/ros2_ws_hex/build/om_gravity_compensation_controller' returned '0': CMAKE_PREFIX_PATH=${CMAKE_PREFIX_PATH}:/home/bartosz-babi-ski/ws_moveit/install/moveit_configs_utils:/opt/ros/jazzy DEBUGINFOD_URLS=https://debuginfod.ubuntu.com /usr/bin/cmake --build /home/bartosz-babi-ski/Hexapod_git2/Hexapod/simulation/ros2_ws_hex/build/om_gravity_compensation_controller -- -j12 -l12
[6.852s] DEBUG:colcon.colcon_core.event_handler.log_command:Invoking command in '/home/bartosz-babi-ski/Hexapod_git2/Hexapod/simulation/ros2_ws_hex/build/om_gravity_compensation_controller': CMAKE_PREFIX_PATH=${CMAKE_PREFIX_PATH}:/home/bartosz-babi-ski/ws_moveit/install/moveit_configs_utils:/opt/ros/jazzy DEBUGINFOD_URLS=https://debuginfod.ubuntu.com /usr/bin/cmake --install /home/bartosz-babi-ski/Hexapod_git2/Hexapod/simulation/ros2_ws_hex/build/om_gravity_compensation_controller
[6.864s] Level 1:colcon.colcon_core.environment:create_environment_scripts_only(om_gravity_compensation_controller)
[6.864s] DEBUG:colcon.colcon_core.event_handler.log_command:Invoked command in '/home/bartosz-babi-ski/Hexapod_git2/Hexapod/simulation/ros2_ws_hex/build/om_gravity_compensation_controller' returned '0': CMAKE_PREFIX_PATH=${CMAKE_PREFIX_PATH}:/home/bartosz-babi-ski/ws_moveit/install/moveit_configs_utils:/opt/ros/jazzy DEBUGINFOD_URLS=https://debuginfod.ubuntu.com /usr/bin/cmake --install /home/bartosz-babi-ski/Hexapod_git2/Hexapod/simulation/ros2_ws_hex/build/om_gravity_compensation_controller
[6.864s] Level 1:colcon.colcon_core.environment:checking '/home/bartosz-babi-ski/Hexapod_git2/Hexapod/simulation/ros2_ws_hex/install/om_gravity_compensation_controller' for CMake module files
[6.864s] Level 1:colcon.colcon_core.environment:checking '/home/bartosz-babi-ski/Hexapod_git2/Hexapod/simulation/ros2_ws_hex/install/om_gravity_compensation_controller' for CMake config files
[6.864s] Level 1:colcon.colcon_core.shell:create_environment_hook('om_gravity_compensation_controller', 'cmake_prefix_path')
[6.865s] INFO:colcon.colcon_core.shell:Creating environment hook '/home/bartosz-babi-ski/Hexapod_git2/Hexapod/simulation/ros2_ws_hex/install/om_gravity_compensation_controller/share/om_gravity_compensation_controller/hook/cmake_prefix_path.ps1'
[6.865s] INFO:colcon.colcon_core.shell:Creating environment descriptor '/home/bartosz-babi-ski/Hexapod_git2/Hexapod/simulation/ros2_ws_hex/install/om_gravity_compensation_controller/share/om_gravity_compensation_controller/hook/cmake_prefix_path.dsv'
[6.865s] INFO:colcon.colcon_core.shell:Creating environment hook '/home/bartosz-babi-ski/Hexapod_git2/Hexapod/simulation/ros2_ws_hex/install/om_gravity_compensation_controller/share/om_gravity_compensation_controller/hook/cmake_prefix_path.sh'
[6.865s] Level 1:colcon.colcon_core.environment:checking '/home/bartosz-babi-ski/Hexapod_git2/Hexapod/simulation/ros2_ws_hex/install/om_gravity_compensation_controller/lib'
[6.865s] Level 1:colcon.colcon_core.shell:create_environment_hook('om_gravity_compensation_controller', 'ld_library_path_lib')
[6.866s] INFO:colcon.colcon_core.shell:Creating environment hook '/home/bartosz-babi-ski/Hexapod_git2/Hexapod/simulation/ros2_ws_hex/install/om_gravity_compensation_controller/share/om_gravity_compensation_controller/hook/ld_library_path_lib.ps1'
[6.866s] INFO:colcon.colcon_core.shell:Creating environment descriptor '/home/bartosz-babi-ski/Hexapod_git2/Hexapod/simulation/ros2_ws_hex/install/om_gravity_compensation_controller/share/om_gravity_compensation_controller/hook/ld_library_path_lib.dsv'
[6.866s] INFO:colcon.colcon_core.shell:Creating environment hook '/home/bartosz-babi-ski/Hexapod_git2/Hexapod/simulation/ros2_ws_hex/install/om_gravity_compensation_controller/share/om_gravity_compensation_controller/hook/ld_library_path_lib.sh'
[6.866s] Level 1:colcon.colcon_core.environment:checking '/home/bartosz-babi-ski/Hexapod_git2/Hexapod/simulation/ros2_ws_hex/install/om_gravity_compensation_controller/bin'
[6.866s] Level 1:colcon.colcon_core.environment:checking '/home/bartosz-babi-ski/Hexapod_git2/Hexapod/simulation/ros2_ws_hex/install/om_gravity_compensation_controller/lib/pkgconfig/om_gravity_compensation_controller.pc'
[6.866s] Level 1:colcon.colcon_core.environment:checking '/home/bartosz-babi-ski/Hexapod_git2/Hexapod/simulation/ros2_ws_hex/install/om_gravity_compensation_controller/lib/python3.12/site-packages'
[6.867s] Level 1:colcon.colcon_core.environment:checking '/home/bartosz-babi-ski/Hexapod_git2/Hexapod/simulation/ros2_ws_hex/install/om_gravity_compensation_controller/bin'
[6.867s] INFO:colcon.colcon_core.shell:Creating package script '/home/bartosz-babi-ski/Hexapod_git2/Hexapod/simulation/ros2_ws_hex/install/om_gravity_compensation_controller/share/om_gravity_compensation_controller/package.ps1'
[6.867s] INFO:colcon.colcon_core.shell:Creating package descriptor '/home/bartosz-babi-ski/Hexapod_git2/Hexapod/simulation/ros2_ws_hex/install/om_gravity_compensation_controller/share/om_gravity_compensation_controller/package.dsv'
[6.867s] INFO:colcon.colcon_core.shell:Creating package script '/home/bartosz-babi-ski/Hexapod_git2/Hexapod/simulation/ros2_ws_hex/install/om_gravity_compensation_controller/share/om_gravity_compensation_controller/package.sh'
[6.868s] INFO:colcon.colcon_core.shell:Creating package script '/home/bartosz-babi-ski/Hexapod_git2/Hexapod/simulation/ros2_ws_hex/install/om_gravity_compensation_controller/share/om_gravity_compensation_controller/package.bash'
[6.868s] INFO:colcon.colcon_core.shell:Creating package script '/home/bartosz-babi-ski/Hexapod_git2/Hexapod/simulation/ros2_ws_hex/install/om_gravity_compensation_controller/share/om_gravity_compensation_controller/package.zsh'
[6.868s] Level 1:colcon.colcon_core.environment:create_file_with_runtime_dependencies(/home/bartosz-babi-ski/Hexapod_git2/Hexapod/simulation/ros2_ws_hex/install/om_gravity_compensation_controller/share/colcon-core/packages/om_gravity_compensation_controller)
[6.868s] Level 1:colcon.colcon_core.environment:create_environment_scripts_only(om_gravity_compensation_controller)
[6.868s] Level 1:colcon.colcon_core.environment:checking '/home/bartosz-babi-ski/Hexapod_git2/Hexapod/simulation/ros2_ws_hex/install/om_gravity_compensation_controller' for CMake module files
[6.869s] Level 1:colcon.colcon_core.environment:checking '/home/bartosz-babi-ski/Hexapod_git2/Hexapod/simulation/ros2_ws_hex/install/om_gravity_compensation_controller' for CMake config files
[6.869s] Level 1:colcon.colcon_core.shell:create_environment_hook('om_gravity_compensation_controller', 'cmake_prefix_path')
[6.869s] INFO:colcon.colcon_core.shell:Creating environment hook '/home/bartosz-babi-ski/Hexapod_git2/Hexapod/simulation/ros2_ws_hex/install/om_gravity_compensation_controller/share/om_gravity_compensation_controller/hook/cmake_prefix_path.ps1'
[6.869s] INFO:colcon.colcon_core.shell:Creating environment descriptor '/home/bartosz-babi-ski/Hexapod_git2/Hexapod/simulation/ros2_ws_hex/install/om_gravity_compensation_controller/share/om_gravity_compensation_controller/hook/cmake_prefix_path.dsv'
[6.869s] INFO:colcon.colcon_core.shell:Creating environment hook '/home/bartosz-babi-ski/Hexapod_git2/Hexapod/simulation/ros2_ws_hex/install/om_gravity_compensation_controller/share/om_gravity_compensation_controller/hook/cmake_prefix_path.sh'
[6.870s] Level 1:colcon.colcon_core.environment:checking '/home/bartosz-babi-ski/Hexapod_git2/Hexapod/simulation/ros2_ws_hex/install/om_gravity_compensation_controller/lib'
[6.870s] Level 1:colcon.colcon_core.shell:create_environment_hook('om_gravity_compensation_controller', 'ld_library_path_lib')
[6.870s] INFO:colcon.colcon_core.shell:Creating environment hook '/home/bartosz-babi-ski/Hexapod_git2/Hexapod/simulation/ros2_ws_hex/install/om_gravity_compensation_controller/share/om_gravity_compensation_controller/hook/ld_library_path_lib.ps1'
[6.870s] INFO:colcon.colcon_core.shell:Creating environment descriptor '/home/bartosz-babi-ski/Hexapod_git2/Hexapod/simulation/ros2_ws_hex/install/om_gravity_compensation_controller/share/om_gravity_compensation_controller/hook/ld_library_path_lib.dsv'
[6.870s] INFO:colcon.colcon_core.shell:Creating environment hook '/home/bartosz-babi-ski/Hexapod_git2/Hexapod/simulation/ros2_ws_hex/install/om_gravity_compensation_controller/share/om_gravity_compensation_controller/hook/ld_library_path_lib.sh'
[6.870s] Level 1:colcon.colcon_core.environment:checking '/home/bartosz-babi-ski/Hexapod_git2/Hexapod/simulation/ros2_ws_hex/install/om_gravity_compensation_controller/bin'
[6.870s] Level 1:colcon.colcon_core.environment:checking '/home/bartosz-babi-ski/Hexapod_git2/Hexapod/simulation/ros2_ws_hex/install/om_gravity_compensation_controller/lib/pkgconfig/om_gravity_compensation_controller.pc'
[6.871s] Level 1:colcon.colcon_core.environment:checking '/home/bartosz-babi-ski/Hexapod_git2/Hexapod/simulation/ros2_ws_hex/install/om_gravity_compensation_controller/lib/python3.12/site-packages'
[6.871s] Level 1:colcon.colcon_core.environment:checking '/home/bartosz-babi-ski/Hexapod_git2/Hexapod/simulation/ros2_ws_hex/install/om_gravity_compensation_controller/bin'
[6.871s] INFO:colcon.colcon_core.shell:Creating package script '/home/bartosz-babi-ski/Hexapod_git2/Hexapod/simulation/ros2_ws_hex/install/om_gravity_compensation_controller/share/om_gravity_compensation_controller/package.ps1'
[6.871s] INFO:colcon.colcon_core.shell:Creating package descriptor '/home/bartosz-babi-ski/Hexapod_git2/Hexapod/simulation/ros2_ws_hex/install/om_gravity_compensation_controller/share/om_gravity_compensation_controller/package.dsv'
[6.871s] INFO:colcon.colcon_core.shell:Creating package script '/home/bartosz-babi-ski/Hexapod_git2/Hexapod/simulation/ros2_ws_hex/install/om_gravity_compensation_controller/share/om_gravity_compensation_controller/package.sh'
[6.872s] INFO:colcon.colcon_core.shell:Creating package script '/home/bartosz-babi-ski/Hexapod_git2/Hexapod/simulation/ros2_ws_hex/install/om_gravity_compensation_controller/share/om_gravity_compensation_controller/package.bash'
[6.872s] INFO:colcon.colcon_core.shell:Creating package script '/home/bartosz-babi-ski/Hexapod_git2/Hexapod/simulation/ros2_ws_hex/install/om_gravity_compensation_controller/share/om_gravity_compensation_controller/package.zsh'
[6.872s] Level 1:colcon.colcon_core.environment:create_file_with_runtime_dependencies(/home/bartosz-babi-ski/Hexapod_git2/Hexapod/simulation/ros2_ws_hex/install/om_gravity_compensation_controller/share/colcon-core/packages/om_gravity_compensation_controller)
[7.383s] DEBUG:colcon.colcon_core.event_handler.log_command:Invoked command in '/home/bartosz-babi-ski/Hexapod_git2/Hexapod/simulation/ros2_ws_hex/build/om_joint_trajectory_command_broadcaster' returned '0': CMAKE_PREFIX_PATH=${CMAKE_PREFIX_PATH}:/home/bartosz-babi-ski/ws_moveit/install/moveit_configs_utils:/opt/ros/jazzy DEBUGINFOD_URLS=https://debuginfod.ubuntu.com /usr/bin/cmake --build /home/bartosz-babi-ski/Hexapod_git2/Hexapod/simulation/ros2_ws_hex/build/om_joint_trajectory_command_broadcaster -- -j12 -l12
[7.384s] DEBUG:colcon.colcon_core.event_handler.log_command:Invoking command in '/home/bartosz-babi-ski/Hexapod_git2/Hexapod/simulation/ros2_ws_hex/build/om_joint_trajectory_command_broadcaster': CMAKE_PREFIX_PATH=${CMAKE_PREFIX_PATH}:/home/bartosz-babi-ski/ws_moveit/install/moveit_configs_utils:/opt/ros/jazzy DEBUGINFOD_URLS=https://debuginfod.ubuntu.com /usr/bin/cmake --install /home/bartosz-babi-ski/Hexapod_git2/Hexapod/simulation/ros2_ws_hex/build/om_joint_trajectory_command_broadcaster
[7.399s] Level 1:colcon.colcon_core.environment:create_environment_scripts_only(om_joint_trajectory_command_broadcaster)
[7.399s] Level 1:colcon.colcon_core.environment:checking '/home/bartosz-babi-ski/Hexapod_git2/Hexapod/simulation/ros2_ws_hex/install/om_joint_trajectory_command_broadcaster' for CMake module files
[7.399s] DEBUG:colcon.colcon_core.event_handler.log_command:Invoked command in '/home/bartosz-babi-ski/Hexapod_git2/Hexapod/simulation/ros2_ws_hex/build/om_joint_trajectory_command_broadcaster' returned '0': CMAKE_PREFIX_PATH=${CMAKE_PREFIX_PATH}:/home/bartosz-babi-ski/ws_moveit/install/moveit_configs_utils:/opt/ros/jazzy DEBUGINFOD_URLS=https://debuginfod.ubuntu.com /usr/bin/cmake --install /home/bartosz-babi-ski/Hexapod_git2/Hexapod/simulation/ros2_ws_hex/build/om_joint_trajectory_command_broadcaster
[7.399s] Level 1:colcon.colcon_core.environment:checking '/home/bartosz-babi-ski/Hexapod_git2/Hexapod/simulation/ros2_ws_hex/install/om_joint_trajectory_command_broadcaster' for CMake config files
[7.399s] Level 1:colcon.colcon_core.shell:create_environment_hook('om_joint_trajectory_command_broadcaster', 'cmake_prefix_path')
[7.400s] INFO:colcon.colcon_core.shell:Creating environment hook '/home/bartosz-babi-ski/Hexapod_git2/Hexapod/simulation/ros2_ws_hex/install/om_joint_trajectory_command_broadcaster/share/om_joint_trajectory_command_broadcaster/hook/cmake_prefix_path.ps1'
[7.400s] INFO:colcon.colcon_core.shell:Creating environment descriptor '/home/bartosz-babi-ski/Hexapod_git2/Hexapod/simulation/ros2_ws_hex/install/om_joint_trajectory_command_broadcaster/share/om_joint_trajectory_command_broadcaster/hook/cmake_prefix_path.dsv'
[7.400s] INFO:colcon.colcon_core.shell:Creating environment hook '/home/bartosz-babi-ski/Hexapod_git2/Hexapod/simulation/ros2_ws_hex/install/om_joint_trajectory_command_broadcaster/share/om_joint_trajectory_command_broadcaster/hook/cmake_prefix_path.sh'
[7.400s] Level 1:colcon.colcon_core.environment:checking '/home/bartosz-babi-ski/Hexapod_git2/Hexapod/simulation/ros2_ws_hex/install/om_joint_trajectory_command_broadcaster/lib'
[7.400s] Level 1:colcon.colcon_core.shell:create_environment_hook('om_joint_trajectory_command_broadcaster', 'ld_library_path_lib')
[7.400s] INFO:colcon.colcon_core.shell:Creating environment hook '/home/bartosz-babi-ski/Hexapod_git2/Hexapod/simulation/ros2_ws_hex/install/om_joint_trajectory_command_broadcaster/share/om_joint_trajectory_command_broadcaster/hook/ld_library_path_lib.ps1'
[7.401s] INFO:colcon.colcon_core.shell:Creating environment descriptor '/home/bartosz-babi-ski/Hexapod_git2/Hexapod/simulation/ros2_ws_hex/install/om_joint_trajectory_command_broadcaster/share/om_joint_trajectory_command_broadcaster/hook/ld_library_path_lib.dsv'
[7.401s] INFO:colcon.colcon_core.shell:Creating environment hook '/home/bartosz-babi-ski/Hexapod_git2/Hexapod/simulation/ros2_ws_hex/install/om_joint_trajectory_command_broadcaster/share/om_joint_trajectory_command_broadcaster/hook/ld_library_path_lib.sh'
[7.401s] Level 1:colcon.colcon_core.environment:checking '/home/bartosz-babi-ski/Hexapod_git2/Hexapod/simulation/ros2_ws_hex/install/om_joint_trajectory_command_broadcaster/bin'
[7.401s] Level 1:colcon.colcon_core.environment:checking '/home/bartosz-babi-ski/Hexapod_git2/Hexapod/simulation/ros2_ws_hex/install/om_joint_trajectory_command_broadcaster/lib/pkgconfig/om_joint_trajectory_command_broadcaster.pc'
[7.401s] Level 1:colcon.colcon_core.environment:checking '/home/bartosz-babi-ski/Hexapod_git2/Hexapod/simulation/ros2_ws_hex/install/om_joint_trajectory_command_broadcaster/lib/python3.12/site-packages'
[7.401s] Level 1:colcon.colcon_core.environment:checking '/home/bartosz-babi-ski/Hexapod_git2/Hexapod/simulation/ros2_ws_hex/install/om_joint_trajectory_command_broadcaster/bin'
[7.402s] INFO:colcon.colcon_core.shell:Creating package script '/home/bartosz-babi-ski/Hexapod_git2/Hexapod/simulation/ros2_ws_hex/install/om_joint_trajectory_command_broadcaster/share/om_joint_trajectory_command_broadcaster/package.ps1'
[7.402s] INFO:colcon.colcon_core.shell:Creating package descriptor '/home/bartosz-babi-ski/Hexapod_git2/Hexapod/simulation/ros2_ws_hex/install/om_joint_trajectory_command_broadcaster/share/om_joint_trajectory_command_broadcaster/package.dsv'
[7.402s] INFO:colcon.colcon_core.shell:Creating package script '/home/bartosz-babi-ski/Hexapod_git2/Hexapod/simulation/ros2_ws_hex/install/om_joint_trajectory_command_broadcaster/share/om_joint_trajectory_command_broadcaster/package.sh'
[7.402s] INFO:colcon.colcon_core.shell:Creating package script '/home/bartosz-babi-ski/Hexapod_git2/Hexapod/simulation/ros2_ws_hex/install/om_joint_trajectory_command_broadcaster/share/om_joint_trajectory_command_broadcaster/package.bash'
[7.403s] INFO:colcon.colcon_core.shell:Creating package script '/home/bartosz-babi-ski/Hexapod_git2/Hexapod/simulation/ros2_ws_hex/install/om_joint_trajectory_command_broadcaster/share/om_joint_trajectory_command_broadcaster/package.zsh'
[7.403s] Level 1:colcon.colcon_core.environment:create_file_with_runtime_dependencies(/home/bartosz-babi-ski/Hexapod_git2/Hexapod/simulation/ros2_ws_hex/install/om_joint_trajectory_command_broadcaster/share/colcon-core/packages/om_joint_trajectory_command_broadcaster)
[7.403s] Level 1:colcon.colcon_core.environment:create_environment_scripts_only(om_joint_trajectory_command_broadcaster)
[7.403s] Level 1:colcon.colcon_core.environment:checking '/home/bartosz-babi-ski/Hexapod_git2/Hexapod/simulation/ros2_ws_hex/install/om_joint_trajectory_command_broadcaster' for CMake module files
[7.403s] Level 1:colcon.colcon_core.environment:checking '/home/bartosz-babi-ski/Hexapod_git2/Hexapod/simulation/ros2_ws_hex/install/om_joint_trajectory_command_broadcaster' for CMake config files
[7.404s] Level 1:colcon.colcon_core.shell:create_environment_hook('om_joint_trajectory_command_broadcaster', 'cmake_prefix_path')
[7.404s] INFO:colcon.colcon_core.shell:Creating environment hook '/home/bartosz-babi-ski/Hexapod_git2/Hexapod/simulation/ros2_ws_hex/install/om_joint_trajectory_command_broadcaster/share/om_joint_trajectory_command_broadcaster/hook/cmake_prefix_path.ps1'
[7.404s] INFO:colcon.colcon_core.shell:Creating environment descriptor '/home/bartosz-babi-ski/Hexapod_git2/Hexapod/simulation/ros2_ws_hex/install/om_joint_trajectory_command_broadcaster/share/om_joint_trajectory_command_broadcaster/hook/cmake_prefix_path.dsv'
[7.404s] INFO:colcon.colcon_core.shell:Creating environment hook '/home/bartosz-babi-ski/Hexapod_git2/Hexapod/simulation/ros2_ws_hex/install/om_joint_trajectory_command_broadcaster/share/om_joint_trajectory_command_broadcaster/hook/cmake_prefix_path.sh'
[7.404s] Level 1:colcon.colcon_core.environment:checking '/home/bartosz-babi-ski/Hexapod_git2/Hexapod/simulation/ros2_ws_hex/install/om_joint_trajectory_command_broadcaster/lib'
[7.404s] Level 1:colcon.colcon_core.shell:create_environment_hook('om_joint_trajectory_command_broadcaster', 'ld_library_path_lib')
[7.405s] INFO:colcon.colcon_core.shell:Creating environment hook '/home/bartosz-babi-ski/Hexapod_git2/Hexapod/simulation/ros2_ws_hex/install/om_joint_trajectory_command_broadcaster/share/om_joint_trajectory_command_broadcaster/hook/ld_library_path_lib.ps1'
[7.405s] INFO:colcon.colcon_core.shell:Creating environment descriptor '/home/bartosz-babi-ski/Hexapod_git2/Hexapod/simulation/ros2_ws_hex/install/om_joint_trajectory_command_broadcaster/share/om_joint_trajectory_command_broadcaster/hook/ld_library_path_lib.dsv'
[7.405s] INFO:colcon.colcon_core.shell:Creating environment hook '/home/bartosz-babi-ski/Hexapod_git2/Hexapod/simulation/ros2_ws_hex/install/om_joint_trajectory_command_broadcaster/share/om_joint_trajectory_command_broadcaster/hook/ld_library_path_lib.sh'
[7.405s] Level 1:colcon.colcon_core.environment:checking '/home/bartosz-babi-ski/Hexapod_git2/Hexapod/simulation/ros2_ws_hex/install/om_joint_trajectory_command_broadcaster/bin'
[7.405s] Level 1:colcon.colcon_core.environment:checking '/home/bartosz-babi-ski/Hexapod_git2/Hexapod/simulation/ros2_ws_hex/install/om_joint_trajectory_command_broadcaster/lib/pkgconfig/om_joint_trajectory_command_broadcaster.pc'
[7.405s] Level 1:colcon.colcon_core.environment:checking '/home/bartosz-babi-ski/Hexapod_git2/Hexapod/simulation/ros2_ws_hex/install/om_joint_trajectory_command_broadcaster/lib/python3.12/site-packages'
[7.405s] Level 1:colcon.colcon_core.environment:checking '/home/bartosz-babi-ski/Hexapod_git2/Hexapod/simulation/ros2_ws_hex/install/om_joint_trajectory_command_broadcaster/bin'
[7.406s] INFO:colcon.colcon_core.shell:Creating package script '/home/bartosz-babi-ski/Hexapod_git2/Hexapod/simulation/ros2_ws_hex/install/om_joint_trajectory_command_broadcaster/share/om_joint_trajectory_command_broadcaster/package.ps1'
[7.406s] INFO:colcon.colcon_core.shell:Creating package descriptor '/home/bartosz-babi-ski/Hexapod_git2/Hexapod/simulation/ros2_ws_hex/install/om_joint_trajectory_command_broadcaster/share/om_joint_trajectory_command_broadcaster/package.dsv'
[7.406s] INFO:colcon.colcon_core.shell:Creating package script '/home/bartosz-babi-ski/Hexapod_git2/Hexapod/simulation/ros2_ws_hex/install/om_joint_trajectory_command_broadcaster/share/om_joint_trajectory_command_broadcaster/package.sh'
[7.406s] INFO:colcon.colcon_core.shell:Creating package script '/home/bartosz-babi-ski/Hexapod_git2/Hexapod/simulation/ros2_ws_hex/install/om_joint_trajectory_command_broadcaster/share/om_joint_trajectory_command_broadcaster/package.bash'
[7.407s] INFO:colcon.colcon_core.shell:Creating package script '/home/bartosz-babi-ski/Hexapod_git2/Hexapod/simulation/ros2_ws_hex/install/om_joint_trajectory_command_broadcaster/share/om_joint_trajectory_command_broadcaster/package.zsh'
[7.407s] Level 1:colcon.colcon_core.environment:create_file_with_runtime_dependencies(/home/bartosz-babi-ski/Hexapod_git2/Hexapod/simulation/ros2_ws_hex/install/om_joint_trajectory_command_broadcaster/share/colcon-core/packages/om_joint_trajectory_command_broadcaster)
[7.407s] INFO:colcon.colcon_ros.task.ament_cmake.build:Building ROS package in '/home/bartosz-babi-ski/Hexapod_git2/Hexapod/simulation/ros2_ws_hex/src/open_manipulator' with build type 'ament_cmake'
[7.407s] INFO:colcon.colcon_cmake.task.cmake.build:Building CMake package in '/home/bartosz-babi-ski/Hexapod_git2/Hexapod/simulation/ros2_ws_hex/src/open_manipulator'
[7.407s] INFO:colcon.colcon_core.shell:Skip shell extension 'powershell' for command environment: Not usable outside of PowerShell
[7.407s] DEBUG:colcon.colcon_core.shell:Skip shell extension 'dsv' for command environment
[7.429s] DEBUG:colcon.colcon_core.event_handler.log_command:Invoking command in '/home/bartosz-babi-ski/Hexapod_git2/Hexapod/simulation/ros2_ws_hex/build/open_manipulator': CMAKE_PREFIX_PATH=/home/bartosz-babi-ski/Hexapod_git2/Hexapod/simulation/ros2_ws_hex/install/open_manipulator_moveit_config:/home/bartosz-babi-ski/Hexapod_git2/Hexapod/simulation/ros2_ws_hex/install/open_manipulator_bringup:/home/bartosz-babi-ski/Hexapod_git2/Hexapod/simulation/ros2_ws_hex/install/open_manipulator_description:/home/bartosz-babi-ski/Hexapod_git2/Hexapod/simulation/ros2_ws_hex/install/om_spring_actuator_controller:/home/bartosz-babi-ski/Hexapod_git2/Hexapod/simulation/ros2_ws_hex/install/om_joint_trajectory_command_broadcaster:/home/bartosz-babi-ski/Hexapod_git2/Hexapod/simulation/ros2_ws_hex/install/om_gravity_compensation_controller:/home/bartosz-babi-ski/Hexapod_git2/Hexapod/simulation/ros2_ws_hex/install/open_manipulator:/home/bartosz-babi-ski/ws_moveit/install/robotiq_hardware_tests:/home/bartosz-babi-ski/ws_moveit/install/robotiq_driver:/home/bartosz-babi-ski/ws_moveit/install/serial:/home/bartosz-babi-ski/ws_moveit/install/moveit2_tutorials:/home/bartosz-babi-ski/ws_moveit/install/moveit_visual_tools:/home/bartosz-babi-ski/ws_moveit/install/rviz_visual_tools:/home/bartosz-babi-ski/ws_moveit/install/moveit_task_constructor_visualization:/home/bartosz-babi-ski/ws_moveit/install/moveit_task_constructor_demo:/home/bartosz-babi-ski/ws_moveit/install/moveit_task_constructor_capabilities:/home/bartosz-babi-ski/ws_moveit/install/moveit_task_constructor_core:/home/bartosz-babi-ski/ws_moveit/install/rviz_marker_tools:/home/bartosz-babi-ski/ws_moveit/install/kortex_bringup:/home/bartosz-babi-ski/ws_moveit/install/kinova_gen3_lite_moveit_config:/home/bartosz-babi-ski/ws_moveit/install/kinova_gen3_7dof_robotiq_2f_85_moveit_config:/home/bartosz-babi-ski/ws_moveit/install/kinova_gen3_6dof_robotiq_2f_85_moveit_config:/home/bartosz-babi-ski/ws_moveit/install/kortex_description:/home/bartosz-babi-ski/ws_moveit/install/robotiq_description:/home/bartosz-babi-ski/ws_moveit/install/robotiq_controllers:/home/bartosz-babi-ski/ws_moveit/install/pilz_industrial_motion_planner_testutils:/home/bartosz-babi-ski/ws_moveit/install/moveit_runtime:/home/bartosz-babi-ski/ws_moveit/install/moveit:/home/bartosz-babi-ski/ws_moveit/install/moveit_planners:/home/bartosz-babi-ski/ws_moveit/install/pilz_industrial_motion_planner:/home/bartosz-babi-ski/ws_moveit/install/picknik_twist_controller:/home/bartosz-babi-ski/ws_moveit/install/picknik_reset_fault_controller:/home/bartosz-babi-ski/ws_moveit/install/moveit_task_constructor_msgs:/home/bartosz-babi-ski/ws_moveit/install/moveit_ros_control_interface:/home/bartosz-babi-ski/ws_moveit/install/moveit_plugins:/home/bartosz-babi-ski/ws_moveit/install/moveit_simple_controller_manager:/home/bartosz-babi-ski/ws_moveit/install/moveit_setup_assistant:/home/bartosz-babi-ski/ws_moveit/install/moveit_setup_srdf_plugins:/home/bartosz-babi-ski/ws_moveit/install/moveit_setup_core_plugins:/home/bartosz-babi-ski/ws_moveit/install/moveit_setup_controllers:/home/bartosz-babi-ski/ws_moveit/install/moveit_setup_app_plugins:/home/bartosz-babi-ski/ws_moveit/install/moveit_setup_framework:/home/bartosz-babi-ski/ws_moveit/install/moveit_servo:/home/bartosz-babi-ski/ws_moveit/install/moveit_ros_trajectory_cache:/home/bartosz-babi-ski/ws_moveit/install/moveit_ros:/home/bartosz-babi-ski/ws_moveit/install/moveit_ros_visualization:/home/bartosz-babi-ski/ws_moveit/install/moveit_py:/home/bartosz-babi-ski/ws_moveit/install/moveit_hybrid_planning:/home/bartosz-babi-ski/ws_moveit/install/moveit_ros_planning_interface:/home/bartosz-babi-ski/ws_moveit/install/moveit_ros_benchmarks:/home/bartosz-babi-ski/ws_moveit/install/moveit_ros_warehouse:/home/bartosz-babi-ski/ws_moveit/install/moveit_ros_robot_interaction:/home/bartosz-babi-ski/ws_moveit/install/moveit_ros_perception:/home/bartosz-babi-ski/ws_moveit/install/moveit_resources_prbt_pg70_support:/home/bartosz-babi-ski/ws_moveit/install/moveit_resources_prbt_moveit_config:/home/bartosz-babi-ski/ws_moveit/install/moveit_ros_move_group:/home/bartosz-babi-ski/ws_moveit/install/moveit_planners_ompl:/home/bartosz-babi-ski/ws_moveit/install/moveit_kinematics:/home/bartosz-babi-ski/ws_moveit/install/moveit_ros_planning:/home/bartosz-babi-ski/ws_moveit/install/moveit_ros_occupancy_map_monitor:/home/bartosz-babi-ski/ws_moveit/install/moveit_resources_prbt_support:/home/bartosz-babi-ski/ws_moveit/install/moveit_resources_prbt_ikfast_manipulator_plugin:/home/bartosz-babi-ski/ws_moveit/install/moveit_resources:/home/bartosz-babi-ski/ws_moveit/install/moveit_resources_pr2_description:/home/bartosz-babi-ski/ws_moveit/install/moveit_resources_panda_moveit_config:/home/bartosz-babi-ski/ws_moveit/install/dual_arm_panda_moveit_config:/home/bartosz-babi-ski/ws_moveit/install/moveit_resources_panda_description:/home/bartosz-babi-ski/ws_moveit/install/moveit_resources_fanuc_moveit_config:/home/bartosz-babi-ski/ws_moveit/install/moveit_resources_fanuc_description:/home/bartosz-babi-ski/ws_moveit/install/moveit_planners_stomp:/home/bartosz-babi-ski/ws_moveit/install/moveit_planners_chomp:/home/bartosz-babi-ski/ws_moveit/install/chomp_motion_planner:/home/bartosz-babi-ski/ws_moveit/install/moveit_core:/home/bartosz-babi-ski/ws_moveit/install/moveit_msgs:/home/bartosz-babi-ski/ws_moveit/install/moveit_common:/home/bartosz-babi-ski/ws_moveit/install/kortex_driver:/home/bartosz-babi-ski/ws_moveit/install/kortex_api:/home/bartosz-babi-ski/newros2_ws/install/hexapod_moveit_config:/home/bartosz-babi-ski/newros2_ws/install/hexapod_gazebo:/home/bartosz-babi-ski/newros2_ws/install/hexapod_description:/home/bartosz-babi-ski/ws_moveit2/install/hello_moveit:/home/bartosz-babi-ski/ros2_ws/install/mycobot_moveit_config:/home/bartosz-babi-ski/ros2_ws/install/mycobot_gazebo:/home/bartosz-babi-ski/ros2_ws/install/mycobot_description:/opt/ros/jazzy/opt/gz_launch_vendor:/opt/ros/jazzy/opt/gz_sim_vendor:/opt/ros/jazzy/opt/gz_sensors_vendor:/opt/ros/jazzy/opt/gz_physics_vendor:/opt/ros/jazzy/opt/sdformat_vendor:/opt/ros/jazzy/opt/gz_gui_vendor:/opt/ros/jazzy/opt/gz_transport_vendor:/opt/ros/jazzy/opt/gz_rendering_vendor:/opt/ros/jazzy/opt/gz_plugin_vendor:/opt/ros/jazzy/opt/gz_fuel_tools_vendor:/opt/ros/jazzy/opt/gz_msgs_vendor:/opt/ros/jazzy/opt/gz_common_vendor:/opt/ros/jazzy/opt/gz_math_vendor:/opt/ros/jazzy/opt/gz_utils_vendor:/opt/ros/jazzy/opt/gz_tools_vendor:/opt/ros/jazzy/opt/gz_ogre_next_vendor:/opt/ros/jazzy/opt/gz_dartsim_vendor:/opt/ros/jazzy/opt/gz_cmake_vendor:/home/bartosz-babi-ski/ws_moveit/install/moveit_configs_utils:/opt/ros/jazzy DEBUGINFOD_URLS=https://debuginfod.ubuntu.com /usr/bin/cmake /home/bartosz-babi-ski/Hexapod_git2/Hexapod/simulation/ros2_ws_hex/src/open_manipulator -DCMAKE_INSTALL_PREFIX=/home/bartosz-babi-ski/Hexapod_git2/Hexapod/simulation/ros2_ws_hex/install/open_manipulator
[8.170s] DEBUG:colcon.colcon_core.event_handler.log_command:Invoked command in '/home/bartosz-babi-ski/Hexapod_git2/Hexapod/simulation/ros2_ws_hex/build/open_manipulator' returned '0': CMAKE_PREFIX_PATH=/home/bartosz-babi-ski/Hexapod_git2/Hexapod/simulation/ros2_ws_hex/install/open_manipulator_moveit_config:/home/bartosz-babi-ski/Hexapod_git2/Hexapod/simulation/ros2_ws_hex/install/open_manipulator_bringup:/home/bartosz-babi-ski/Hexapod_git2/Hexapod/simulation/ros2_ws_hex/install/open_manipulator_description:/home/bartosz-babi-ski/Hexapod_git2/Hexapod/simulation/ros2_ws_hex/install/om_spring_actuator_controller:/home/bartosz-babi-ski/Hexapod_git2/Hexapod/simulation/ros2_ws_hex/install/om_joint_trajectory_command_broadcaster:/home/bartosz-babi-ski/Hexapod_git2/Hexapod/simulation/ros2_ws_hex/install/om_gravity_compensation_controller:/home/bartosz-babi-ski/Hexapod_git2/Hexapod/simulation/ros2_ws_hex/install/open_manipulator:/home/bartosz-babi-ski/ws_moveit/install/robotiq_hardware_tests:/home/bartosz-babi-ski/ws_moveit/install/robotiq_driver:/home/bartosz-babi-ski/ws_moveit/install/serial:/home/bartosz-babi-ski/ws_moveit/install/moveit2_tutorials:/home/bartosz-babi-ski/ws_moveit/install/moveit_visual_tools:/home/bartosz-babi-ski/ws_moveit/install/rviz_visual_tools:/home/bartosz-babi-ski/ws_moveit/install/moveit_task_constructor_visualization:/home/bartosz-babi-ski/ws_moveit/install/moveit_task_constructor_demo:/home/bartosz-babi-ski/ws_moveit/install/moveit_task_constructor_capabilities:/home/bartosz-babi-ski/ws_moveit/install/moveit_task_constructor_core:/home/bartosz-babi-ski/ws_moveit/install/rviz_marker_tools:/home/bartosz-babi-ski/ws_moveit/install/kortex_bringup:/home/bartosz-babi-ski/ws_moveit/install/kinova_gen3_lite_moveit_config:/home/bartosz-babi-ski/ws_moveit/install/kinova_gen3_7dof_robotiq_2f_85_moveit_config:/home/bartosz-babi-ski/ws_moveit/install/kinova_gen3_6dof_robotiq_2f_85_moveit_config:/home/bartosz-babi-ski/ws_moveit/install/kortex_description:/home/bartosz-babi-ski/ws_moveit/install/robotiq_description:/home/bartosz-babi-ski/ws_moveit/install/robotiq_controllers:/home/bartosz-babi-ski/ws_moveit/install/pilz_industrial_motion_planner_testutils:/home/bartosz-babi-ski/ws_moveit/install/moveit_runtime:/home/bartosz-babi-ski/ws_moveit/install/moveit:/home/bartosz-babi-ski/ws_moveit/install/moveit_planners:/home/bartosz-babi-ski/ws_moveit/install/pilz_industrial_motion_planner:/home/bartosz-babi-ski/ws_moveit/install/picknik_twist_controller:/home/bartosz-babi-ski/ws_moveit/install/picknik_reset_fault_controller:/home/bartosz-babi-ski/ws_moveit/install/moveit_task_constructor_msgs:/home/bartosz-babi-ski/ws_moveit/install/moveit_ros_control_interface:/home/bartosz-babi-ski/ws_moveit/install/moveit_plugins:/home/bartosz-babi-ski/ws_moveit/install/moveit_simple_controller_manager:/home/bartosz-babi-ski/ws_moveit/install/moveit_setup_assistant:/home/bartosz-babi-ski/ws_moveit/install/moveit_setup_srdf_plugins:/home/bartosz-babi-ski/ws_moveit/install/moveit_setup_core_plugins:/home/bartosz-babi-ski/ws_moveit/install/moveit_setup_controllers:/home/bartosz-babi-ski/ws_moveit/install/moveit_setup_app_plugins:/home/bartosz-babi-ski/ws_moveit/install/moveit_setup_framework:/home/bartosz-babi-ski/ws_moveit/install/moveit_servo:/home/bartosz-babi-ski/ws_moveit/install/moveit_ros_trajectory_cache:/home/bartosz-babi-ski/ws_moveit/install/moveit_ros:/home/bartosz-babi-ski/ws_moveit/install/moveit_ros_visualization:/home/bartosz-babi-ski/ws_moveit/install/moveit_py:/home/bartosz-babi-ski/ws_moveit/install/moveit_hybrid_planning:/home/bartosz-babi-ski/ws_moveit/install/moveit_ros_planning_interface:/home/bartosz-babi-ski/ws_moveit/install/moveit_ros_benchmarks:/home/bartosz-babi-ski/ws_moveit/install/moveit_ros_warehouse:/home/bartosz-babi-ski/ws_moveit/install/moveit_ros_robot_interaction:/home/bartosz-babi-ski/ws_moveit/install/moveit_ros_perception:/home/bartosz-babi-ski/ws_moveit/install/moveit_resources_prbt_pg70_support:/home/bartosz-babi-ski/ws_moveit/install/moveit_resources_prbt_moveit_config:/home/bartosz-babi-ski/ws_moveit/install/moveit_ros_move_group:/home/bartosz-babi-ski/ws_moveit/install/moveit_planners_ompl:/home/bartosz-babi-ski/ws_moveit/install/moveit_kinematics:/home/bartosz-babi-ski/ws_moveit/install/moveit_ros_planning:/home/bartosz-babi-ski/ws_moveit/install/moveit_ros_occupancy_map_monitor:/home/bartosz-babi-ski/ws_moveit/install/moveit_resources_prbt_support:/home/bartosz-babi-ski/ws_moveit/install/moveit_resources_prbt_ikfast_manipulator_plugin:/home/bartosz-babi-ski/ws_moveit/install/moveit_resources:/home/bartosz-babi-ski/ws_moveit/install/moveit_resources_pr2_description:/home/bartosz-babi-ski/ws_moveit/install/moveit_resources_panda_moveit_config:/home/bartosz-babi-ski/ws_moveit/install/dual_arm_panda_moveit_config:/home/bartosz-babi-ski/ws_moveit/install/moveit_resources_panda_description:/home/bartosz-babi-ski/ws_moveit/install/moveit_resources_fanuc_moveit_config:/home/bartosz-babi-ski/ws_moveit/install/moveit_resources_fanuc_description:/home/bartosz-babi-ski/ws_moveit/install/moveit_planners_stomp:/home/bartosz-babi-ski/ws_moveit/install/moveit_planners_chomp:/home/bartosz-babi-ski/ws_moveit/install/chomp_motion_planner:/home/bartosz-babi-ski/ws_moveit/install/moveit_core:/home/bartosz-babi-ski/ws_moveit/install/moveit_msgs:/home/bartosz-babi-ski/ws_moveit/install/moveit_common:/home/bartosz-babi-ski/ws_moveit/install/kortex_driver:/home/bartosz-babi-ski/ws_moveit/install/kortex_api:/home/bartosz-babi-ski/newros2_ws/install/hexapod_moveit_config:/home/bartosz-babi-ski/newros2_ws/install/hexapod_gazebo:/home/bartosz-babi-ski/newros2_ws/install/hexapod_description:/home/bartosz-babi-ski/ws_moveit2/install/hello_moveit:/home/bartosz-babi-ski/ros2_ws/install/mycobot_moveit_config:/home/bartosz-babi-ski/ros2_ws/install/mycobot_gazebo:/home/bartosz-babi-ski/ros2_ws/install/mycobot_description:/opt/ros/jazzy/opt/gz_launch_vendor:/opt/ros/jazzy/opt/gz_sim_vendor:/opt/ros/jazzy/opt/gz_sensors_vendor:/opt/ros/jazzy/opt/gz_physics_vendor:/opt/ros/jazzy/opt/sdformat_vendor:/opt/ros/jazzy/opt/gz_gui_vendor:/opt/ros/jazzy/opt/gz_transport_vendor:/opt/ros/jazzy/opt/gz_rendering_vendor:/opt/ros/jazzy/opt/gz_plugin_vendor:/opt/ros/jazzy/opt/gz_fuel_tools_vendor:/opt/ros/jazzy/opt/gz_msgs_vendor:/opt/ros/jazzy/opt/gz_common_vendor:/opt/ros/jazzy/opt/gz_math_vendor:/opt/ros/jazzy/opt/gz_utils_vendor:/opt/ros/jazzy/opt/gz_tools_vendor:/opt/ros/jazzy/opt/gz_ogre_next_vendor:/opt/ros/jazzy/opt/gz_dartsim_vendor:/opt/ros/jazzy/opt/gz_cmake_vendor:/home/bartosz-babi-ski/ws_moveit/install/moveit_configs_utils:/opt/ros/jazzy DEBUGINFOD_URLS=https://debuginfod.ubuntu.com /usr/bin/cmake /home/bartosz-babi-ski/Hexapod_git2/Hexapod/simulation/ros2_ws_hex/src/open_manipulator -DCMAKE_INSTALL_PREFIX=/home/bartosz-babi-ski/Hexapod_git2/Hexapod/simulation/ros2_ws_hex/install/open_manipulator
[8.171s] DEBUG:colcon.colcon_core.event_handler.log_command:Invoking command in '/home/bartosz-babi-ski/Hexapod_git2/Hexapod/simulation/ros2_ws_hex/build/open_manipulator': CMAKE_PREFIX_PATH=/home/bartosz-babi-ski/Hexapod_git2/Hexapod/simulation/ros2_ws_hex/install/open_manipulator_moveit_config:/home/bartosz-babi-ski/Hexapod_git2/Hexapod/simulation/ros2_ws_hex/install/open_manipulator_bringup:/home/bartosz-babi-ski/Hexapod_git2/Hexapod/simulation/ros2_ws_hex/install/open_manipulator_description:/home/bartosz-babi-ski/Hexapod_git2/Hexapod/simulation/ros2_ws_hex/install/om_spring_actuator_controller:/home/bartosz-babi-ski/Hexapod_git2/Hexapod/simulation/ros2_ws_hex/install/om_joint_trajectory_command_broadcaster:/home/bartosz-babi-ski/Hexapod_git2/Hexapod/simulation/ros2_ws_hex/install/om_gravity_compensation_controller:/home/bartosz-babi-ski/Hexapod_git2/Hexapod/simulation/ros2_ws_hex/install/open_manipulator:/home/bartosz-babi-ski/ws_moveit/install/robotiq_hardware_tests:/home/bartosz-babi-ski/ws_moveit/install/robotiq_driver:/home/bartosz-babi-ski/ws_moveit/install/serial:/home/bartosz-babi-ski/ws_moveit/install/moveit2_tutorials:/home/bartosz-babi-ski/ws_moveit/install/moveit_visual_tools:/home/bartosz-babi-ski/ws_moveit/install/rviz_visual_tools:/home/bartosz-babi-ski/ws_moveit/install/moveit_task_constructor_visualization:/home/bartosz-babi-ski/ws_moveit/install/moveit_task_constructor_demo:/home/bartosz-babi-ski/ws_moveit/install/moveit_task_constructor_capabilities:/home/bartosz-babi-ski/ws_moveit/install/moveit_task_constructor_core:/home/bartosz-babi-ski/ws_moveit/install/rviz_marker_tools:/home/bartosz-babi-ski/ws_moveit/install/kortex_bringup:/home/bartosz-babi-ski/ws_moveit/install/kinova_gen3_lite_moveit_config:/home/bartosz-babi-ski/ws_moveit/install/kinova_gen3_7dof_robotiq_2f_85_moveit_config:/home/bartosz-babi-ski/ws_moveit/install/kinova_gen3_6dof_robotiq_2f_85_moveit_config:/home/bartosz-babi-ski/ws_moveit/install/kortex_description:/home/bartosz-babi-ski/ws_moveit/install/robotiq_description:/home/bartosz-babi-ski/ws_moveit/install/robotiq_controllers:/home/bartosz-babi-ski/ws_moveit/install/pilz_industrial_motion_planner_testutils:/home/bartosz-babi-ski/ws_moveit/install/moveit_runtime:/home/bartosz-babi-ski/ws_moveit/install/moveit:/home/bartosz-babi-ski/ws_moveit/install/moveit_planners:/home/bartosz-babi-ski/ws_moveit/install/pilz_industrial_motion_planner:/home/bartosz-babi-ski/ws_moveit/install/picknik_twist_controller:/home/bartosz-babi-ski/ws_moveit/install/picknik_reset_fault_controller:/home/bartosz-babi-ski/ws_moveit/install/moveit_task_constructor_msgs:/home/bartosz-babi-ski/ws_moveit/install/moveit_ros_control_interface:/home/bartosz-babi-ski/ws_moveit/install/moveit_plugins:/home/bartosz-babi-ski/ws_moveit/install/moveit_simple_controller_manager:/home/bartosz-babi-ski/ws_moveit/install/moveit_setup_assistant:/home/bartosz-babi-ski/ws_moveit/install/moveit_setup_srdf_plugins:/home/bartosz-babi-ski/ws_moveit/install/moveit_setup_core_plugins:/home/bartosz-babi-ski/ws_moveit/install/moveit_setup_controllers:/home/bartosz-babi-ski/ws_moveit/install/moveit_setup_app_plugins:/home/bartosz-babi-ski/ws_moveit/install/moveit_setup_framework:/home/bartosz-babi-ski/ws_moveit/install/moveit_servo:/home/bartosz-babi-ski/ws_moveit/install/moveit_ros_trajectory_cache:/home/bartosz-babi-ski/ws_moveit/install/moveit_ros:/home/bartosz-babi-ski/ws_moveit/install/moveit_ros_visualization:/home/bartosz-babi-ski/ws_moveit/install/moveit_py:/home/bartosz-babi-ski/ws_moveit/install/moveit_hybrid_planning:/home/bartosz-babi-ski/ws_moveit/install/moveit_ros_planning_interface:/home/bartosz-babi-ski/ws_moveit/install/moveit_ros_benchmarks:/home/bartosz-babi-ski/ws_moveit/install/moveit_ros_warehouse:/home/bartosz-babi-ski/ws_moveit/install/moveit_ros_robot_interaction:/home/bartosz-babi-ski/ws_moveit/install/moveit_ros_perception:/home/bartosz-babi-ski/ws_moveit/install/moveit_resources_prbt_pg70_support:/home/bartosz-babi-ski/ws_moveit/install/moveit_resources_prbt_moveit_config:/home/bartosz-babi-ski/ws_moveit/install/moveit_ros_move_group:/home/bartosz-babi-ski/ws_moveit/install/moveit_planners_ompl:/home/bartosz-babi-ski/ws_moveit/install/moveit_kinematics:/home/bartosz-babi-ski/ws_moveit/install/moveit_ros_planning:/home/bartosz-babi-ski/ws_moveit/install/moveit_ros_occupancy_map_monitor:/home/bartosz-babi-ski/ws_moveit/install/moveit_resources_prbt_support:/home/bartosz-babi-ski/ws_moveit/install/moveit_resources_prbt_ikfast_manipulator_plugin:/home/bartosz-babi-ski/ws_moveit/install/moveit_resources:/home/bartosz-babi-ski/ws_moveit/install/moveit_resources_pr2_description:/home/bartosz-babi-ski/ws_moveit/install/moveit_resources_panda_moveit_config:/home/bartosz-babi-ski/ws_moveit/install/dual_arm_panda_moveit_config:/home/bartosz-babi-ski/ws_moveit/install/moveit_resources_panda_description:/home/bartosz-babi-ski/ws_moveit/install/moveit_resources_fanuc_moveit_config:/home/bartosz-babi-ski/ws_moveit/install/moveit_resources_fanuc_description:/home/bartosz-babi-ski/ws_moveit/install/moveit_planners_stomp:/home/bartosz-babi-ski/ws_moveit/install/moveit_planners_chomp:/home/bartosz-babi-ski/ws_moveit/install/chomp_motion_planner:/home/bartosz-babi-ski/ws_moveit/install/moveit_core:/home/bartosz-babi-ski/ws_moveit/install/moveit_msgs:/home/bartosz-babi-ski/ws_moveit/install/moveit_common:/home/bartosz-babi-ski/ws_moveit/install/kortex_driver:/home/bartosz-babi-ski/ws_moveit/install/kortex_api:/home/bartosz-babi-ski/newros2_ws/install/hexapod_moveit_config:/home/bartosz-babi-ski/newros2_ws/install/hexapod_gazebo:/home/bartosz-babi-ski/newros2_ws/install/hexapod_description:/home/bartosz-babi-ski/ws_moveit2/install/hello_moveit:/home/bartosz-babi-ski/ros2_ws/install/mycobot_moveit_config:/home/bartosz-babi-ski/ros2_ws/install/mycobot_gazebo:/home/bartosz-babi-ski/ros2_ws/install/mycobot_description:/opt/ros/jazzy/opt/gz_launch_vendor:/opt/ros/jazzy/opt/gz_sim_vendor:/opt/ros/jazzy/opt/gz_sensors_vendor:/opt/ros/jazzy/opt/gz_physics_vendor:/opt/ros/jazzy/opt/sdformat_vendor:/opt/ros/jazzy/opt/gz_gui_vendor:/opt/ros/jazzy/opt/gz_transport_vendor:/opt/ros/jazzy/opt/gz_rendering_vendor:/opt/ros/jazzy/opt/gz_plugin_vendor:/opt/ros/jazzy/opt/gz_fuel_tools_vendor:/opt/ros/jazzy/opt/gz_msgs_vendor:/opt/ros/jazzy/opt/gz_common_vendor:/opt/ros/jazzy/opt/gz_math_vendor:/opt/ros/jazzy/opt/gz_utils_vendor:/opt/ros/jazzy/opt/gz_tools_vendor:/opt/ros/jazzy/opt/gz_ogre_next_vendor:/opt/ros/jazzy/opt/gz_dartsim_vendor:/opt/ros/jazzy/opt/gz_cmake_vendor:/home/bartosz-babi-ski/ws_moveit/install/moveit_configs_utils:/opt/ros/jazzy DEBUGINFOD_URLS=https://debuginfod.ubuntu.com /usr/bin/cmake --build /home/bartosz-babi-ski/Hexapod_git2/Hexapod/simulation/ros2_ws_hex/build/open_manipulator -- -j12 -l12
[8.209s] DEBUG:colcon.colcon_core.event_handler.log_command:Invoked command in '/home/bartosz-babi-ski/Hexapod_git2/Hexapod/simulation/ros2_ws_hex/build/open_manipulator' returned '0': CMAKE_PREFIX_PATH=/home/bartosz-babi-ski/Hexapod_git2/Hexapod/simulation/ros2_ws_hex/install/open_manipulator_moveit_config:/home/bartosz-babi-ski/Hexapod_git2/Hexapod/simulation/ros2_ws_hex/install/open_manipulator_bringup:/home/bartosz-babi-ski/Hexapod_git2/Hexapod/simulation/ros2_ws_hex/install/open_manipulator_description:/home/bartosz-babi-ski/Hexapod_git2/Hexapod/simulation/ros2_ws_hex/install/om_spring_actuator_controller:/home/bartosz-babi-ski/Hexapod_git2/Hexapod/simulation/ros2_ws_hex/install/om_joint_trajectory_command_broadcaster:/home/bartosz-babi-ski/Hexapod_git2/Hexapod/simulation/ros2_ws_hex/install/om_gravity_compensation_controller:/home/bartosz-babi-ski/Hexapod_git2/Hexapod/simulation/ros2_ws_hex/install/open_manipulator:/home/bartosz-babi-ski/ws_moveit/install/robotiq_hardware_tests:/home/bartosz-babi-ski/ws_moveit/install/robotiq_driver:/home/bartosz-babi-ski/ws_moveit/install/serial:/home/bartosz-babi-ski/ws_moveit/install/moveit2_tutorials:/home/bartosz-babi-ski/ws_moveit/install/moveit_visual_tools:/home/bartosz-babi-ski/ws_moveit/install/rviz_visual_tools:/home/bartosz-babi-ski/ws_moveit/install/moveit_task_constructor_visualization:/home/bartosz-babi-ski/ws_moveit/install/moveit_task_constructor_demo:/home/bartosz-babi-ski/ws_moveit/install/moveit_task_constructor_capabilities:/home/bartosz-babi-ski/ws_moveit/install/moveit_task_constructor_core:/home/bartosz-babi-ski/ws_moveit/install/rviz_marker_tools:/home/bartosz-babi-ski/ws_moveit/install/kortex_bringup:/home/bartosz-babi-ski/ws_moveit/install/kinova_gen3_lite_moveit_config:/home/bartosz-babi-ski/ws_moveit/install/kinova_gen3_7dof_robotiq_2f_85_moveit_config:/home/bartosz-babi-ski/ws_moveit/install/kinova_gen3_6dof_robotiq_2f_85_moveit_config:/home/bartosz-babi-ski/ws_moveit/install/kortex_description:/home/bartosz-babi-ski/ws_moveit/install/robotiq_description:/home/bartosz-babi-ski/ws_moveit/install/robotiq_controllers:/home/bartosz-babi-ski/ws_moveit/install/pilz_industrial_motion_planner_testutils:/home/bartosz-babi-ski/ws_moveit/install/moveit_runtime:/home/bartosz-babi-ski/ws_moveit/install/moveit:/home/bartosz-babi-ski/ws_moveit/install/moveit_planners:/home/bartosz-babi-ski/ws_moveit/install/pilz_industrial_motion_planner:/home/bartosz-babi-ski/ws_moveit/install/picknik_twist_controller:/home/bartosz-babi-ski/ws_moveit/install/picknik_reset_fault_controller:/home/bartosz-babi-ski/ws_moveit/install/moveit_task_constructor_msgs:/home/bartosz-babi-ski/ws_moveit/install/moveit_ros_control_interface:/home/bartosz-babi-ski/ws_moveit/install/moveit_plugins:/home/bartosz-babi-ski/ws_moveit/install/moveit_simple_controller_manager:/home/bartosz-babi-ski/ws_moveit/install/moveit_setup_assistant:/home/bartosz-babi-ski/ws_moveit/install/moveit_setup_srdf_plugins:/home/bartosz-babi-ski/ws_moveit/install/moveit_setup_core_plugins:/home/bartosz-babi-ski/ws_moveit/install/moveit_setup_controllers:/home/bartosz-babi-ski/ws_moveit/install/moveit_setup_app_plugins:/home/bartosz-babi-ski/ws_moveit/install/moveit_setup_framework:/home/bartosz-babi-ski/ws_moveit/install/moveit_servo:/home/bartosz-babi-ski/ws_moveit/install/moveit_ros_trajectory_cache:/home/bartosz-babi-ski/ws_moveit/install/moveit_ros:/home/bartosz-babi-ski/ws_moveit/install/moveit_ros_visualization:/home/bartosz-babi-ski/ws_moveit/install/moveit_py:/home/bartosz-babi-ski/ws_moveit/install/moveit_hybrid_planning:/home/bartosz-babi-ski/ws_moveit/install/moveit_ros_planning_interface:/home/bartosz-babi-ski/ws_moveit/install/moveit_ros_benchmarks:/home/bartosz-babi-ski/ws_moveit/install/moveit_ros_warehouse:/home/bartosz-babi-ski/ws_moveit/install/moveit_ros_robot_interaction:/home/bartosz-babi-ski/ws_moveit/install/moveit_ros_perception:/home/bartosz-babi-ski/ws_moveit/install/moveit_resources_prbt_pg70_support:/home/bartosz-babi-ski/ws_moveit/install/moveit_resources_prbt_moveit_config:/home/bartosz-babi-ski/ws_moveit/install/moveit_ros_move_group:/home/bartosz-babi-ski/ws_moveit/install/moveit_planners_ompl:/home/bartosz-babi-ski/ws_moveit/install/moveit_kinematics:/home/bartosz-babi-ski/ws_moveit/install/moveit_ros_planning:/home/bartosz-babi-ski/ws_moveit/install/moveit_ros_occupancy_map_monitor:/home/bartosz-babi-ski/ws_moveit/install/moveit_resources_prbt_support:/home/bartosz-babi-ski/ws_moveit/install/moveit_resources_prbt_ikfast_manipulator_plugin:/home/bartosz-babi-ski/ws_moveit/install/moveit_resources:/home/bartosz-babi-ski/ws_moveit/install/moveit_resources_pr2_description:/home/bartosz-babi-ski/ws_moveit/install/moveit_resources_panda_moveit_config:/home/bartosz-babi-ski/ws_moveit/install/dual_arm_panda_moveit_config:/home/bartosz-babi-ski/ws_moveit/install/moveit_resources_panda_description:/home/bartosz-babi-ski/ws_moveit/install/moveit_resources_fanuc_moveit_config:/home/bartosz-babi-ski/ws_moveit/install/moveit_resources_fanuc_description:/home/bartosz-babi-ski/ws_moveit/install/moveit_planners_stomp:/home/bartosz-babi-ski/ws_moveit/install/moveit_planners_chomp:/home/bartosz-babi-ski/ws_moveit/install/chomp_motion_planner:/home/bartosz-babi-ski/ws_moveit/install/moveit_core:/home/bartosz-babi-ski/ws_moveit/install/moveit_msgs:/home/bartosz-babi-ski/ws_moveit/install/moveit_common:/home/bartosz-babi-ski/ws_moveit/install/kortex_driver:/home/bartosz-babi-ski/ws_moveit/install/kortex_api:/home/bartosz-babi-ski/newros2_ws/install/hexapod_moveit_config:/home/bartosz-babi-ski/newros2_ws/install/hexapod_gazebo:/home/bartosz-babi-ski/newros2_ws/install/hexapod_description:/home/bartosz-babi-ski/ws_moveit2/install/hello_moveit:/home/bartosz-babi-ski/ros2_ws/install/mycobot_moveit_config:/home/bartosz-babi-ski/ros2_ws/install/mycobot_gazebo:/home/bartosz-babi-ski/ros2_ws/install/mycobot_description:/opt/ros/jazzy/opt/gz_launch_vendor:/opt/ros/jazzy/opt/gz_sim_vendor:/opt/ros/jazzy/opt/gz_sensors_vendor:/opt/ros/jazzy/opt/gz_physics_vendor:/opt/ros/jazzy/opt/sdformat_vendor:/opt/ros/jazzy/opt/gz_gui_vendor:/opt/ros/jazzy/opt/gz_transport_vendor:/opt/ros/jazzy/opt/gz_rendering_vendor:/opt/ros/jazzy/opt/gz_plugin_vendor:/opt/ros/jazzy/opt/gz_fuel_tools_vendor:/opt/ros/jazzy/opt/gz_msgs_vendor:/opt/ros/jazzy/opt/gz_common_vendor:/opt/ros/jazzy/opt/gz_math_vendor:/opt/ros/jazzy/opt/gz_utils_vendor:/opt/ros/jazzy/opt/gz_tools_vendor:/opt/ros/jazzy/opt/gz_ogre_next_vendor:/opt/ros/jazzy/opt/gz_dartsim_vendor:/opt/ros/jazzy/opt/gz_cmake_vendor:/home/bartosz-babi-ski/ws_moveit/install/moveit_configs_utils:/opt/ros/jazzy DEBUGINFOD_URLS=https://debuginfod.ubuntu.com /usr/bin/cmake --build /home/bartosz-babi-ski/Hexapod_git2/Hexapod/simulation/ros2_ws_hex/build/open_manipulator -- -j12 -l12
[8.210s] DEBUG:colcon.colcon_core.event_handler.log_command:Invoking command in '/home/bartosz-babi-ski/Hexapod_git2/Hexapod/simulation/ros2_ws_hex/build/open_manipulator': CMAKE_PREFIX_PATH=/home/bartosz-babi-ski/Hexapod_git2/Hexapod/simulation/ros2_ws_hex/install/open_manipulator_moveit_config:/home/bartosz-babi-ski/Hexapod_git2/Hexapod/simulation/ros2_ws_hex/install/open_manipulator_bringup:/home/bartosz-babi-ski/Hexapod_git2/Hexapod/simulation/ros2_ws_hex/install/open_manipulator_description:/home/bartosz-babi-ski/Hexapod_git2/Hexapod/simulation/ros2_ws_hex/install/om_spring_actuator_controller:/home/bartosz-babi-ski/Hexapod_git2/Hexapod/simulation/ros2_ws_hex/install/om_joint_trajectory_command_broadcaster:/home/bartosz-babi-ski/Hexapod_git2/Hexapod/simulation/ros2_ws_hex/install/om_gravity_compensation_controller:/home/bartosz-babi-ski/Hexapod_git2/Hexapod/simulation/ros2_ws_hex/install/open_manipulator:/home/bartosz-babi-ski/ws_moveit/install/robotiq_hardware_tests:/home/bartosz-babi-ski/ws_moveit/install/robotiq_driver:/home/bartosz-babi-ski/ws_moveit/install/serial:/home/bartosz-babi-ski/ws_moveit/install/moveit2_tutorials:/home/bartosz-babi-ski/ws_moveit/install/moveit_visual_tools:/home/bartosz-babi-ski/ws_moveit/install/rviz_visual_tools:/home/bartosz-babi-ski/ws_moveit/install/moveit_task_constructor_visualization:/home/bartosz-babi-ski/ws_moveit/install/moveit_task_constructor_demo:/home/bartosz-babi-ski/ws_moveit/install/moveit_task_constructor_capabilities:/home/bartosz-babi-ski/ws_moveit/install/moveit_task_constructor_core:/home/bartosz-babi-ski/ws_moveit/install/rviz_marker_tools:/home/bartosz-babi-ski/ws_moveit/install/kortex_bringup:/home/bartosz-babi-ski/ws_moveit/install/kinova_gen3_lite_moveit_config:/home/bartosz-babi-ski/ws_moveit/install/kinova_gen3_7dof_robotiq_2f_85_moveit_config:/home/bartosz-babi-ski/ws_moveit/install/kinova_gen3_6dof_robotiq_2f_85_moveit_config:/home/bartosz-babi-ski/ws_moveit/install/kortex_description:/home/bartosz-babi-ski/ws_moveit/install/robotiq_description:/home/bartosz-babi-ski/ws_moveit/install/robotiq_controllers:/home/bartosz-babi-ski/ws_moveit/install/pilz_industrial_motion_planner_testutils:/home/bartosz-babi-ski/ws_moveit/install/moveit_runtime:/home/bartosz-babi-ski/ws_moveit/install/moveit:/home/bartosz-babi-ski/ws_moveit/install/moveit_planners:/home/bartosz-babi-ski/ws_moveit/install/pilz_industrial_motion_planner:/home/bartosz-babi-ski/ws_moveit/install/picknik_twist_controller:/home/bartosz-babi-ski/ws_moveit/install/picknik_reset_fault_controller:/home/bartosz-babi-ski/ws_moveit/install/moveit_task_constructor_msgs:/home/bartosz-babi-ski/ws_moveit/install/moveit_ros_control_interface:/home/bartosz-babi-ski/ws_moveit/install/moveit_plugins:/home/bartosz-babi-ski/ws_moveit/install/moveit_simple_controller_manager:/home/bartosz-babi-ski/ws_moveit/install/moveit_setup_assistant:/home/bartosz-babi-ski/ws_moveit/install/moveit_setup_srdf_plugins:/home/bartosz-babi-ski/ws_moveit/install/moveit_setup_core_plugins:/home/bartosz-babi-ski/ws_moveit/install/moveit_setup_controllers:/home/bartosz-babi-ski/ws_moveit/install/moveit_setup_app_plugins:/home/bartosz-babi-ski/ws_moveit/install/moveit_setup_framework:/home/bartosz-babi-ski/ws_moveit/install/moveit_servo:/home/bartosz-babi-ski/ws_moveit/install/moveit_ros_trajectory_cache:/home/bartosz-babi-ski/ws_moveit/install/moveit_ros:/home/bartosz-babi-ski/ws_moveit/install/moveit_ros_visualization:/home/bartosz-babi-ski/ws_moveit/install/moveit_py:/home/bartosz-babi-ski/ws_moveit/install/moveit_hybrid_planning:/home/bartosz-babi-ski/ws_moveit/install/moveit_ros_planning_interface:/home/bartosz-babi-ski/ws_moveit/install/moveit_ros_benchmarks:/home/bartosz-babi-ski/ws_moveit/install/moveit_ros_warehouse:/home/bartosz-babi-ski/ws_moveit/install/moveit_ros_robot_interaction:/home/bartosz-babi-ski/ws_moveit/install/moveit_ros_perception:/home/bartosz-babi-ski/ws_moveit/install/moveit_resources_prbt_pg70_support:/home/bartosz-babi-ski/ws_moveit/install/moveit_resources_prbt_moveit_config:/home/bartosz-babi-ski/ws_moveit/install/moveit_ros_move_group:/home/bartosz-babi-ski/ws_moveit/install/moveit_planners_ompl:/home/bartosz-babi-ski/ws_moveit/install/moveit_kinematics:/home/bartosz-babi-ski/ws_moveit/install/moveit_ros_planning:/home/bartosz-babi-ski/ws_moveit/install/moveit_ros_occupancy_map_monitor:/home/bartosz-babi-ski/ws_moveit/install/moveit_resources_prbt_support:/home/bartosz-babi-ski/ws_moveit/install/moveit_resources_prbt_ikfast_manipulator_plugin:/home/bartosz-babi-ski/ws_moveit/install/moveit_resources:/home/bartosz-babi-ski/ws_moveit/install/moveit_resources_pr2_description:/home/bartosz-babi-ski/ws_moveit/install/moveit_resources_panda_moveit_config:/home/bartosz-babi-ski/ws_moveit/install/dual_arm_panda_moveit_config:/home/bartosz-babi-ski/ws_moveit/install/moveit_resources_panda_description:/home/bartosz-babi-ski/ws_moveit/install/moveit_resources_fanuc_moveit_config:/home/bartosz-babi-ski/ws_moveit/install/moveit_resources_fanuc_description:/home/bartosz-babi-ski/ws_moveit/install/moveit_planners_stomp:/home/bartosz-babi-ski/ws_moveit/install/moveit_planners_chomp:/home/bartosz-babi-ski/ws_moveit/install/chomp_motion_planner:/home/bartosz-babi-ski/ws_moveit/install/moveit_core:/home/bartosz-babi-ski/ws_moveit/install/moveit_msgs:/home/bartosz-babi-ski/ws_moveit/install/moveit_common:/home/bartosz-babi-ski/ws_moveit/install/kortex_driver:/home/bartosz-babi-ski/ws_moveit/install/kortex_api:/home/bartosz-babi-ski/newros2_ws/install/hexapod_moveit_config:/home/bartosz-babi-ski/newros2_ws/install/hexapod_gazebo:/home/bartosz-babi-ski/newros2_ws/install/hexapod_description:/home/bartosz-babi-ski/ws_moveit2/install/hello_moveit:/home/bartosz-babi-ski/ros2_ws/install/mycobot_moveit_config:/home/bartosz-babi-ski/ros2_ws/install/mycobot_gazebo:/home/bartosz-babi-ski/ros2_ws/install/mycobot_description:/opt/ros/jazzy/opt/gz_launch_vendor:/opt/ros/jazzy/opt/gz_sim_vendor:/opt/ros/jazzy/opt/gz_sensors_vendor:/opt/ros/jazzy/opt/gz_physics_vendor:/opt/ros/jazzy/opt/sdformat_vendor:/opt/ros/jazzy/opt/gz_gui_vendor:/opt/ros/jazzy/opt/gz_transport_vendor:/opt/ros/jazzy/opt/gz_rendering_vendor:/opt/ros/jazzy/opt/gz_plugin_vendor:/opt/ros/jazzy/opt/gz_fuel_tools_vendor:/opt/ros/jazzy/opt/gz_msgs_vendor:/opt/ros/jazzy/opt/gz_common_vendor:/opt/ros/jazzy/opt/gz_math_vendor:/opt/ros/jazzy/opt/gz_utils_vendor:/opt/ros/jazzy/opt/gz_tools_vendor:/opt/ros/jazzy/opt/gz_ogre_next_vendor:/opt/ros/jazzy/opt/gz_dartsim_vendor:/opt/ros/jazzy/opt/gz_cmake_vendor:/home/bartosz-babi-ski/ws_moveit/install/moveit_configs_utils:/opt/ros/jazzy DEBUGINFOD_URLS=https://debuginfod.ubuntu.com /usr/bin/cmake --install /home/bartosz-babi-ski/Hexapod_git2/Hexapod/simulation/ros2_ws_hex/build/open_manipulator
[8.226s] Level 1:colcon.colcon_core.environment:create_environment_scripts_only(open_manipulator)
[8.227s] Level 1:colcon.colcon_core.environment:checking '/home/bartosz-babi-ski/Hexapod_git2/Hexapod/simulation/ros2_ws_hex/install/open_manipulator' for CMake module files
[8.227s] DEBUG:colcon.colcon_core.event_handler.log_command:Invoked command in '/home/bartosz-babi-ski/Hexapod_git2/Hexapod/simulation/ros2_ws_hex/build/open_manipulator' returned '0': CMAKE_PREFIX_PATH=/home/bartosz-babi-ski/Hexapod_git2/Hexapod/simulation/ros2_ws_hex/install/open_manipulator_moveit_config:/home/bartosz-babi-ski/Hexapod_git2/Hexapod/simulation/ros2_ws_hex/install/open_manipulator_bringup:/home/bartosz-babi-ski/Hexapod_git2/Hexapod/simulation/ros2_ws_hex/install/open_manipulator_description:/home/bartosz-babi-ski/Hexapod_git2/Hexapod/simulation/ros2_ws_hex/install/om_spring_actuator_controller:/home/bartosz-babi-ski/Hexapod_git2/Hexapod/simulation/ros2_ws_hex/install/om_joint_trajectory_command_broadcaster:/home/bartosz-babi-ski/Hexapod_git2/Hexapod/simulation/ros2_ws_hex/install/om_gravity_compensation_controller:/home/bartosz-babi-ski/Hexapod_git2/Hexapod/simulation/ros2_ws_hex/install/open_manipulator:/home/bartosz-babi-ski/ws_moveit/install/robotiq_hardware_tests:/home/bartosz-babi-ski/ws_moveit/install/robotiq_driver:/home/bartosz-babi-ski/ws_moveit/install/serial:/home/bartosz-babi-ski/ws_moveit/install/moveit2_tutorials:/home/bartosz-babi-ski/ws_moveit/install/moveit_visual_tools:/home/bartosz-babi-ski/ws_moveit/install/rviz_visual_tools:/home/bartosz-babi-ski/ws_moveit/install/moveit_task_constructor_visualization:/home/bartosz-babi-ski/ws_moveit/install/moveit_task_constructor_demo:/home/bartosz-babi-ski/ws_moveit/install/moveit_task_constructor_capabilities:/home/bartosz-babi-ski/ws_moveit/install/moveit_task_constructor_core:/home/bartosz-babi-ski/ws_moveit/install/rviz_marker_tools:/home/bartosz-babi-ski/ws_moveit/install/kortex_bringup:/home/bartosz-babi-ski/ws_moveit/install/kinova_gen3_lite_moveit_config:/home/bartosz-babi-ski/ws_moveit/install/kinova_gen3_7dof_robotiq_2f_85_moveit_config:/home/bartosz-babi-ski/ws_moveit/install/kinova_gen3_6dof_robotiq_2f_85_moveit_config:/home/bartosz-babi-ski/ws_moveit/install/kortex_description:/home/bartosz-babi-ski/ws_moveit/install/robotiq_description:/home/bartosz-babi-ski/ws_moveit/install/robotiq_controllers:/home/bartosz-babi-ski/ws_moveit/install/pilz_industrial_motion_planner_testutils:/home/bartosz-babi-ski/ws_moveit/install/moveit_runtime:/home/bartosz-babi-ski/ws_moveit/install/moveit:/home/bartosz-babi-ski/ws_moveit/install/moveit_planners:/home/bartosz-babi-ski/ws_moveit/install/pilz_industrial_motion_planner:/home/bartosz-babi-ski/ws_moveit/install/picknik_twist_controller:/home/bartosz-babi-ski/ws_moveit/install/picknik_reset_fault_controller:/home/bartosz-babi-ski/ws_moveit/install/moveit_task_constructor_msgs:/home/bartosz-babi-ski/ws_moveit/install/moveit_ros_control_interface:/home/bartosz-babi-ski/ws_moveit/install/moveit_plugins:/home/bartosz-babi-ski/ws_moveit/install/moveit_simple_controller_manager:/home/bartosz-babi-ski/ws_moveit/install/moveit_setup_assistant:/home/bartosz-babi-ski/ws_moveit/install/moveit_setup_srdf_plugins:/home/bartosz-babi-ski/ws_moveit/install/moveit_setup_core_plugins:/home/bartosz-babi-ski/ws_moveit/install/moveit_setup_controllers:/home/bartosz-babi-ski/ws_moveit/install/moveit_setup_app_plugins:/home/bartosz-babi-ski/ws_moveit/install/moveit_setup_framework:/home/bartosz-babi-ski/ws_moveit/install/moveit_servo:/home/bartosz-babi-ski/ws_moveit/install/moveit_ros_trajectory_cache:/home/bartosz-babi-ski/ws_moveit/install/moveit_ros:/home/bartosz-babi-ski/ws_moveit/install/moveit_ros_visualization:/home/bartosz-babi-ski/ws_moveit/install/moveit_py:/home/bartosz-babi-ski/ws_moveit/install/moveit_hybrid_planning:/home/bartosz-babi-ski/ws_moveit/install/moveit_ros_planning_interface:/home/bartosz-babi-ski/ws_moveit/install/moveit_ros_benchmarks:/home/bartosz-babi-ski/ws_moveit/install/moveit_ros_warehouse:/home/bartosz-babi-ski/ws_moveit/install/moveit_ros_robot_interaction:/home/bartosz-babi-ski/ws_moveit/install/moveit_ros_perception:/home/bartosz-babi-ski/ws_moveit/install/moveit_resources_prbt_pg70_support:/home/bartosz-babi-ski/ws_moveit/install/moveit_resources_prbt_moveit_config:/home/bartosz-babi-ski/ws_moveit/install/moveit_ros_move_group:/home/bartosz-babi-ski/ws_moveit/install/moveit_planners_ompl:/home/bartosz-babi-ski/ws_moveit/install/moveit_kinematics:/home/bartosz-babi-ski/ws_moveit/install/moveit_ros_planning:/home/bartosz-babi-ski/ws_moveit/install/moveit_ros_occupancy_map_monitor:/home/bartosz-babi-ski/ws_moveit/install/moveit_resources_prbt_support:/home/bartosz-babi-ski/ws_moveit/install/moveit_resources_prbt_ikfast_manipulator_plugin:/home/bartosz-babi-ski/ws_moveit/install/moveit_resources:/home/bartosz-babi-ski/ws_moveit/install/moveit_resources_pr2_description:/home/bartosz-babi-ski/ws_moveit/install/moveit_resources_panda_moveit_config:/home/bartosz-babi-ski/ws_moveit/install/dual_arm_panda_moveit_config:/home/bartosz-babi-ski/ws_moveit/install/moveit_resources_panda_description:/home/bartosz-babi-ski/ws_moveit/install/moveit_resources_fanuc_moveit_config:/home/bartosz-babi-ski/ws_moveit/install/moveit_resources_fanuc_description:/home/bartosz-babi-ski/ws_moveit/install/moveit_planners_stomp:/home/bartosz-babi-ski/ws_moveit/install/moveit_planners_chomp:/home/bartosz-babi-ski/ws_moveit/install/chomp_motion_planner:/home/bartosz-babi-ski/ws_moveit/install/moveit_core:/home/bartosz-babi-ski/ws_moveit/install/moveit_msgs:/home/bartosz-babi-ski/ws_moveit/install/moveit_common:/home/bartosz-babi-ski/ws_moveit/install/kortex_driver:/home/bartosz-babi-ski/ws_moveit/install/kortex_api:/home/bartosz-babi-ski/newros2_ws/install/hexapod_moveit_config:/home/bartosz-babi-ski/newros2_ws/install/hexapod_gazebo:/home/bartosz-babi-ski/newros2_ws/install/hexapod_description:/home/bartosz-babi-ski/ws_moveit2/install/hello_moveit:/home/bartosz-babi-ski/ros2_ws/install/mycobot_moveit_config:/home/bartosz-babi-ski/ros2_ws/install/mycobot_gazebo:/home/bartosz-babi-ski/ros2_ws/install/mycobot_description:/opt/ros/jazzy/opt/gz_launch_vendor:/opt/ros/jazzy/opt/gz_sim_vendor:/opt/ros/jazzy/opt/gz_sensors_vendor:/opt/ros/jazzy/opt/gz_physics_vendor:/opt/ros/jazzy/opt/sdformat_vendor:/opt/ros/jazzy/opt/gz_gui_vendor:/opt/ros/jazzy/opt/gz_transport_vendor:/opt/ros/jazzy/opt/gz_rendering_vendor:/opt/ros/jazzy/opt/gz_plugin_vendor:/opt/ros/jazzy/opt/gz_fuel_tools_vendor:/opt/ros/jazzy/opt/gz_msgs_vendor:/opt/ros/jazzy/opt/gz_common_vendor:/opt/ros/jazzy/opt/gz_math_vendor:/opt/ros/jazzy/opt/gz_utils_vendor:/opt/ros/jazzy/opt/gz_tools_vendor:/opt/ros/jazzy/opt/gz_ogre_next_vendor:/opt/ros/jazzy/opt/gz_dartsim_vendor:/opt/ros/jazzy/opt/gz_cmake_vendor:/home/bartosz-babi-ski/ws_moveit/install/moveit_configs_utils:/opt/ros/jazzy DEBUGINFOD_URLS=https://debuginfod.ubuntu.com /usr/bin/cmake --install /home/bartosz-babi-ski/Hexapod_git2/Hexapod/simulation/ros2_ws_hex/build/open_manipulator
[8.227s] Level 1:colcon.colcon_core.environment:checking '/home/bartosz-babi-ski/Hexapod_git2/Hexapod/simulation/ros2_ws_hex/install/open_manipulator' for CMake config files
[8.227s] Level 1:colcon.colcon_core.shell:create_environment_hook('open_manipulator', 'cmake_prefix_path')
[8.227s] INFO:colcon.colcon_core.shell:Creating environment hook '/home/bartosz-babi-ski/Hexapod_git2/Hexapod/simulation/ros2_ws_hex/install/open_manipulator/share/open_manipulator/hook/cmake_prefix_path.ps1'
[8.228s] INFO:colcon.colcon_core.shell:Creating environment descriptor '/home/bartosz-babi-ski/Hexapod_git2/Hexapod/simulation/ros2_ws_hex/install/open_manipulator/share/open_manipulator/hook/cmake_prefix_path.dsv'
[8.228s] INFO:colcon.colcon_core.shell:Creating environment hook '/home/bartosz-babi-ski/Hexapod_git2/Hexapod/simulation/ros2_ws_hex/install/open_manipulator/share/open_manipulator/hook/cmake_prefix_path.sh'
[8.228s] Level 1:colcon.colcon_core.environment:checking '/home/bartosz-babi-ski/Hexapod_git2/Hexapod/simulation/ros2_ws_hex/install/open_manipulator/bin'
[8.228s] Level 1:colcon.colcon_core.environment:checking '/home/bartosz-babi-ski/Hexapod_git2/Hexapod/simulation/ros2_ws_hex/install/open_manipulator/lib/pkgconfig/open_manipulator.pc'
[8.228s] Level 1:colcon.colcon_core.environment:checking '/home/bartosz-babi-ski/Hexapod_git2/Hexapod/simulation/ros2_ws_hex/install/open_manipulator/lib/python3.12/site-packages'
[8.228s] Level 1:colcon.colcon_core.environment:checking '/home/bartosz-babi-ski/Hexapod_git2/Hexapod/simulation/ros2_ws_hex/install/open_manipulator/bin'
[8.229s] INFO:colcon.colcon_core.shell:Creating package script '/home/bartosz-babi-ski/Hexapod_git2/Hexapod/simulation/ros2_ws_hex/install/open_manipulator/share/open_manipulator/package.ps1'
[8.229s] INFO:colcon.colcon_core.shell:Creating package descriptor '/home/bartosz-babi-ski/Hexapod_git2/Hexapod/simulation/ros2_ws_hex/install/open_manipulator/share/open_manipulator/package.dsv'
[8.229s] INFO:colcon.colcon_core.shell:Creating package script '/home/bartosz-babi-ski/Hexapod_git2/Hexapod/simulation/ros2_ws_hex/install/open_manipulator/share/open_manipulator/package.sh'
[8.229s] INFO:colcon.colcon_core.shell:Creating package script '/home/bartosz-babi-ski/Hexapod_git2/Hexapod/simulation/ros2_ws_hex/install/open_manipulator/share/open_manipulator/package.bash'
[8.229s] INFO:colcon.colcon_core.shell:Creating package script '/home/bartosz-babi-ski/Hexapod_git2/Hexapod/simulation/ros2_ws_hex/install/open_manipulator/share/open_manipulator/package.zsh'
[8.230s] Level 1:colcon.colcon_core.environment:create_file_with_runtime_dependencies(/home/bartosz-babi-ski/Hexapod_git2/Hexapod/simulation/ros2_ws_hex/install/open_manipulator/share/colcon-core/packages/open_manipulator)
[8.230s] Level 1:colcon.colcon_core.environment:create_environment_scripts_only(open_manipulator)
[8.230s] Level 1:colcon.colcon_core.environment:checking '/home/bartosz-babi-ski/Hexapod_git2/Hexapod/simulation/ros2_ws_hex/install/open_manipulator' for CMake module files
[8.230s] Level 1:colcon.colcon_core.environment:checking '/home/bartosz-babi-ski/Hexapod_git2/Hexapod/simulation/ros2_ws_hex/install/open_manipulator' for CMake config files
[8.230s] Level 1:colcon.colcon_core.shell:create_environment_hook('open_manipulator', 'cmake_prefix_path')
[8.230s] INFO:colcon.colcon_core.shell:Creating environment hook '/home/bartosz-babi-ski/Hexapod_git2/Hexapod/simulation/ros2_ws_hex/install/open_manipulator/share/open_manipulator/hook/cmake_prefix_path.ps1'
[8.231s] INFO:colcon.colcon_core.shell:Creating environment descriptor '/home/bartosz-babi-ski/Hexapod_git2/Hexapod/simulation/ros2_ws_hex/install/open_manipulator/share/open_manipulator/hook/cmake_prefix_path.dsv'
[8.231s] INFO:colcon.colcon_core.shell:Creating environment hook '/home/bartosz-babi-ski/Hexapod_git2/Hexapod/simulation/ros2_ws_hex/install/open_manipulator/share/open_manipulator/hook/cmake_prefix_path.sh'
[8.231s] Level 1:colcon.colcon_core.environment:checking '/home/bartosz-babi-ski/Hexapod_git2/Hexapod/simulation/ros2_ws_hex/install/open_manipulator/bin'
[8.231s] Level 1:colcon.colcon_core.environment:checking '/home/bartosz-babi-ski/Hexapod_git2/Hexapod/simulation/ros2_ws_hex/install/open_manipulator/lib/pkgconfig/open_manipulator.pc'
[8.231s] Level 1:colcon.colcon_core.environment:checking '/home/bartosz-babi-ski/Hexapod_git2/Hexapod/simulation/ros2_ws_hex/install/open_manipulator/lib/python3.12/site-packages'
[8.232s] Level 1:colcon.colcon_core.environment:checking '/home/bartosz-babi-ski/Hexapod_git2/Hexapod/simulation/ros2_ws_hex/install/open_manipulator/bin'
[8.232s] INFO:colcon.colcon_core.shell:Creating package script '/home/bartosz-babi-ski/Hexapod_git2/Hexapod/simulation/ros2_ws_hex/install/open_manipulator/share/open_manipulator/package.ps1'
[8.232s] INFO:colcon.colcon_core.shell:Creating package descriptor '/home/bartosz-babi-ski/Hexapod_git2/Hexapod/simulation/ros2_ws_hex/install/open_manipulator/share/open_manipulator/package.dsv'
[8.232s] INFO:colcon.colcon_core.shell:Creating package script '/home/bartosz-babi-ski/Hexapod_git2/Hexapod/simulation/ros2_ws_hex/install/open_manipulator/share/open_manipulator/package.sh'
[8.233s] INFO:colcon.colcon_core.shell:Creating package script '/home/bartosz-babi-ski/Hexapod_git2/Hexapod/simulation/ros2_ws_hex/install/open_manipulator/share/open_manipulator/package.bash'
[8.233s] INFO:colcon.colcon_core.shell:Creating package script '/home/bartosz-babi-ski/Hexapod_git2/Hexapod/simulation/ros2_ws_hex/install/open_manipulator/share/open_manipulator/package.zsh'
[8.233s] Level 1:colcon.colcon_core.environment:create_file_with_runtime_dependencies(/home/bartosz-babi-ski/Hexapod_git2/Hexapod/simulation/ros2_ws_hex/install/open_manipulator/share/colcon-core/packages/open_manipulator)
[8.233s] DEBUG:colcon.colcon_parallel_executor.executor.parallel:closing loop
[8.233s] DEBUG:colcon.colcon_parallel_executor.executor.parallel:loop closed
[8.233s] DEBUG:colcon.colcon_parallel_executor.executor.parallel:run_until_complete finished with '0'
[8.233s] DEBUG:colcon.colcon_core.event_reactor:joining thread
[8.238s] INFO:colcon.colcon_core.plugin_system:Skipping extension 'colcon_notification.desktop_notification.terminal_notifier': Not used on non-Darwin systems
[8.238s] INFO:colcon.colcon_core.plugin_system:Skipping extension 'colcon_notification.desktop_notification.win32': Not used on non-Windows systems
[8.238s] INFO:colcon.colcon_notification.desktop_notification:Sending desktop notification using 'notify2'
[8.248s] DEBUG:colcon.colcon_core.event_reactor:joined thread
[8.248s] INFO:colcon.colcon_core.shell:Creating prefix script '/home/bartosz-babi-ski/Hexapod_git2/Hexapod/simulation/ros2_ws_hex/install/local_setup.ps1'
[8.248s] INFO:colcon.colcon_core.shell:Creating prefix util module '/home/bartosz-babi-ski/Hexapod_git2/Hexapod/simulation/ros2_ws_hex/install/_local_setup_util_ps1.py'
[8.249s] INFO:colcon.colcon_core.shell:Creating prefix chain script '/home/bartosz-babi-ski/Hexapod_git2/Hexapod/simulation/ros2_ws_hex/install/setup.ps1'
[8.252s] INFO:colcon.colcon_core.shell:Creating prefix script '/home/bartosz-babi-ski/Hexapod_git2/Hexapod/simulation/ros2_ws_hex/install/local_setup.sh'
[8.253s] INFO:colcon.colcon_core.shell:Creating prefix util module '/home/bartosz-babi-ski/Hexapod_git2/Hexapod/simulation/ros2_ws_hex/install/_local_setup_util_sh.py'
[8.253s] INFO:colcon.colcon_core.shell:Creating prefix chain script '/home/bartosz-babi-ski/Hexapod_git2/Hexapod/simulation/ros2_ws_hex/install/setup.sh'
[8.255s] INFO:colcon.colcon_core.shell:Creating prefix script '/home/bartosz-babi-ski/Hexapod_git2/Hexapod/simulation/ros2_ws_hex/install/local_setup.bash'
[8.256s] INFO:colcon.colcon_core.shell:Creating prefix chain script '/home/bartosz-babi-ski/Hexapod_git2/Hexapod/simulation/ros2_ws_hex/install/setup.bash'
[8.258s] INFO:colcon.colcon_core.shell:Creating prefix script '/home/bartosz-babi-ski/Hexapod_git2/Hexapod/simulation/ros2_ws_hex/install/local_setup.zsh'
[8.258s] INFO:colcon.colcon_core.shell:Creating prefix chain script '/home/bartosz-babi-ski/Hexapod_git2/Hexapod/simulation/ros2_ws_hex/install/setup.zsh'
