[0.088s] DEBUG:colcon:Command line arguments: ['/usr/bin/colcon', 'build']
[0.089s] DEBUG:colcon:Parsed command line arguments: Namespace(log_base=None, log_level=None, verb_name='build', build_base='build', install_base='install', merge_install=False, symlink_install=False, test_result_base=None, continue_on_error=False, executor='parallel', parallel_workers=12, event_handlers=None, ignore_user_meta=False, metas=['./colcon.meta'], base_paths=['.'], packages_ignore=None, packages_ignore_regex=None, paths=None, packages_up_to=None, packages_up_to_regex=None, packages_above=None, packages_above_and_dependencies=None, packages_above_depth=None, packages_select_by_dep=None, packages_skip_by_dep=None, packages_skip_up_to=None, packages_select_build_failed=False, packages_skip_build_finished=False, packages_select_test_failures=False, packages_skip_test_passed=False, packages_select=None, packages_skip=None, packages_select_regex=None, packages_skip_regex=None, packages_start=None, packages_end=None, allow_overriding=[], cmake_args=None, cmake_target=None, cmake_target_skip_unavailable=False, cmake_clean_cache=False, cmake_clean_first=False, cmake_force_configure=False, ament_cmake_args=None, catkin_cmake_args=None, catkin_skip_building_tests=False, mixin_files=None, mixin=None, verb_parser=<colcon_mixin.mixin.mixin_argument.MixinArgumentDecorator object at 0x7316f7719b20>, verb_extension=<colcon_core.verb.build.BuildVerb object at 0x7316f6c42d50>, main=<bound method BuildVerb.main of <colcon_core.verb.build.BuildVerb object at 0x7316f6c42d50>>, mixin_verb=('build',))
[0.116s] Level 1:colcon.colcon_core.package_discovery:discover_packages(colcon_meta) check parameters
[0.116s] Level 1:colcon.colcon_core.package_discovery:discover_packages(recursive) check parameters
[0.116s] Level 1:colcon.colcon_core.package_discovery:discover_packages(ignore) check parameters
[0.116s] Level 1:colcon.colcon_core.package_discovery:discover_packages(path) check parameters
[0.116s] Level 1:colcon.colcon_core.package_discovery:discover_packages(colcon_meta) discover
[0.116s] Level 1:colcon.colcon_core.package_discovery:discover_packages(recursive) discover
[0.116s] INFO:colcon.colcon_core.package_discovery:Crawling recursively for packages in '/home/bartosz-babi-ski/Hexapod_git4/Hexapod/simulation/ros2_ws_hex'
[0.116s] Level 1:colcon.colcon_core.package_identification:_identify(.) by extensions ['ignore', 'ignore_ament_install']
[0.116s] Level 1:colcon.colcon_core.package_identification:_identify(.) by extension 'ignore'
[0.116s] Level 1:colcon.colcon_core.package_identification:_identify(.) by extension 'ignore_ament_install'
[0.116s] Level 1:colcon.colcon_core.package_identification:_identify(.) by extensions ['colcon_pkg']
[0.116s] Level 1:colcon.colcon_core.package_identification:_identify(.) by extension 'colcon_pkg'
[0.116s] Level 1:colcon.colcon_core.package_identification:_identify(.) by extensions ['colcon_meta']
[0.116s] Level 1:colcon.colcon_core.package_identification:_identify(.) by extension 'colcon_meta'
[0.117s] Level 1:colcon.colcon_core.package_identification:_identify(.) by extensions ['ros']
[0.117s] Level 1:colcon.colcon_core.package_identification:_identify(.) by extension 'ros'
[0.134s] Level 1:colcon.colcon_core.package_identification:_identify(.) by extensions ['cmake', 'python']
[0.134s] Level 1:colcon.colcon_core.package_identification:_identify(.) by extension 'cmake'
[0.134s] Level 1:colcon.colcon_core.package_identification:_identify(.) by extension 'python'
[0.134s] Level 1:colcon.colcon_core.package_identification:_identify(.) by extensions ['python_setup_py']
[0.134s] Level 1:colcon.colcon_core.package_identification:_identify(.) by extension 'python_setup_py'
[0.135s] Level 1:colcon.colcon_core.package_identification:_identify(build) by extensions ['ignore', 'ignore_ament_install']
[0.135s] Level 1:colcon.colcon_core.package_identification:_identify(build) by extension 'ignore'
[0.135s] Level 1:colcon.colcon_core.package_identification:_identify(build) ignored
[0.135s] Level 1:colcon.colcon_core.package_identification:_identify(install) by extensions ['ignore', 'ignore_ament_install']
[0.135s] Level 1:colcon.colcon_core.package_identification:_identify(install) by extension 'ignore'
[0.135s] Level 1:colcon.colcon_core.package_identification:_identify(install) ignored
[0.135s] Level 1:colcon.colcon_core.package_identification:_identify(log) by extensions ['ignore', 'ignore_ament_install']
[0.135s] Level 1:colcon.colcon_core.package_identification:_identify(log) by extension 'ignore'
[0.135s] Level 1:colcon.colcon_core.package_identification:_identify(log) ignored
[0.135s] Level 1:colcon.colcon_core.package_identification:_identify(src) by extensions ['ignore', 'ignore_ament_install']
[0.135s] Level 1:colcon.colcon_core.package_identification:_identify(src) by extension 'ignore'
[0.135s] Level 1:colcon.colcon_core.package_identification:_identify(src) by extension 'ignore_ament_install'
[0.135s] Level 1:colcon.colcon_core.package_identification:_identify(src) by extensions ['colcon_pkg']
[0.135s] Level 1:colcon.colcon_core.package_identification:_identify(src) by extension 'colcon_pkg'
[0.135s] Level 1:colcon.colcon_core.package_identification:_identify(src) by extensions ['colcon_meta']
[0.135s] Level 1:colcon.colcon_core.package_identification:_identify(src) by extension 'colcon_meta'
[0.135s] Level 1:colcon.colcon_core.package_identification:_identify(src) by extensions ['ros']
[0.135s] Level 1:colcon.colcon_core.package_identification:_identify(src) by extension 'ros'
[0.135s] Level 1:colcon.colcon_core.package_identification:_identify(src) by extensions ['cmake', 'python']
[0.135s] Level 1:colcon.colcon_core.package_identification:_identify(src) by extension 'cmake'
[0.135s] Level 1:colcon.colcon_core.package_identification:_identify(src) by extension 'python'
[0.135s] Level 1:colcon.colcon_core.package_identification:_identify(src) by extensions ['python_setup_py']
[0.135s] Level 1:colcon.colcon_core.package_identification:_identify(src) by extension 'python_setup_py'
[0.135s] Level 1:colcon.colcon_core.package_identification:_identify(src/hex_gz) by extensions ['ignore', 'ignore_ament_install']
[0.135s] Level 1:colcon.colcon_core.package_identification:_identify(src/hex_gz) by extension 'ignore'
[0.135s] Level 1:colcon.colcon_core.package_identification:_identify(src/hex_gz) by extension 'ignore_ament_install'
[0.136s] Level 1:colcon.colcon_core.package_identification:_identify(src/hex_gz) by extensions ['colcon_pkg']
[0.136s] Level 1:colcon.colcon_core.package_identification:_identify(src/hex_gz) by extension 'colcon_pkg'
[0.136s] Level 1:colcon.colcon_core.package_identification:_identify(src/hex_gz) by extensions ['colcon_meta']
[0.136s] Level 1:colcon.colcon_core.package_identification:_identify(src/hex_gz) by extension 'colcon_meta'
[0.136s] Level 1:colcon.colcon_core.package_identification:_identify(src/hex_gz) by extensions ['ros']
[0.136s] Level 1:colcon.colcon_core.package_identification:_identify(src/hex_gz) by extension 'ros'
[0.137s] DEBUG:colcon.colcon_core.package_identification:Package 'src/hex_gz' with type 'ros.ament_cmake' and name 'hex_gz'
[0.138s] Level 1:colcon.colcon_core.package_identification:_identify(src/hexapod) by extensions ['ignore', 'ignore_ament_install']
[0.138s] Level 1:colcon.colcon_core.package_identification:_identify(src/hexapod) by extension 'ignore'
[0.138s] Level 1:colcon.colcon_core.package_identification:_identify(src/hexapod) by extension 'ignore_ament_install'
[0.138s] Level 1:colcon.colcon_core.package_identification:_identify(src/hexapod) by extensions ['colcon_pkg']
[0.138s] Level 1:colcon.colcon_core.package_identification:_identify(src/hexapod) by extension 'colcon_pkg'
[0.138s] Level 1:colcon.colcon_core.package_identification:_identify(src/hexapod) by extensions ['colcon_meta']
[0.138s] Level 1:colcon.colcon_core.package_identification:_identify(src/hexapod) by extension 'colcon_meta'
[0.138s] Level 1:colcon.colcon_core.package_identification:_identify(src/hexapod) by extensions ['ros']
[0.138s] Level 1:colcon.colcon_core.package_identification:_identify(src/hexapod) by extension 'ros'
[0.138s] DEBUG:colcon.colcon_core.package_identification:Package 'src/hexapod' with type 'ros.ament_cmake' and name 'hexapod'
[0.138s] Level 1:colcon.colcon_core.package_identification:_identify(src/hexapod_description) by extensions ['ignore', 'ignore_ament_install']
[0.138s] Level 1:colcon.colcon_core.package_identification:_identify(src/hexapod_description) by extension 'ignore'
[0.138s] Level 1:colcon.colcon_core.package_identification:_identify(src/hexapod_description) by extension 'ignore_ament_install'
[0.139s] Level 1:colcon.colcon_core.package_identification:_identify(src/hexapod_description) by extensions ['colcon_pkg']
[0.139s] Level 1:colcon.colcon_core.package_identification:_identify(src/hexapod_description) by extension 'colcon_pkg'
[0.139s] Level 1:colcon.colcon_core.package_identification:_identify(src/hexapod_description) by extensions ['colcon_meta']
[0.139s] Level 1:colcon.colcon_core.package_identification:_identify(src/hexapod_description) by extension 'colcon_meta'
[0.139s] Level 1:colcon.colcon_core.package_identification:_identify(src/hexapod_description) by extensions ['ros']
[0.139s] Level 1:colcon.colcon_core.package_identification:_identify(src/hexapod_description) by extension 'ros'
[0.139s] DEBUG:colcon.colcon_core.package_identification:Package 'src/hexapod_description' with type 'ros.ament_cmake' and name 'hexapod_description'
[0.139s] Level 1:colcon.colcon_core.package_identification:_identify(src/ros2_controller) by extensions ['ignore', 'ignore_ament_install']
[0.139s] Level 1:colcon.colcon_core.package_identification:_identify(src/ros2_controller) by extension 'ignore'
[0.139s] Level 1:colcon.colcon_core.package_identification:_identify(src/ros2_controller) by extension 'ignore_ament_install'
[0.139s] Level 1:colcon.colcon_core.package_identification:_identify(src/ros2_controller) by extensions ['colcon_pkg']
[0.139s] Level 1:colcon.colcon_core.package_identification:_identify(src/ros2_controller) by extension 'colcon_pkg'
[0.139s] Level 1:colcon.colcon_core.package_identification:_identify(src/ros2_controller) by extensions ['colcon_meta']
[0.139s] Level 1:colcon.colcon_core.package_identification:_identify(src/ros2_controller) by extension 'colcon_meta'
[0.139s] Level 1:colcon.colcon_core.package_identification:_identify(src/ros2_controller) by extensions ['ros']
[0.139s] Level 1:colcon.colcon_core.package_identification:_identify(src/ros2_controller) by extension 'ros'
[0.139s] Level 1:colcon.colcon_core.package_identification:_identify(src/ros2_controller) by extensions ['cmake', 'python']
[0.139s] Level 1:colcon.colcon_core.package_identification:_identify(src/ros2_controller) by extension 'cmake'
[0.139s] Level 1:colcon.colcon_core.package_identification:_identify(src/ros2_controller) by extension 'python'
[0.139s] Level 1:colcon.colcon_core.package_identification:_identify(src/ros2_controller) by extensions ['python_setup_py']
[0.139s] Level 1:colcon.colcon_core.package_identification:_identify(src/ros2_controller) by extension 'python_setup_py'
[0.139s] Level 1:colcon.colcon_core.package_identification:_identify(src/ros2_controller/om_gravity_compensation_controller) by extensions ['ignore', 'ignore_ament_install']
[0.139s] Level 1:colcon.colcon_core.package_identification:_identify(src/ros2_controller/om_gravity_compensation_controller) by extension 'ignore'
[0.139s] Level 1:colcon.colcon_core.package_identification:_identify(src/ros2_controller/om_gravity_compensation_controller) by extension 'ignore_ament_install'
[0.139s] Level 1:colcon.colcon_core.package_identification:_identify(src/ros2_controller/om_gravity_compensation_controller) by extensions ['colcon_pkg']
[0.140s] Level 1:colcon.colcon_core.package_identification:_identify(src/ros2_controller/om_gravity_compensation_controller) by extension 'colcon_pkg'
[0.140s] Level 1:colcon.colcon_core.package_identification:_identify(src/ros2_controller/om_gravity_compensation_controller) by extensions ['colcon_meta']
[0.140s] Level 1:colcon.colcon_core.package_identification:_identify(src/ros2_controller/om_gravity_compensation_controller) by extension 'colcon_meta'
[0.140s] Level 1:colcon.colcon_core.package_identification:_identify(src/ros2_controller/om_gravity_compensation_controller) by extensions ['ros']
[0.140s] Level 1:colcon.colcon_core.package_identification:_identify(src/ros2_controller/om_gravity_compensation_controller) by extension 'ros'
[0.140s] DEBUG:colcon.colcon_core.package_identification:Package 'src/ros2_controller/om_gravity_compensation_controller' with type 'ros.ament_cmake' and name 'om_gravity_compensation_controller'
[0.140s] Level 1:colcon.colcon_core.package_identification:_identify(src/ros2_controller/om_joint_trajectory_command_broadcaster) by extensions ['ignore', 'ignore_ament_install']
[0.140s] Level 1:colcon.colcon_core.package_identification:_identify(src/ros2_controller/om_joint_trajectory_command_broadcaster) by extension 'ignore'
[0.141s] Level 1:colcon.colcon_core.package_identification:_identify(src/ros2_controller/om_joint_trajectory_command_broadcaster) by extension 'ignore_ament_install'
[0.141s] Level 1:colcon.colcon_core.package_identification:_identify(src/ros2_controller/om_joint_trajectory_command_broadcaster) by extensions ['colcon_pkg']
[0.141s] Level 1:colcon.colcon_core.package_identification:_identify(src/ros2_controller/om_joint_trajectory_command_broadcaster) by extension 'colcon_pkg'
[0.141s] Level 1:colcon.colcon_core.package_identification:_identify(src/ros2_controller/om_joint_trajectory_command_broadcaster) by extensions ['colcon_meta']
[0.141s] Level 1:colcon.colcon_core.package_identification:_identify(src/ros2_controller/om_joint_trajectory_command_broadcaster) by extension 'colcon_meta'
[0.141s] Level 1:colcon.colcon_core.package_identification:_identify(src/ros2_controller/om_joint_trajectory_command_broadcaster) by extensions ['ros']
[0.141s] Level 1:colcon.colcon_core.package_identification:_identify(src/ros2_controller/om_joint_trajectory_command_broadcaster) by extension 'ros'
[0.141s] DEBUG:colcon.colcon_core.package_identification:Package 'src/ros2_controller/om_joint_trajectory_command_broadcaster' with type 'ros.ament_cmake' and name 'om_joint_trajectory_command_broadcaster'
[0.141s] Level 1:colcon.colcon_core.package_identification:_identify(src/ros2_controller/om_spring_actuator_controller) by extensions ['ignore', 'ignore_ament_install']
[0.141s] Level 1:colcon.colcon_core.package_identification:_identify(src/ros2_controller/om_spring_actuator_controller) by extension 'ignore'
[0.142s] Level 1:colcon.colcon_core.package_identification:_identify(src/ros2_controller/om_spring_actuator_controller) by extension 'ignore_ament_install'
[0.142s] Level 1:colcon.colcon_core.package_identification:_identify(src/ros2_controller/om_spring_actuator_controller) by extensions ['colcon_pkg']
[0.142s] Level 1:colcon.colcon_core.package_identification:_identify(src/ros2_controller/om_spring_actuator_controller) by extension 'colcon_pkg'
[0.142s] Level 1:colcon.colcon_core.package_identification:_identify(src/ros2_controller/om_spring_actuator_controller) by extensions ['colcon_meta']
[0.142s] Level 1:colcon.colcon_core.package_identification:_identify(src/ros2_controller/om_spring_actuator_controller) by extension 'colcon_meta'
[0.142s] Level 1:colcon.colcon_core.package_identification:_identify(src/ros2_controller/om_spring_actuator_controller) by extensions ['ros']
[0.142s] Level 1:colcon.colcon_core.package_identification:_identify(src/ros2_controller/om_spring_actuator_controller) by extension 'ros'
[0.142s] DEBUG:colcon.colcon_core.package_identification:Package 'src/ros2_controller/om_spring_actuator_controller' with type 'ros.ament_cmake' and name 'om_spring_actuator_controller'
[0.143s] Level 1:colcon.colcon_core.package_discovery:discover_packages(recursive) using defaults
[0.143s] Level 1:colcon.colcon_core.package_discovery:discover_packages(ignore) discover
[0.143s] Level 1:colcon.colcon_core.package_discovery:discover_packages(ignore) using defaults
[0.143s] Level 1:colcon.colcon_core.package_discovery:discover_packages(path) discover
[0.143s] Level 1:colcon.colcon_core.package_discovery:discover_packages(path) using defaults
[0.156s] Level 1:colcon.colcon_core.package_discovery:discover_packages(prefix_path) check parameters
[0.156s] Level 1:colcon.colcon_core.package_discovery:discover_packages(prefix_path) discover
[0.158s] DEBUG:colcon.colcon_installed_package_information.package_discovery:Found 440 installed packages in /opt/ros/jazzy
[0.159s] Level 1:colcon.colcon_core.package_discovery:discover_packages(prefix_path) using defaults
[0.199s] Level 5:colcon.colcon_core.verb:set package 'hexapod_description' build argument 'cmake_args' from command line to 'None'
[0.199s] Level 5:colcon.colcon_core.verb:set package 'hexapod_description' build argument 'cmake_target' from command line to 'None'
[0.199s] Level 5:colcon.colcon_core.verb:set package 'hexapod_description' build argument 'cmake_target_skip_unavailable' from command line to 'False'
[0.199s] Level 5:colcon.colcon_core.verb:set package 'hexapod_description' build argument 'cmake_clean_cache' from command line to 'False'
[0.199s] Level 5:colcon.colcon_core.verb:set package 'hexapod_description' build argument 'cmake_clean_first' from command line to 'False'
[0.199s] Level 5:colcon.colcon_core.verb:set package 'hexapod_description' build argument 'cmake_force_configure' from command line to 'False'
[0.199s] Level 5:colcon.colcon_core.verb:set package 'hexapod_description' build argument 'ament_cmake_args' from command line to 'None'
[0.199s] Level 5:colcon.colcon_core.verb:set package 'hexapod_description' build argument 'catkin_cmake_args' from command line to 'None'
[0.199s] Level 5:colcon.colcon_core.verb:set package 'hexapod_description' build argument 'catkin_skip_building_tests' from command line to 'False'
[0.199s] DEBUG:colcon.colcon_core.verb:Building package 'hexapod_description' with the following arguments: {'ament_cmake_args': None, 'build_base': '/home/bartosz-babi-ski/Hexapod_git4/Hexapod/simulation/ros2_ws_hex/build/hexapod_description', 'catkin_cmake_args': None, 'catkin_skip_building_tests': False, 'cmake_args': None, 'cmake_clean_cache': False, 'cmake_clean_first': False, 'cmake_force_configure': False, 'cmake_target': None, 'cmake_target_skip_unavailable': False, 'install_base': '/home/bartosz-babi-ski/Hexapod_git4/Hexapod/simulation/ros2_ws_hex/install/hexapod_description', 'merge_install': False, 'path': '/home/bartosz-babi-ski/Hexapod_git4/Hexapod/simulation/ros2_ws_hex/src/hexapod_description', 'symlink_install': False, 'test_result_base': None}
[0.199s] Level 5:colcon.colcon_core.verb:set package 'om_gravity_compensation_controller' build argument 'cmake_args' from command line to 'None'
[0.199s] Level 5:colcon.colcon_core.verb:set package 'om_gravity_compensation_controller' build argument 'cmake_target' from command line to 'None'
[0.199s] Level 5:colcon.colcon_core.verb:set package 'om_gravity_compensation_controller' build argument 'cmake_target_skip_unavailable' from command line to 'False'
[0.199s] Level 5:colcon.colcon_core.verb:set package 'om_gravity_compensation_controller' build argument 'cmake_clean_cache' from command line to 'False'
[0.199s] Level 5:colcon.colcon_core.verb:set package 'om_gravity_compensation_controller' build argument 'cmake_clean_first' from command line to 'False'
[0.199s] Level 5:colcon.colcon_core.verb:set package 'om_gravity_compensation_controller' build argument 'cmake_force_configure' from command line to 'False'
[0.199s] Level 5:colcon.colcon_core.verb:set package 'om_gravity_compensation_controller' build argument 'ament_cmake_args' from command line to 'None'
[0.199s] Level 5:colcon.colcon_core.verb:set package 'om_gravity_compensation_controller' build argument 'catkin_cmake_args' from command line to 'None'
[0.199s] Level 5:colcon.colcon_core.verb:set package 'om_gravity_compensation_controller' build argument 'catkin_skip_building_tests' from command line to 'False'
[0.199s] DEBUG:colcon.colcon_core.verb:Building package 'om_gravity_compensation_controller' with the following arguments: {'ament_cmake_args': None, 'build_base': '/home/bartosz-babi-ski/Hexapod_git4/Hexapod/simulation/ros2_ws_hex/build/om_gravity_compensation_controller', 'catkin_cmake_args': None, 'catkin_skip_building_tests': False, 'cmake_args': None, 'cmake_clean_cache': False, 'cmake_clean_first': False, 'cmake_force_configure': False, 'cmake_target': None, 'cmake_target_skip_unavailable': False, 'install_base': '/home/bartosz-babi-ski/Hexapod_git4/Hexapod/simulation/ros2_ws_hex/install/om_gravity_compensation_controller', 'merge_install': False, 'path': '/home/bartosz-babi-ski/Hexapod_git4/Hexapod/simulation/ros2_ws_hex/src/ros2_controller/om_gravity_compensation_controller', 'symlink_install': False, 'test_result_base': None}
[0.199s] Level 5:colcon.colcon_core.verb:set package 'om_joint_trajectory_command_broadcaster' build argument 'cmake_args' from command line to 'None'
[0.199s] Level 5:colcon.colcon_core.verb:set package 'om_joint_trajectory_command_broadcaster' build argument 'cmake_target' from command line to 'None'
[0.199s] Level 5:colcon.colcon_core.verb:set package 'om_joint_trajectory_command_broadcaster' build argument 'cmake_target_skip_unavailable' from command line to 'False'
[0.199s] Level 5:colcon.colcon_core.verb:set package 'om_joint_trajectory_command_broadcaster' build argument 'cmake_clean_cache' from command line to 'False'
[0.199s] Level 5:colcon.colcon_core.verb:set package 'om_joint_trajectory_command_broadcaster' build argument 'cmake_clean_first' from command line to 'False'
[0.199s] Level 5:colcon.colcon_core.verb:set package 'om_joint_trajectory_command_broadcaster' build argument 'cmake_force_configure' from command line to 'False'
[0.199s] Level 5:colcon.colcon_core.verb:set package 'om_joint_trajectory_command_broadcaster' build argument 'ament_cmake_args' from command line to 'None'
[0.199s] Level 5:colcon.colcon_core.verb:set package 'om_joint_trajectory_command_broadcaster' build argument 'catkin_cmake_args' from command line to 'None'
[0.199s] Level 5:colcon.colcon_core.verb:set package 'om_joint_trajectory_command_broadcaster' build argument 'catkin_skip_building_tests' from command line to 'False'
[0.199s] DEBUG:colcon.colcon_core.verb:Building package 'om_joint_trajectory_command_broadcaster' with the following arguments: {'ament_cmake_args': None, 'build_base': '/home/bartosz-babi-ski/Hexapod_git4/Hexapod/simulation/ros2_ws_hex/build/om_joint_trajectory_command_broadcaster', 'catkin_cmake_args': None, 'catkin_skip_building_tests': False, 'cmake_args': None, 'cmake_clean_cache': False, 'cmake_clean_first': False, 'cmake_force_configure': False, 'cmake_target': None, 'cmake_target_skip_unavailable': False, 'install_base': '/home/bartosz-babi-ski/Hexapod_git4/Hexapod/simulation/ros2_ws_hex/install/om_joint_trajectory_command_broadcaster', 'merge_install': False, 'path': '/home/bartosz-babi-ski/Hexapod_git4/Hexapod/simulation/ros2_ws_hex/src/ros2_controller/om_joint_trajectory_command_broadcaster', 'symlink_install': False, 'test_result_base': None}
[0.200s] Level 5:colcon.colcon_core.verb:set package 'om_spring_actuator_controller' build argument 'cmake_args' from command line to 'None'
[0.200s] Level 5:colcon.colcon_core.verb:set package 'om_spring_actuator_controller' build argument 'cmake_target' from command line to 'None'
[0.200s] Level 5:colcon.colcon_core.verb:set package 'om_spring_actuator_controller' build argument 'cmake_target_skip_unavailable' from command line to 'False'
[0.200s] Level 5:colcon.colcon_core.verb:set package 'om_spring_actuator_controller' build argument 'cmake_clean_cache' from command line to 'False'
[0.200s] Level 5:colcon.colcon_core.verb:set package 'om_spring_actuator_controller' build argument 'cmake_clean_first' from command line to 'False'
[0.200s] Level 5:colcon.colcon_core.verb:set package 'om_spring_actuator_controller' build argument 'cmake_force_configure' from command line to 'False'
[0.200s] Level 5:colcon.colcon_core.verb:set package 'om_spring_actuator_controller' build argument 'ament_cmake_args' from command line to 'None'
[0.200s] Level 5:colcon.colcon_core.verb:set package 'om_spring_actuator_controller' build argument 'catkin_cmake_args' from command line to 'None'
[0.200s] Level 5:colcon.colcon_core.verb:set package 'om_spring_actuator_controller' build argument 'catkin_skip_building_tests' from command line to 'False'
[0.200s] DEBUG:colcon.colcon_core.verb:Building package 'om_spring_actuator_controller' with the following arguments: {'ament_cmake_args': None, 'build_base': '/home/bartosz-babi-ski/Hexapod_git4/Hexapod/simulation/ros2_ws_hex/build/om_spring_actuator_controller', 'catkin_cmake_args': None, 'catkin_skip_building_tests': False, 'cmake_args': None, 'cmake_clean_cache': False, 'cmake_clean_first': False, 'cmake_force_configure': False, 'cmake_target': None, 'cmake_target_skip_unavailable': False, 'install_base': '/home/bartosz-babi-ski/Hexapod_git4/Hexapod/simulation/ros2_ws_hex/install/om_spring_actuator_controller', 'merge_install': False, 'path': '/home/bartosz-babi-ski/Hexapod_git4/Hexapod/simulation/ros2_ws_hex/src/ros2_controller/om_spring_actuator_controller', 'symlink_install': False, 'test_result_base': None}
[0.200s] Level 5:colcon.colcon_core.verb:set package 'hex_gz' build argument 'cmake_args' from command line to 'None'
[0.200s] Level 5:colcon.colcon_core.verb:set package 'hex_gz' build argument 'cmake_target' from command line to 'None'
[0.200s] Level 5:colcon.colcon_core.verb:set package 'hex_gz' build argument 'cmake_target_skip_unavailable' from command line to 'False'
[0.200s] Level 5:colcon.colcon_core.verb:set package 'hex_gz' build argument 'cmake_clean_cache' from command line to 'False'
[0.200s] Level 5:colcon.colcon_core.verb:set package 'hex_gz' build argument 'cmake_clean_first' from command line to 'False'
[0.200s] Level 5:colcon.colcon_core.verb:set package 'hex_gz' build argument 'cmake_force_configure' from command line to 'False'
[0.200s] Level 5:colcon.colcon_core.verb:set package 'hex_gz' build argument 'ament_cmake_args' from command line to 'None'
[0.200s] Level 5:colcon.colcon_core.verb:set package 'hex_gz' build argument 'catkin_cmake_args' from command line to 'None'
[0.200s] Level 5:colcon.colcon_core.verb:set package 'hex_gz' build argument 'catkin_skip_building_tests' from command line to 'False'
[0.200s] DEBUG:colcon.colcon_core.verb:Building package 'hex_gz' with the following arguments: {'ament_cmake_args': None, 'build_base': '/home/bartosz-babi-ski/Hexapod_git4/Hexapod/simulation/ros2_ws_hex/build/hex_gz', 'catkin_cmake_args': None, 'catkin_skip_building_tests': False, 'cmake_args': None, 'cmake_clean_cache': False, 'cmake_clean_first': False, 'cmake_force_configure': False, 'cmake_target': None, 'cmake_target_skip_unavailable': False, 'install_base': '/home/bartosz-babi-ski/Hexapod_git4/Hexapod/simulation/ros2_ws_hex/install/hex_gz', 'merge_install': False, 'path': '/home/bartosz-babi-ski/Hexapod_git4/Hexapod/simulation/ros2_ws_hex/src/hex_gz', 'symlink_install': False, 'test_result_base': None}
[0.200s] Level 5:colcon.colcon_core.verb:set package 'hexapod' build argument 'cmake_args' from command line to 'None'
[0.200s] Level 5:colcon.colcon_core.verb:set package 'hexapod' build argument 'cmake_target' from command line to 'None'
[0.200s] Level 5:colcon.colcon_core.verb:set package 'hexapod' build argument 'cmake_target_skip_unavailable' from command line to 'False'
[0.200s] Level 5:colcon.colcon_core.verb:set package 'hexapod' build argument 'cmake_clean_cache' from command line to 'False'
[0.200s] Level 5:colcon.colcon_core.verb:set package 'hexapod' build argument 'cmake_clean_first' from command line to 'False'
[0.200s] Level 5:colcon.colcon_core.verb:set package 'hexapod' build argument 'cmake_force_configure' from command line to 'False'
[0.200s] Level 5:colcon.colcon_core.verb:set package 'hexapod' build argument 'ament_cmake_args' from command line to 'None'
[0.200s] Level 5:colcon.colcon_core.verb:set package 'hexapod' build argument 'catkin_cmake_args' from command line to 'None'
[0.200s] Level 5:colcon.colcon_core.verb:set package 'hexapod' build argument 'catkin_skip_building_tests' from command line to 'False'
[0.200s] DEBUG:colcon.colcon_core.verb:Building package 'hexapod' with the following arguments: {'ament_cmake_args': None, 'build_base': '/home/bartosz-babi-ski/Hexapod_git4/Hexapod/simulation/ros2_ws_hex/build/hexapod', 'catkin_cmake_args': None, 'catkin_skip_building_tests': False, 'cmake_args': None, 'cmake_clean_cache': False, 'cmake_clean_first': False, 'cmake_force_configure': False, 'cmake_target': None, 'cmake_target_skip_unavailable': False, 'install_base': '/home/bartosz-babi-ski/Hexapod_git4/Hexapod/simulation/ros2_ws_hex/install/hexapod', 'merge_install': False, 'path': '/home/bartosz-babi-ski/Hexapod_git4/Hexapod/simulation/ros2_ws_hex/src/hexapod', 'symlink_install': False, 'test_result_base': None}
[0.200s] INFO:colcon.colcon_core.executor:Executing jobs using 'parallel' executor
[0.201s] DEBUG:colcon.colcon_parallel_executor.executor.parallel:run_until_complete
[0.201s] INFO:colcon.colcon_ros.task.ament_cmake.build:Building ROS package in '/home/bartosz-babi-ski/Hexapod_git4/Hexapod/simulation/ros2_ws_hex/src/hexapod_description' with build type 'ament_cmake'
[0.202s] INFO:colcon.colcon_cmake.task.cmake.build:Building CMake package in '/home/bartosz-babi-ski/Hexapod_git4/Hexapod/simulation/ros2_ws_hex/src/hexapod_description'
[0.203s] INFO:colcon.colcon_core.plugin_system:Skipping extension 'colcon_core.shell.bat': Not used on non-Windows systems
[0.203s] INFO:colcon.colcon_core.shell:Skip shell extension 'powershell' for command environment: Not usable outside of PowerShell
[0.203s] DEBUG:colcon.colcon_core.shell:Skip shell extension 'dsv' for command environment
[0.205s] INFO:colcon.colcon_ros.task.ament_cmake.build:Building ROS package in '/home/bartosz-babi-ski/Hexapod_git4/Hexapod/simulation/ros2_ws_hex/src/ros2_controller/om_gravity_compensation_controller' with build type 'ament_cmake'
[0.206s] INFO:colcon.colcon_cmake.task.cmake.build:Building CMake package in '/home/bartosz-babi-ski/Hexapod_git4/Hexapod/simulation/ros2_ws_hex/src/ros2_controller/om_gravity_compensation_controller'
[0.206s] INFO:colcon.colcon_core.shell:Skip shell extension 'powershell' for command environment: Not usable outside of PowerShell
[0.206s] DEBUG:colcon.colcon_core.shell:Skip shell extension 'dsv' for command environment
[0.208s] INFO:colcon.colcon_ros.task.ament_cmake.build:Building ROS package in '/home/bartosz-babi-ski/Hexapod_git4/Hexapod/simulation/ros2_ws_hex/src/ros2_controller/om_joint_trajectory_command_broadcaster' with build type 'ament_cmake'
[0.208s] INFO:colcon.colcon_cmake.task.cmake.build:Building CMake package in '/home/bartosz-babi-ski/Hexapod_git4/Hexapod/simulation/ros2_ws_hex/src/ros2_controller/om_joint_trajectory_command_broadcaster'
[0.208s] INFO:colcon.colcon_core.shell:Skip shell extension 'powershell' for command environment: Not usable outside of PowerShell
[0.208s] DEBUG:colcon.colcon_core.shell:Skip shell extension 'dsv' for command environment
[0.210s] INFO:colcon.colcon_ros.task.ament_cmake.build:Building ROS package in '/home/bartosz-babi-ski/Hexapod_git4/Hexapod/simulation/ros2_ws_hex/src/ros2_controller/om_spring_actuator_controller' with build type 'ament_cmake'
[0.210s] INFO:colcon.colcon_cmake.task.cmake.build:Building CMake package in '/home/bartosz-babi-ski/Hexapod_git4/Hexapod/simulation/ros2_ws_hex/src/ros2_controller/om_spring_actuator_controller'
[0.210s] INFO:colcon.colcon_core.shell:Skip shell extension 'powershell' for command environment: Not usable outside of PowerShell
[0.210s] DEBUG:colcon.colcon_core.shell:Skip shell extension 'dsv' for command environment
[0.215s] DEBUG:colcon.colcon_core.event_handler.log_command:Invoking command in '/home/bartosz-babi-ski/Hexapod_git4/Hexapod/simulation/ros2_ws_hex/build/hexapod_description': CMAKE_PREFIX_PATH=${CMAKE_PREFIX_PATH}:/opt/ros/jazzy DEBUGINFOD_URLS=https://debuginfod.ubuntu.com /usr/bin/cmake /home/bartosz-babi-ski/Hexapod_git4/Hexapod/simulation/ros2_ws_hex/src/hexapod_description -DCMAKE_INSTALL_PREFIX=/home/bartosz-babi-ski/Hexapod_git4/Hexapod/simulation/ros2_ws_hex/install/hexapod_description
[0.217s] DEBUG:colcon.colcon_core.event_handler.log_command:Invoking command in '/home/bartosz-babi-ski/Hexapod_git4/Hexapod/simulation/ros2_ws_hex/build/om_gravity_compensation_controller': CMAKE_PREFIX_PATH=${CMAKE_PREFIX_PATH}:/opt/ros/jazzy DEBUGINFOD_URLS=https://debuginfod.ubuntu.com /usr/bin/cmake /home/bartosz-babi-ski/Hexapod_git4/Hexapod/simulation/ros2_ws_hex/src/ros2_controller/om_gravity_compensation_controller -DCMAKE_INSTALL_PREFIX=/home/bartosz-babi-ski/Hexapod_git4/Hexapod/simulation/ros2_ws_hex/install/om_gravity_compensation_controller
[0.218s] DEBUG:colcon.colcon_core.event_handler.log_command:Invoking command in '/home/bartosz-babi-ski/Hexapod_git4/Hexapod/simulation/ros2_ws_hex/build/om_joint_trajectory_command_broadcaster': CMAKE_PREFIX_PATH=${CMAKE_PREFIX_PATH}:/opt/ros/jazzy DEBUGINFOD_URLS=https://debuginfod.ubuntu.com /usr/bin/cmake /home/bartosz-babi-ski/Hexapod_git4/Hexapod/simulation/ros2_ws_hex/src/ros2_controller/om_joint_trajectory_command_broadcaster -DCMAKE_INSTALL_PREFIX=/home/bartosz-babi-ski/Hexapod_git4/Hexapod/simulation/ros2_ws_hex/install/om_joint_trajectory_command_broadcaster
[0.221s] DEBUG:colcon.colcon_core.event_handler.log_command:Invoking command in '/home/bartosz-babi-ski/Hexapod_git4/Hexapod/simulation/ros2_ws_hex/build/om_spring_actuator_controller': CMAKE_PREFIX_PATH=${CMAKE_PREFIX_PATH}:/opt/ros/jazzy DEBUGINFOD_URLS=https://debuginfod.ubuntu.com /usr/bin/cmake /home/bartosz-babi-ski/Hexapod_git4/Hexapod/simulation/ros2_ws_hex/src/ros2_controller/om_spring_actuator_controller -DCMAKE_INSTALL_PREFIX=/home/bartosz-babi-ski/Hexapod_git4/Hexapod/simulation/ros2_ws_hex/install/om_spring_actuator_controller
[0.826s] DEBUG:colcon.colcon_core.event_handler.log_command:Invoked command in '/home/bartosz-babi-ski/Hexapod_git4/Hexapod/simulation/ros2_ws_hex/build/hexapod_description' returned '0': CMAKE_PREFIX_PATH=${CMAKE_PREFIX_PATH}:/opt/ros/jazzy DEBUGINFOD_URLS=https://debuginfod.ubuntu.com /usr/bin/cmake /home/bartosz-babi-ski/Hexapod_git4/Hexapod/simulation/ros2_ws_hex/src/hexapod_description -DCMAKE_INSTALL_PREFIX=/home/bartosz-babi-ski/Hexapod_git4/Hexapod/simulation/ros2_ws_hex/install/hexapod_description
[0.827s] DEBUG:colcon.colcon_core.event_handler.log_command:Invoking command in '/home/bartosz-babi-ski/Hexapod_git4/Hexapod/simulation/ros2_ws_hex/build/hexapod_description': CMAKE_PREFIX_PATH=${CMAKE_PREFIX_PATH}:/opt/ros/jazzy DEBUGINFOD_URLS=https://debuginfod.ubuntu.com /usr/bin/cmake --build /home/bartosz-babi-ski/Hexapod_git4/Hexapod/simulation/ros2_ws_hex/build/hexapod_description -- -j12 -l12
[0.863s] DEBUG:colcon.colcon_core.event_handler.log_command:Invoked command in '/home/bartosz-babi-ski/Hexapod_git4/Hexapod/simulation/ros2_ws_hex/build/hexapod_description' returned '0': CMAKE_PREFIX_PATH=${CMAKE_PREFIX_PATH}:/opt/ros/jazzy DEBUGINFOD_URLS=https://debuginfod.ubuntu.com /usr/bin/cmake --build /home/bartosz-babi-ski/Hexapod_git4/Hexapod/simulation/ros2_ws_hex/build/hexapod_description -- -j12 -l12
[0.872s] DEBUG:colcon.colcon_core.event_handler.log_command:Invoking command in '/home/bartosz-babi-ski/Hexapod_git4/Hexapod/simulation/ros2_ws_hex/build/hexapod_description': CMAKE_PREFIX_PATH=${CMAKE_PREFIX_PATH}:/opt/ros/jazzy DEBUGINFOD_URLS=https://debuginfod.ubuntu.com /usr/bin/cmake --install /home/bartosz-babi-ski/Hexapod_git4/Hexapod/simulation/ros2_ws_hex/build/hexapod_description
[0.990s] Level 1:colcon.colcon_core.environment:create_environment_scripts_only(hexapod_description)
[0.990s] DEBUG:colcon.colcon_core.event_handler.log_command:Invoked command in '/home/bartosz-babi-ski/Hexapod_git4/Hexapod/simulation/ros2_ws_hex/build/hexapod_description' returned '0': CMAKE_PREFIX_PATH=${CMAKE_PREFIX_PATH}:/opt/ros/jazzy DEBUGINFOD_URLS=https://debuginfod.ubuntu.com /usr/bin/cmake --install /home/bartosz-babi-ski/Hexapod_git4/Hexapod/simulation/ros2_ws_hex/build/hexapod_description
[0.992s] Level 1:colcon.colcon_core.environment:checking '/home/bartosz-babi-ski/Hexapod_git4/Hexapod/simulation/ros2_ws_hex/install/hexapod_description' for CMake module files
[0.992s] Level 1:colcon.colcon_core.environment:checking '/home/bartosz-babi-ski/Hexapod_git4/Hexapod/simulation/ros2_ws_hex/install/hexapod_description' for CMake config files
[0.993s] Level 1:colcon.colcon_core.shell:create_environment_hook('hexapod_description', 'cmake_prefix_path')
[0.993s] INFO:colcon.colcon_core.shell:Creating environment hook '/home/bartosz-babi-ski/Hexapod_git4/Hexapod/simulation/ros2_ws_hex/install/hexapod_description/share/hexapod_description/hook/cmake_prefix_path.ps1'
[0.993s] INFO:colcon.colcon_core.shell:Creating environment descriptor '/home/bartosz-babi-ski/Hexapod_git4/Hexapod/simulation/ros2_ws_hex/install/hexapod_description/share/hexapod_description/hook/cmake_prefix_path.dsv'
[0.994s] INFO:colcon.colcon_core.shell:Creating environment hook '/home/bartosz-babi-ski/Hexapod_git4/Hexapod/simulation/ros2_ws_hex/install/hexapod_description/share/hexapod_description/hook/cmake_prefix_path.sh'
[0.994s] Level 1:colcon.colcon_core.environment:checking '/home/bartosz-babi-ski/Hexapod_git4/Hexapod/simulation/ros2_ws_hex/install/hexapod_description/bin'
[0.994s] Level 1:colcon.colcon_core.environment:checking '/home/bartosz-babi-ski/Hexapod_git4/Hexapod/simulation/ros2_ws_hex/install/hexapod_description/lib/pkgconfig/hexapod_description.pc'
[0.995s] Level 1:colcon.colcon_core.environment:checking '/home/bartosz-babi-ski/Hexapod_git4/Hexapod/simulation/ros2_ws_hex/install/hexapod_description/lib/python3.12/site-packages'
[0.995s] Level 1:colcon.colcon_core.environment:checking '/home/bartosz-babi-ski/Hexapod_git4/Hexapod/simulation/ros2_ws_hex/install/hexapod_description/bin'
[0.995s] INFO:colcon.colcon_core.shell:Creating package script '/home/bartosz-babi-ski/Hexapod_git4/Hexapod/simulation/ros2_ws_hex/install/hexapod_description/share/hexapod_description/package.ps1'
[0.995s] INFO:colcon.colcon_core.shell:Creating package descriptor '/home/bartosz-babi-ski/Hexapod_git4/Hexapod/simulation/ros2_ws_hex/install/hexapod_description/share/hexapod_description/package.dsv'
[0.996s] INFO:colcon.colcon_core.shell:Creating package script '/home/bartosz-babi-ski/Hexapod_git4/Hexapod/simulation/ros2_ws_hex/install/hexapod_description/share/hexapod_description/package.sh'
[0.996s] INFO:colcon.colcon_core.shell:Creating package script '/home/bartosz-babi-ski/Hexapod_git4/Hexapod/simulation/ros2_ws_hex/install/hexapod_description/share/hexapod_description/package.bash'
[0.997s] INFO:colcon.colcon_core.shell:Creating package script '/home/bartosz-babi-ski/Hexapod_git4/Hexapod/simulation/ros2_ws_hex/install/hexapod_description/share/hexapod_description/package.zsh'
[0.997s] Level 1:colcon.colcon_core.environment:create_file_with_runtime_dependencies(/home/bartosz-babi-ski/Hexapod_git4/Hexapod/simulation/ros2_ws_hex/install/hexapod_description/share/colcon-core/packages/hexapod_description)
[0.997s] Level 1:colcon.colcon_core.environment:create_environment_scripts_only(hexapod_description)
[0.998s] Level 1:colcon.colcon_core.environment:checking '/home/bartosz-babi-ski/Hexapod_git4/Hexapod/simulation/ros2_ws_hex/install/hexapod_description' for CMake module files
[0.998s] Level 1:colcon.colcon_core.environment:checking '/home/bartosz-babi-ski/Hexapod_git4/Hexapod/simulation/ros2_ws_hex/install/hexapod_description' for CMake config files
[0.998s] Level 1:colcon.colcon_core.shell:create_environment_hook('hexapod_description', 'cmake_prefix_path')
[0.998s] INFO:colcon.colcon_core.shell:Creating environment hook '/home/bartosz-babi-ski/Hexapod_git4/Hexapod/simulation/ros2_ws_hex/install/hexapod_description/share/hexapod_description/hook/cmake_prefix_path.ps1'
[0.999s] INFO:colcon.colcon_core.shell:Creating environment descriptor '/home/bartosz-babi-ski/Hexapod_git4/Hexapod/simulation/ros2_ws_hex/install/hexapod_description/share/hexapod_description/hook/cmake_prefix_path.dsv'
[0.999s] INFO:colcon.colcon_core.shell:Creating environment hook '/home/bartosz-babi-ski/Hexapod_git4/Hexapod/simulation/ros2_ws_hex/install/hexapod_description/share/hexapod_description/hook/cmake_prefix_path.sh'
[1.000s] Level 1:colcon.colcon_core.environment:checking '/home/bartosz-babi-ski/Hexapod_git4/Hexapod/simulation/ros2_ws_hex/install/hexapod_description/bin'
[1.000s] Level 1:colcon.colcon_core.environment:checking '/home/bartosz-babi-ski/Hexapod_git4/Hexapod/simulation/ros2_ws_hex/install/hexapod_description/lib/pkgconfig/hexapod_description.pc'
[1.000s] Level 1:colcon.colcon_core.environment:checking '/home/bartosz-babi-ski/Hexapod_git4/Hexapod/simulation/ros2_ws_hex/install/hexapod_description/lib/python3.12/site-packages'
[1.000s] Level 1:colcon.colcon_core.environment:checking '/home/bartosz-babi-ski/Hexapod_git4/Hexapod/simulation/ros2_ws_hex/install/hexapod_description/bin'
[1.000s] INFO:colcon.colcon_core.shell:Creating package script '/home/bartosz-babi-ski/Hexapod_git4/Hexapod/simulation/ros2_ws_hex/install/hexapod_description/share/hexapod_description/package.ps1'
[1.001s] INFO:colcon.colcon_core.shell:Creating package descriptor '/home/bartosz-babi-ski/Hexapod_git4/Hexapod/simulation/ros2_ws_hex/install/hexapod_description/share/hexapod_description/package.dsv'
[1.002s] INFO:colcon.colcon_core.shell:Creating package script '/home/bartosz-babi-ski/Hexapod_git4/Hexapod/simulation/ros2_ws_hex/install/hexapod_description/share/hexapod_description/package.sh'
[1.002s] INFO:colcon.colcon_core.shell:Creating package script '/home/bartosz-babi-ski/Hexapod_git4/Hexapod/simulation/ros2_ws_hex/install/hexapod_description/share/hexapod_description/package.bash'
[1.002s] INFO:colcon.colcon_core.shell:Creating package script '/home/bartosz-babi-ski/Hexapod_git4/Hexapod/simulation/ros2_ws_hex/install/hexapod_description/share/hexapod_description/package.zsh'
[1.003s] Level 1:colcon.colcon_core.environment:create_file_with_runtime_dependencies(/home/bartosz-babi-ski/Hexapod_git4/Hexapod/simulation/ros2_ws_hex/install/hexapod_description/share/colcon-core/packages/hexapod_description)
[1.003s] INFO:colcon.colcon_ros.task.ament_cmake.build:Building ROS package in '/home/bartosz-babi-ski/Hexapod_git4/Hexapod/simulation/ros2_ws_hex/src/hex_gz' with build type 'ament_cmake'
[1.003s] INFO:colcon.colcon_cmake.task.cmake.build:Building CMake package in '/home/bartosz-babi-ski/Hexapod_git4/Hexapod/simulation/ros2_ws_hex/src/hex_gz'
[1.003s] INFO:colcon.colcon_core.shell:Skip shell extension 'powershell' for command environment: Not usable outside of PowerShell
[1.003s] DEBUG:colcon.colcon_core.shell:Skip shell extension 'dsv' for command environment
[1.012s] DEBUG:colcon.colcon_core.event_handler.log_command:Invoking command in '/home/bartosz-babi-ski/Hexapod_git4/Hexapod/simulation/ros2_ws_hex/build/hex_gz': AMENT_PREFIX_PATH=/home/bartosz-babi-ski/Hexapod_git4/Hexapod/simulation/ros2_ws_hex/install/hexapod_description:${AMENT_PREFIX_PATH} CMAKE_PREFIX_PATH=/home/bartosz-babi-ski/Hexapod_git4/Hexapod/simulation/ros2_ws_hex/install/hexapod_description:/opt/ros/jazzy/opt/gz_launch_vendor:/opt/ros/jazzy/opt/gz_sim_vendor:/opt/ros/jazzy/opt/gz_sensors_vendor:/opt/ros/jazzy/opt/gz_physics_vendor:/opt/ros/jazzy/opt/sdformat_vendor:/opt/ros/jazzy/opt/gz_gui_vendor:/opt/ros/jazzy/opt/gz_transport_vendor:/opt/ros/jazzy/opt/gz_rendering_vendor:/opt/ros/jazzy/opt/gz_plugin_vendor:/opt/ros/jazzy/opt/gz_fuel_tools_vendor:/opt/ros/jazzy/opt/gz_msgs_vendor:/opt/ros/jazzy/opt/gz_common_vendor:/opt/ros/jazzy/opt/gz_math_vendor:/opt/ros/jazzy/opt/gz_utils_vendor:/opt/ros/jazzy/opt/gz_tools_vendor:/opt/ros/jazzy/opt/gz_ogre_next_vendor:/opt/ros/jazzy/opt/gz_dartsim_vendor:/opt/ros/jazzy/opt/gz_cmake_vendor:/opt/ros/jazzy DEBUGINFOD_URLS=https://debuginfod.ubuntu.com /usr/bin/cmake /home/bartosz-babi-ski/Hexapod_git4/Hexapod/simulation/ros2_ws_hex/src/hex_gz -DCMAKE_INSTALL_PREFIX=/home/bartosz-babi-ski/Hexapod_git4/Hexapod/simulation/ros2_ws_hex/install/hex_gz
[1.538s] DEBUG:colcon.colcon_core.event_handler.log_command:Invoked command in '/home/bartosz-babi-ski/Hexapod_git4/Hexapod/simulation/ros2_ws_hex/build/om_joint_trajectory_command_broadcaster' returned '0': CMAKE_PREFIX_PATH=${CMAKE_PREFIX_PATH}:/opt/ros/jazzy DEBUGINFOD_URLS=https://debuginfod.ubuntu.com /usr/bin/cmake /home/bartosz-babi-ski/Hexapod_git4/Hexapod/simulation/ros2_ws_hex/src/ros2_controller/om_joint_trajectory_command_broadcaster -DCMAKE_INSTALL_PREFIX=/home/bartosz-babi-ski/Hexapod_git4/Hexapod/simulation/ros2_ws_hex/install/om_joint_trajectory_command_broadcaster
[1.539s] DEBUG:colcon.colcon_core.event_handler.log_command:Invoking command in '/home/bartosz-babi-ski/Hexapod_git4/Hexapod/simulation/ros2_ws_hex/build/om_joint_trajectory_command_broadcaster': CMAKE_PREFIX_PATH=${CMAKE_PREFIX_PATH}:/opt/ros/jazzy DEBUGINFOD_URLS=https://debuginfod.ubuntu.com /usr/bin/cmake --build /home/bartosz-babi-ski/Hexapod_git4/Hexapod/simulation/ros2_ws_hex/build/om_joint_trajectory_command_broadcaster -- -j12 -l12
[1.571s] DEBUG:colcon.colcon_core.event_handler.log_command:Invoked command in '/home/bartosz-babi-ski/Hexapod_git4/Hexapod/simulation/ros2_ws_hex/build/om_spring_actuator_controller' returned '0': CMAKE_PREFIX_PATH=${CMAKE_PREFIX_PATH}:/opt/ros/jazzy DEBUGINFOD_URLS=https://debuginfod.ubuntu.com /usr/bin/cmake /home/bartosz-babi-ski/Hexapod_git4/Hexapod/simulation/ros2_ws_hex/src/ros2_controller/om_spring_actuator_controller -DCMAKE_INSTALL_PREFIX=/home/bartosz-babi-ski/Hexapod_git4/Hexapod/simulation/ros2_ws_hex/install/om_spring_actuator_controller
[1.572s] DEBUG:colcon.colcon_core.event_handler.log_command:Invoking command in '/home/bartosz-babi-ski/Hexapod_git4/Hexapod/simulation/ros2_ws_hex/build/om_spring_actuator_controller': CMAKE_PREFIX_PATH=${CMAKE_PREFIX_PATH}:/opt/ros/jazzy DEBUGINFOD_URLS=https://debuginfod.ubuntu.com /usr/bin/cmake --build /home/bartosz-babi-ski/Hexapod_git4/Hexapod/simulation/ros2_ws_hex/build/om_spring_actuator_controller -- -j12 -l12
[1.598s] DEBUG:colcon.colcon_core.event_handler.log_command:Invoked command in '/home/bartosz-babi-ski/Hexapod_git4/Hexapod/simulation/ros2_ws_hex/build/om_gravity_compensation_controller' returned '0': CMAKE_PREFIX_PATH=${CMAKE_PREFIX_PATH}:/opt/ros/jazzy DEBUGINFOD_URLS=https://debuginfod.ubuntu.com /usr/bin/cmake /home/bartosz-babi-ski/Hexapod_git4/Hexapod/simulation/ros2_ws_hex/src/ros2_controller/om_gravity_compensation_controller -DCMAKE_INSTALL_PREFIX=/home/bartosz-babi-ski/Hexapod_git4/Hexapod/simulation/ros2_ws_hex/install/om_gravity_compensation_controller
[1.599s] DEBUG:colcon.colcon_core.event_handler.log_command:Invoking command in '/home/bartosz-babi-ski/Hexapod_git4/Hexapod/simulation/ros2_ws_hex/build/om_gravity_compensation_controller': CMAKE_PREFIX_PATH=${CMAKE_PREFIX_PATH}:/opt/ros/jazzy DEBUGINFOD_URLS=https://debuginfod.ubuntu.com /usr/bin/cmake --build /home/bartosz-babi-ski/Hexapod_git4/Hexapod/simulation/ros2_ws_hex/build/om_gravity_compensation_controller -- -j12 -l12
[1.731s] DEBUG:colcon.colcon_core.event_handler.log_command:Invoked command in '/home/bartosz-babi-ski/Hexapod_git4/Hexapod/simulation/ros2_ws_hex/build/hex_gz' returned '0': AMENT_PREFIX_PATH=/home/bartosz-babi-ski/Hexapod_git4/Hexapod/simulation/ros2_ws_hex/install/hexapod_description:${AMENT_PREFIX_PATH} CMAKE_PREFIX_PATH=/home/bartosz-babi-ski/Hexapod_git4/Hexapod/simulation/ros2_ws_hex/install/hexapod_description:/opt/ros/jazzy/opt/gz_launch_vendor:/opt/ros/jazzy/opt/gz_sim_vendor:/opt/ros/jazzy/opt/gz_sensors_vendor:/opt/ros/jazzy/opt/gz_physics_vendor:/opt/ros/jazzy/opt/sdformat_vendor:/opt/ros/jazzy/opt/gz_gui_vendor:/opt/ros/jazzy/opt/gz_transport_vendor:/opt/ros/jazzy/opt/gz_rendering_vendor:/opt/ros/jazzy/opt/gz_plugin_vendor:/opt/ros/jazzy/opt/gz_fuel_tools_vendor:/opt/ros/jazzy/opt/gz_msgs_vendor:/opt/ros/jazzy/opt/gz_common_vendor:/opt/ros/jazzy/opt/gz_math_vendor:/opt/ros/jazzy/opt/gz_utils_vendor:/opt/ros/jazzy/opt/gz_tools_vendor:/opt/ros/jazzy/opt/gz_ogre_next_vendor:/opt/ros/jazzy/opt/gz_dartsim_vendor:/opt/ros/jazzy/opt/gz_cmake_vendor:/opt/ros/jazzy DEBUGINFOD_URLS=https://debuginfod.ubuntu.com /usr/bin/cmake /home/bartosz-babi-ski/Hexapod_git4/Hexapod/simulation/ros2_ws_hex/src/hex_gz -DCMAKE_INSTALL_PREFIX=/home/bartosz-babi-ski/Hexapod_git4/Hexapod/simulation/ros2_ws_hex/install/hex_gz
[1.732s] DEBUG:colcon.colcon_core.event_handler.log_command:Invoking command in '/home/bartosz-babi-ski/Hexapod_git4/Hexapod/simulation/ros2_ws_hex/build/hex_gz': AMENT_PREFIX_PATH=/home/bartosz-babi-ski/Hexapod_git4/Hexapod/simulation/ros2_ws_hex/install/hexapod_description:${AMENT_PREFIX_PATH} CMAKE_PREFIX_PATH=/home/bartosz-babi-ski/Hexapod_git4/Hexapod/simulation/ros2_ws_hex/install/hexapod_description:/opt/ros/jazzy/opt/gz_launch_vendor:/opt/ros/jazzy/opt/gz_sim_vendor:/opt/ros/jazzy/opt/gz_sensors_vendor:/opt/ros/jazzy/opt/gz_physics_vendor:/opt/ros/jazzy/opt/sdformat_vendor:/opt/ros/jazzy/opt/gz_gui_vendor:/opt/ros/jazzy/opt/gz_transport_vendor:/opt/ros/jazzy/opt/gz_rendering_vendor:/opt/ros/jazzy/opt/gz_plugin_vendor:/opt/ros/jazzy/opt/gz_fuel_tools_vendor:/opt/ros/jazzy/opt/gz_msgs_vendor:/opt/ros/jazzy/opt/gz_common_vendor:/opt/ros/jazzy/opt/gz_math_vendor:/opt/ros/jazzy/opt/gz_utils_vendor:/opt/ros/jazzy/opt/gz_tools_vendor:/opt/ros/jazzy/opt/gz_ogre_next_vendor:/opt/ros/jazzy/opt/gz_dartsim_vendor:/opt/ros/jazzy/opt/gz_cmake_vendor:/opt/ros/jazzy DEBUGINFOD_URLS=https://debuginfod.ubuntu.com /usr/bin/cmake --build /home/bartosz-babi-ski/Hexapod_git4/Hexapod/simulation/ros2_ws_hex/build/hex_gz -- -j12 -l12
[1.762s] DEBUG:colcon.colcon_core.event_handler.log_command:Invoked command in '/home/bartosz-babi-ski/Hexapod_git4/Hexapod/simulation/ros2_ws_hex/build/hex_gz' returned '0': AMENT_PREFIX_PATH=/home/bartosz-babi-ski/Hexapod_git4/Hexapod/simulation/ros2_ws_hex/install/hexapod_description:${AMENT_PREFIX_PATH} CMAKE_PREFIX_PATH=/home/bartosz-babi-ski/Hexapod_git4/Hexapod/simulation/ros2_ws_hex/install/hexapod_description:/opt/ros/jazzy/opt/gz_launch_vendor:/opt/ros/jazzy/opt/gz_sim_vendor:/opt/ros/jazzy/opt/gz_sensors_vendor:/opt/ros/jazzy/opt/gz_physics_vendor:/opt/ros/jazzy/opt/sdformat_vendor:/opt/ros/jazzy/opt/gz_gui_vendor:/opt/ros/jazzy/opt/gz_transport_vendor:/opt/ros/jazzy/opt/gz_rendering_vendor:/opt/ros/jazzy/opt/gz_plugin_vendor:/opt/ros/jazzy/opt/gz_fuel_tools_vendor:/opt/ros/jazzy/opt/gz_msgs_vendor:/opt/ros/jazzy/opt/gz_common_vendor:/opt/ros/jazzy/opt/gz_math_vendor:/opt/ros/jazzy/opt/gz_utils_vendor:/opt/ros/jazzy/opt/gz_tools_vendor:/opt/ros/jazzy/opt/gz_ogre_next_vendor:/opt/ros/jazzy/opt/gz_dartsim_vendor:/opt/ros/jazzy/opt/gz_cmake_vendor:/opt/ros/jazzy DEBUGINFOD_URLS=https://debuginfod.ubuntu.com /usr/bin/cmake --build /home/bartosz-babi-ski/Hexapod_git4/Hexapod/simulation/ros2_ws_hex/build/hex_gz -- -j12 -l12
[1.763s] DEBUG:colcon.colcon_core.event_handler.log_command:Invoking command in '/home/bartosz-babi-ski/Hexapod_git4/Hexapod/simulation/ros2_ws_hex/build/hex_gz': AMENT_PREFIX_PATH=/home/bartosz-babi-ski/Hexapod_git4/Hexapod/simulation/ros2_ws_hex/install/hexapod_description:${AMENT_PREFIX_PATH} CMAKE_PREFIX_PATH=/home/bartosz-babi-ski/Hexapod_git4/Hexapod/simulation/ros2_ws_hex/install/hexapod_description:/opt/ros/jazzy/opt/gz_launch_vendor:/opt/ros/jazzy/opt/gz_sim_vendor:/opt/ros/jazzy/opt/gz_sensors_vendor:/opt/ros/jazzy/opt/gz_physics_vendor:/opt/ros/jazzy/opt/sdformat_vendor:/opt/ros/jazzy/opt/gz_gui_vendor:/opt/ros/jazzy/opt/gz_transport_vendor:/opt/ros/jazzy/opt/gz_rendering_vendor:/opt/ros/jazzy/opt/gz_plugin_vendor:/opt/ros/jazzy/opt/gz_fuel_tools_vendor:/opt/ros/jazzy/opt/gz_msgs_vendor:/opt/ros/jazzy/opt/gz_common_vendor:/opt/ros/jazzy/opt/gz_math_vendor:/opt/ros/jazzy/opt/gz_utils_vendor:/opt/ros/jazzy/opt/gz_tools_vendor:/opt/ros/jazzy/opt/gz_ogre_next_vendor:/opt/ros/jazzy/opt/gz_dartsim_vendor:/opt/ros/jazzy/opt/gz_cmake_vendor:/opt/ros/jazzy DEBUGINFOD_URLS=https://debuginfod.ubuntu.com /usr/bin/cmake --install /home/bartosz-babi-ski/Hexapod_git4/Hexapod/simulation/ros2_ws_hex/build/hex_gz
[1.772s] Level 1:colcon.colcon_core.environment:create_environment_scripts_only(hex_gz)
[1.773s] Level 1:colcon.colcon_core.environment:checking '/home/bartosz-babi-ski/Hexapod_git4/Hexapod/simulation/ros2_ws_hex/install/hex_gz' for CMake module files
[1.773s] DEBUG:colcon.colcon_core.event_handler.log_command:Invoked command in '/home/bartosz-babi-ski/Hexapod_git4/Hexapod/simulation/ros2_ws_hex/build/hex_gz' returned '0': AMENT_PREFIX_PATH=/home/bartosz-babi-ski/Hexapod_git4/Hexapod/simulation/ros2_ws_hex/install/hexapod_description:${AMENT_PREFIX_PATH} CMAKE_PREFIX_PATH=/home/bartosz-babi-ski/Hexapod_git4/Hexapod/simulation/ros2_ws_hex/install/hexapod_description:/opt/ros/jazzy/opt/gz_launch_vendor:/opt/ros/jazzy/opt/gz_sim_vendor:/opt/ros/jazzy/opt/gz_sensors_vendor:/opt/ros/jazzy/opt/gz_physics_vendor:/opt/ros/jazzy/opt/sdformat_vendor:/opt/ros/jazzy/opt/gz_gui_vendor:/opt/ros/jazzy/opt/gz_transport_vendor:/opt/ros/jazzy/opt/gz_rendering_vendor:/opt/ros/jazzy/opt/gz_plugin_vendor:/opt/ros/jazzy/opt/gz_fuel_tools_vendor:/opt/ros/jazzy/opt/gz_msgs_vendor:/opt/ros/jazzy/opt/gz_common_vendor:/opt/ros/jazzy/opt/gz_math_vendor:/opt/ros/jazzy/opt/gz_utils_vendor:/opt/ros/jazzy/opt/gz_tools_vendor:/opt/ros/jazzy/opt/gz_ogre_next_vendor:/opt/ros/jazzy/opt/gz_dartsim_vendor:/opt/ros/jazzy/opt/gz_cmake_vendor:/opt/ros/jazzy DEBUGINFOD_URLS=https://debuginfod.ubuntu.com /usr/bin/cmake --install /home/bartosz-babi-ski/Hexapod_git4/Hexapod/simulation/ros2_ws_hex/build/hex_gz
[1.773s] Level 1:colcon.colcon_core.environment:checking '/home/bartosz-babi-ski/Hexapod_git4/Hexapod/simulation/ros2_ws_hex/install/hex_gz' for CMake config files
[1.773s] Level 1:colcon.colcon_core.shell:create_environment_hook('hex_gz', 'cmake_prefix_path')
[1.773s] INFO:colcon.colcon_core.shell:Creating environment hook '/home/bartosz-babi-ski/Hexapod_git4/Hexapod/simulation/ros2_ws_hex/install/hex_gz/share/hex_gz/hook/cmake_prefix_path.ps1'
[1.774s] INFO:colcon.colcon_core.shell:Creating environment descriptor '/home/bartosz-babi-ski/Hexapod_git4/Hexapod/simulation/ros2_ws_hex/install/hex_gz/share/hex_gz/hook/cmake_prefix_path.dsv'
[1.774s] INFO:colcon.colcon_core.shell:Creating environment hook '/home/bartosz-babi-ski/Hexapod_git4/Hexapod/simulation/ros2_ws_hex/install/hex_gz/share/hex_gz/hook/cmake_prefix_path.sh'
[1.774s] Level 1:colcon.colcon_core.environment:checking '/home/bartosz-babi-ski/Hexapod_git4/Hexapod/simulation/ros2_ws_hex/install/hex_gz/lib'
[1.774s] Level 1:colcon.colcon_core.environment:checking '/home/bartosz-babi-ski/Hexapod_git4/Hexapod/simulation/ros2_ws_hex/install/hex_gz/bin'
[1.774s] Level 1:colcon.colcon_core.environment:checking '/home/bartosz-babi-ski/Hexapod_git4/Hexapod/simulation/ros2_ws_hex/install/hex_gz/lib/pkgconfig/hex_gz.pc'
[1.775s] Level 1:colcon.colcon_core.environment:checking '/home/bartosz-babi-ski/Hexapod_git4/Hexapod/simulation/ros2_ws_hex/install/hex_gz/lib/python3.12/site-packages'
[1.775s] Level 1:colcon.colcon_core.environment:checking '/home/bartosz-babi-ski/Hexapod_git4/Hexapod/simulation/ros2_ws_hex/install/hex_gz/bin'
[1.775s] INFO:colcon.colcon_core.shell:Creating package script '/home/bartosz-babi-ski/Hexapod_git4/Hexapod/simulation/ros2_ws_hex/install/hex_gz/share/hex_gz/package.ps1'
[1.775s] INFO:colcon.colcon_core.shell:Creating package descriptor '/home/bartosz-babi-ski/Hexapod_git4/Hexapod/simulation/ros2_ws_hex/install/hex_gz/share/hex_gz/package.dsv'
[1.775s] INFO:colcon.colcon_core.shell:Creating package script '/home/bartosz-babi-ski/Hexapod_git4/Hexapod/simulation/ros2_ws_hex/install/hex_gz/share/hex_gz/package.sh'
[1.776s] INFO:colcon.colcon_core.shell:Creating package script '/home/bartosz-babi-ski/Hexapod_git4/Hexapod/simulation/ros2_ws_hex/install/hex_gz/share/hex_gz/package.bash'
[1.776s] INFO:colcon.colcon_core.shell:Creating package script '/home/bartosz-babi-ski/Hexapod_git4/Hexapod/simulation/ros2_ws_hex/install/hex_gz/share/hex_gz/package.zsh'
[1.776s] Level 1:colcon.colcon_core.environment:create_file_with_runtime_dependencies(/home/bartosz-babi-ski/Hexapod_git4/Hexapod/simulation/ros2_ws_hex/install/hex_gz/share/colcon-core/packages/hex_gz)
[1.776s] Level 1:colcon.colcon_core.environment:create_environment_scripts_only(hex_gz)
[1.776s] Level 1:colcon.colcon_core.environment:checking '/home/bartosz-babi-ski/Hexapod_git4/Hexapod/simulation/ros2_ws_hex/install/hex_gz' for CMake module files
[1.777s] Level 1:colcon.colcon_core.environment:checking '/home/bartosz-babi-ski/Hexapod_git4/Hexapod/simulation/ros2_ws_hex/install/hex_gz' for CMake config files
[1.777s] Level 1:colcon.colcon_core.shell:create_environment_hook('hex_gz', 'cmake_prefix_path')
[1.777s] INFO:colcon.colcon_core.shell:Creating environment hook '/home/bartosz-babi-ski/Hexapod_git4/Hexapod/simulation/ros2_ws_hex/install/hex_gz/share/hex_gz/hook/cmake_prefix_path.ps1'
[1.777s] INFO:colcon.colcon_core.shell:Creating environment descriptor '/home/bartosz-babi-ski/Hexapod_git4/Hexapod/simulation/ros2_ws_hex/install/hex_gz/share/hex_gz/hook/cmake_prefix_path.dsv'
[1.777s] INFO:colcon.colcon_core.shell:Creating environment hook '/home/bartosz-babi-ski/Hexapod_git4/Hexapod/simulation/ros2_ws_hex/install/hex_gz/share/hex_gz/hook/cmake_prefix_path.sh'
[1.778s] Level 1:colcon.colcon_core.environment:checking '/home/bartosz-babi-ski/Hexapod_git4/Hexapod/simulation/ros2_ws_hex/install/hex_gz/lib'
[1.778s] Level 1:colcon.colcon_core.environment:checking '/home/bartosz-babi-ski/Hexapod_git4/Hexapod/simulation/ros2_ws_hex/install/hex_gz/bin'
[1.778s] Level 1:colcon.colcon_core.environment:checking '/home/bartosz-babi-ski/Hexapod_git4/Hexapod/simulation/ros2_ws_hex/install/hex_gz/lib/pkgconfig/hex_gz.pc'
[1.778s] Level 1:colcon.colcon_core.environment:checking '/home/bartosz-babi-ski/Hexapod_git4/Hexapod/simulation/ros2_ws_hex/install/hex_gz/lib/python3.12/site-packages'
[1.778s] Level 1:colcon.colcon_core.environment:checking '/home/bartosz-babi-ski/Hexapod_git4/Hexapod/simulation/ros2_ws_hex/install/hex_gz/bin'
[1.778s] INFO:colcon.colcon_core.shell:Creating package script '/home/bartosz-babi-ski/Hexapod_git4/Hexapod/simulation/ros2_ws_hex/install/hex_gz/share/hex_gz/package.ps1'
[1.778s] INFO:colcon.colcon_core.shell:Creating package descriptor '/home/bartosz-babi-ski/Hexapod_git4/Hexapod/simulation/ros2_ws_hex/install/hex_gz/share/hex_gz/package.dsv'
[1.779s] INFO:colcon.colcon_core.shell:Creating package script '/home/bartosz-babi-ski/Hexapod_git4/Hexapod/simulation/ros2_ws_hex/install/hex_gz/share/hex_gz/package.sh'
[1.779s] INFO:colcon.colcon_core.shell:Creating package script '/home/bartosz-babi-ski/Hexapod_git4/Hexapod/simulation/ros2_ws_hex/install/hex_gz/share/hex_gz/package.bash'
[1.779s] INFO:colcon.colcon_core.shell:Creating package script '/home/bartosz-babi-ski/Hexapod_git4/Hexapod/simulation/ros2_ws_hex/install/hex_gz/share/hex_gz/package.zsh'
[1.779s] Level 1:colcon.colcon_core.environment:create_file_with_runtime_dependencies(/home/bartosz-babi-ski/Hexapod_git4/Hexapod/simulation/ros2_ws_hex/install/hex_gz/share/colcon-core/packages/hex_gz)
[6.394s] DEBUG:colcon.colcon_core.event_handler.log_command:Invoked command in '/home/bartosz-babi-ski/Hexapod_git4/Hexapod/simulation/ros2_ws_hex/build/om_spring_actuator_controller' returned '0': CMAKE_PREFIX_PATH=${CMAKE_PREFIX_PATH}:/opt/ros/jazzy DEBUGINFOD_URLS=https://debuginfod.ubuntu.com /usr/bin/cmake --build /home/bartosz-babi-ski/Hexapod_git4/Hexapod/simulation/ros2_ws_hex/build/om_spring_actuator_controller -- -j12 -l12
[6.395s] DEBUG:colcon.colcon_core.event_handler.log_command:Invoking command in '/home/bartosz-babi-ski/Hexapod_git4/Hexapod/simulation/ros2_ws_hex/build/om_spring_actuator_controller': CMAKE_PREFIX_PATH=${CMAKE_PREFIX_PATH}:/opt/ros/jazzy DEBUGINFOD_URLS=https://debuginfod.ubuntu.com /usr/bin/cmake --install /home/bartosz-babi-ski/Hexapod_git4/Hexapod/simulation/ros2_ws_hex/build/om_spring_actuator_controller
[6.406s] Level 1:colcon.colcon_core.environment:create_environment_scripts_only(om_spring_actuator_controller)
[6.406s] DEBUG:colcon.colcon_core.event_handler.log_command:Invoked command in '/home/bartosz-babi-ski/Hexapod_git4/Hexapod/simulation/ros2_ws_hex/build/om_spring_actuator_controller' returned '0': CMAKE_PREFIX_PATH=${CMAKE_PREFIX_PATH}:/opt/ros/jazzy DEBUGINFOD_URLS=https://debuginfod.ubuntu.com /usr/bin/cmake --install /home/bartosz-babi-ski/Hexapod_git4/Hexapod/simulation/ros2_ws_hex/build/om_spring_actuator_controller
[6.406s] Level 1:colcon.colcon_core.environment:checking '/home/bartosz-babi-ski/Hexapod_git4/Hexapod/simulation/ros2_ws_hex/install/om_spring_actuator_controller' for CMake module files
[6.407s] Level 1:colcon.colcon_core.environment:checking '/home/bartosz-babi-ski/Hexapod_git4/Hexapod/simulation/ros2_ws_hex/install/om_spring_actuator_controller' for CMake config files
[6.407s] Level 1:colcon.colcon_core.shell:create_environment_hook('om_spring_actuator_controller', 'cmake_prefix_path')
[6.407s] INFO:colcon.colcon_core.shell:Creating environment hook '/home/bartosz-babi-ski/Hexapod_git4/Hexapod/simulation/ros2_ws_hex/install/om_spring_actuator_controller/share/om_spring_actuator_controller/hook/cmake_prefix_path.ps1'
[6.408s] INFO:colcon.colcon_core.shell:Creating environment descriptor '/home/bartosz-babi-ski/Hexapod_git4/Hexapod/simulation/ros2_ws_hex/install/om_spring_actuator_controller/share/om_spring_actuator_controller/hook/cmake_prefix_path.dsv'
[6.408s] INFO:colcon.colcon_core.shell:Creating environment hook '/home/bartosz-babi-ski/Hexapod_git4/Hexapod/simulation/ros2_ws_hex/install/om_spring_actuator_controller/share/om_spring_actuator_controller/hook/cmake_prefix_path.sh'
[6.409s] Level 1:colcon.colcon_core.environment:checking '/home/bartosz-babi-ski/Hexapod_git4/Hexapod/simulation/ros2_ws_hex/install/om_spring_actuator_controller/lib'
[6.409s] Level 1:colcon.colcon_core.shell:create_environment_hook('om_spring_actuator_controller', 'ld_library_path_lib')
[6.409s] INFO:colcon.colcon_core.shell:Creating environment hook '/home/bartosz-babi-ski/Hexapod_git4/Hexapod/simulation/ros2_ws_hex/install/om_spring_actuator_controller/share/om_spring_actuator_controller/hook/ld_library_path_lib.ps1'
[6.410s] INFO:colcon.colcon_core.shell:Creating environment descriptor '/home/bartosz-babi-ski/Hexapod_git4/Hexapod/simulation/ros2_ws_hex/install/om_spring_actuator_controller/share/om_spring_actuator_controller/hook/ld_library_path_lib.dsv'
[6.410s] INFO:colcon.colcon_core.shell:Creating environment hook '/home/bartosz-babi-ski/Hexapod_git4/Hexapod/simulation/ros2_ws_hex/install/om_spring_actuator_controller/share/om_spring_actuator_controller/hook/ld_library_path_lib.sh'
[6.410s] Level 1:colcon.colcon_core.environment:checking '/home/bartosz-babi-ski/Hexapod_git4/Hexapod/simulation/ros2_ws_hex/install/om_spring_actuator_controller/bin'
[6.410s] Level 1:colcon.colcon_core.environment:checking '/home/bartosz-babi-ski/Hexapod_git4/Hexapod/simulation/ros2_ws_hex/install/om_spring_actuator_controller/lib/pkgconfig/om_spring_actuator_controller.pc'
[6.411s] Level 1:colcon.colcon_core.environment:checking '/home/bartosz-babi-ski/Hexapod_git4/Hexapod/simulation/ros2_ws_hex/install/om_spring_actuator_controller/lib/python3.12/site-packages'
[6.411s] Level 1:colcon.colcon_core.environment:checking '/home/bartosz-babi-ski/Hexapod_git4/Hexapod/simulation/ros2_ws_hex/install/om_spring_actuator_controller/bin'
[6.411s] INFO:colcon.colcon_core.shell:Creating package script '/home/bartosz-babi-ski/Hexapod_git4/Hexapod/simulation/ros2_ws_hex/install/om_spring_actuator_controller/share/om_spring_actuator_controller/package.ps1'
[6.412s] INFO:colcon.colcon_core.shell:Creating package descriptor '/home/bartosz-babi-ski/Hexapod_git4/Hexapod/simulation/ros2_ws_hex/install/om_spring_actuator_controller/share/om_spring_actuator_controller/package.dsv'
[6.412s] INFO:colcon.colcon_core.shell:Creating package script '/home/bartosz-babi-ski/Hexapod_git4/Hexapod/simulation/ros2_ws_hex/install/om_spring_actuator_controller/share/om_spring_actuator_controller/package.sh'
[6.413s] INFO:colcon.colcon_core.shell:Creating package script '/home/bartosz-babi-ski/Hexapod_git4/Hexapod/simulation/ros2_ws_hex/install/om_spring_actuator_controller/share/om_spring_actuator_controller/package.bash'
[6.413s] INFO:colcon.colcon_core.shell:Creating package script '/home/bartosz-babi-ski/Hexapod_git4/Hexapod/simulation/ros2_ws_hex/install/om_spring_actuator_controller/share/om_spring_actuator_controller/package.zsh'
[6.414s] Level 1:colcon.colcon_core.environment:create_file_with_runtime_dependencies(/home/bartosz-babi-ski/Hexapod_git4/Hexapod/simulation/ros2_ws_hex/install/om_spring_actuator_controller/share/colcon-core/packages/om_spring_actuator_controller)
[6.414s] Level 1:colcon.colcon_core.environment:create_environment_scripts_only(om_spring_actuator_controller)
[6.414s] Level 1:colcon.colcon_core.environment:checking '/home/bartosz-babi-ski/Hexapod_git4/Hexapod/simulation/ros2_ws_hex/install/om_spring_actuator_controller' for CMake module files
[6.415s] Level 1:colcon.colcon_core.environment:checking '/home/bartosz-babi-ski/Hexapod_git4/Hexapod/simulation/ros2_ws_hex/install/om_spring_actuator_controller' for CMake config files
[6.415s] Level 1:colcon.colcon_core.shell:create_environment_hook('om_spring_actuator_controller', 'cmake_prefix_path')
[6.416s] INFO:colcon.colcon_core.shell:Creating environment hook '/home/bartosz-babi-ski/Hexapod_git4/Hexapod/simulation/ros2_ws_hex/install/om_spring_actuator_controller/share/om_spring_actuator_controller/hook/cmake_prefix_path.ps1'
[6.416s] INFO:colcon.colcon_core.shell:Creating environment descriptor '/home/bartosz-babi-ski/Hexapod_git4/Hexapod/simulation/ros2_ws_hex/install/om_spring_actuator_controller/share/om_spring_actuator_controller/hook/cmake_prefix_path.dsv'
[6.416s] INFO:colcon.colcon_core.shell:Creating environment hook '/home/bartosz-babi-ski/Hexapod_git4/Hexapod/simulation/ros2_ws_hex/install/om_spring_actuator_controller/share/om_spring_actuator_controller/hook/cmake_prefix_path.sh'
[6.417s] Level 1:colcon.colcon_core.environment:checking '/home/bartosz-babi-ski/Hexapod_git4/Hexapod/simulation/ros2_ws_hex/install/om_spring_actuator_controller/lib'
[6.417s] Level 1:colcon.colcon_core.shell:create_environment_hook('om_spring_actuator_controller', 'ld_library_path_lib')
[6.417s] INFO:colcon.colcon_core.shell:Creating environment hook '/home/bartosz-babi-ski/Hexapod_git4/Hexapod/simulation/ros2_ws_hex/install/om_spring_actuator_controller/share/om_spring_actuator_controller/hook/ld_library_path_lib.ps1'
[6.418s] INFO:colcon.colcon_core.shell:Creating environment descriptor '/home/bartosz-babi-ski/Hexapod_git4/Hexapod/simulation/ros2_ws_hex/install/om_spring_actuator_controller/share/om_spring_actuator_controller/hook/ld_library_path_lib.dsv'
[6.418s] INFO:colcon.colcon_core.shell:Creating environment hook '/home/bartosz-babi-ski/Hexapod_git4/Hexapod/simulation/ros2_ws_hex/install/om_spring_actuator_controller/share/om_spring_actuator_controller/hook/ld_library_path_lib.sh'
[6.418s] Level 1:colcon.colcon_core.environment:checking '/home/bartosz-babi-ski/Hexapod_git4/Hexapod/simulation/ros2_ws_hex/install/om_spring_actuator_controller/bin'
[6.418s] Level 1:colcon.colcon_core.environment:checking '/home/bartosz-babi-ski/Hexapod_git4/Hexapod/simulation/ros2_ws_hex/install/om_spring_actuator_controller/lib/pkgconfig/om_spring_actuator_controller.pc'
[6.419s] Level 1:colcon.colcon_core.environment:checking '/home/bartosz-babi-ski/Hexapod_git4/Hexapod/simulation/ros2_ws_hex/install/om_spring_actuator_controller/lib/python3.12/site-packages'
[6.419s] Level 1:colcon.colcon_core.environment:checking '/home/bartosz-babi-ski/Hexapod_git4/Hexapod/simulation/ros2_ws_hex/install/om_spring_actuator_controller/bin'
[6.419s] INFO:colcon.colcon_core.shell:Creating package script '/home/bartosz-babi-ski/Hexapod_git4/Hexapod/simulation/ros2_ws_hex/install/om_spring_actuator_controller/share/om_spring_actuator_controller/package.ps1'
[6.420s] INFO:colcon.colcon_core.shell:Creating package descriptor '/home/bartosz-babi-ski/Hexapod_git4/Hexapod/simulation/ros2_ws_hex/install/om_spring_actuator_controller/share/om_spring_actuator_controller/package.dsv'
[6.420s] INFO:colcon.colcon_core.shell:Creating package script '/home/bartosz-babi-ski/Hexapod_git4/Hexapod/simulation/ros2_ws_hex/install/om_spring_actuator_controller/share/om_spring_actuator_controller/package.sh'
[6.421s] INFO:colcon.colcon_core.shell:Creating package script '/home/bartosz-babi-ski/Hexapod_git4/Hexapod/simulation/ros2_ws_hex/install/om_spring_actuator_controller/share/om_spring_actuator_controller/package.bash'
[6.421s] INFO:colcon.colcon_core.shell:Creating package script '/home/bartosz-babi-ski/Hexapod_git4/Hexapod/simulation/ros2_ws_hex/install/om_spring_actuator_controller/share/om_spring_actuator_controller/package.zsh'
[6.421s] Level 1:colcon.colcon_core.environment:create_file_with_runtime_dependencies(/home/bartosz-babi-ski/Hexapod_git4/Hexapod/simulation/ros2_ws_hex/install/om_spring_actuator_controller/share/colcon-core/packages/om_spring_actuator_controller)
[6.487s] DEBUG:colcon.colcon_core.event_handler.log_command:Invoked command in '/home/bartosz-babi-ski/Hexapod_git4/Hexapod/simulation/ros2_ws_hex/build/om_gravity_compensation_controller' returned '0': CMAKE_PREFIX_PATH=${CMAKE_PREFIX_PATH}:/opt/ros/jazzy DEBUGINFOD_URLS=https://debuginfod.ubuntu.com /usr/bin/cmake --build /home/bartosz-babi-ski/Hexapod_git4/Hexapod/simulation/ros2_ws_hex/build/om_gravity_compensation_controller -- -j12 -l12
[6.488s] DEBUG:colcon.colcon_core.event_handler.log_command:Invoking command in '/home/bartosz-babi-ski/Hexapod_git4/Hexapod/simulation/ros2_ws_hex/build/om_gravity_compensation_controller': CMAKE_PREFIX_PATH=${CMAKE_PREFIX_PATH}:/opt/ros/jazzy DEBUGINFOD_URLS=https://debuginfod.ubuntu.com /usr/bin/cmake --install /home/bartosz-babi-ski/Hexapod_git4/Hexapod/simulation/ros2_ws_hex/build/om_gravity_compensation_controller
[6.498s] Level 1:colcon.colcon_core.environment:create_environment_scripts_only(om_gravity_compensation_controller)
[6.498s] Level 1:colcon.colcon_core.environment:checking '/home/bartosz-babi-ski/Hexapod_git4/Hexapod/simulation/ros2_ws_hex/install/om_gravity_compensation_controller' for CMake module files
[6.498s] DEBUG:colcon.colcon_core.event_handler.log_command:Invoked command in '/home/bartosz-babi-ski/Hexapod_git4/Hexapod/simulation/ros2_ws_hex/build/om_gravity_compensation_controller' returned '0': CMAKE_PREFIX_PATH=${CMAKE_PREFIX_PATH}:/opt/ros/jazzy DEBUGINFOD_URLS=https://debuginfod.ubuntu.com /usr/bin/cmake --install /home/bartosz-babi-ski/Hexapod_git4/Hexapod/simulation/ros2_ws_hex/build/om_gravity_compensation_controller
[6.499s] Level 1:colcon.colcon_core.environment:checking '/home/bartosz-babi-ski/Hexapod_git4/Hexapod/simulation/ros2_ws_hex/install/om_gravity_compensation_controller' for CMake config files
[6.499s] Level 1:colcon.colcon_core.shell:create_environment_hook('om_gravity_compensation_controller', 'cmake_prefix_path')
[6.499s] INFO:colcon.colcon_core.shell:Creating environment hook '/home/bartosz-babi-ski/Hexapod_git4/Hexapod/simulation/ros2_ws_hex/install/om_gravity_compensation_controller/share/om_gravity_compensation_controller/hook/cmake_prefix_path.ps1'
[6.499s] INFO:colcon.colcon_core.shell:Creating environment descriptor '/home/bartosz-babi-ski/Hexapod_git4/Hexapod/simulation/ros2_ws_hex/install/om_gravity_compensation_controller/share/om_gravity_compensation_controller/hook/cmake_prefix_path.dsv'
[6.499s] INFO:colcon.colcon_core.shell:Creating environment hook '/home/bartosz-babi-ski/Hexapod_git4/Hexapod/simulation/ros2_ws_hex/install/om_gravity_compensation_controller/share/om_gravity_compensation_controller/hook/cmake_prefix_path.sh'
[6.500s] Level 1:colcon.colcon_core.environment:checking '/home/bartosz-babi-ski/Hexapod_git4/Hexapod/simulation/ros2_ws_hex/install/om_gravity_compensation_controller/lib'
[6.500s] Level 1:colcon.colcon_core.shell:create_environment_hook('om_gravity_compensation_controller', 'ld_library_path_lib')
[6.500s] INFO:colcon.colcon_core.shell:Creating environment hook '/home/bartosz-babi-ski/Hexapod_git4/Hexapod/simulation/ros2_ws_hex/install/om_gravity_compensation_controller/share/om_gravity_compensation_controller/hook/ld_library_path_lib.ps1'
[6.500s] INFO:colcon.colcon_core.shell:Creating environment descriptor '/home/bartosz-babi-ski/Hexapod_git4/Hexapod/simulation/ros2_ws_hex/install/om_gravity_compensation_controller/share/om_gravity_compensation_controller/hook/ld_library_path_lib.dsv'
[6.500s] INFO:colcon.colcon_core.shell:Creating environment hook '/home/bartosz-babi-ski/Hexapod_git4/Hexapod/simulation/ros2_ws_hex/install/om_gravity_compensation_controller/share/om_gravity_compensation_controller/hook/ld_library_path_lib.sh'
[6.501s] Level 1:colcon.colcon_core.environment:checking '/home/bartosz-babi-ski/Hexapod_git4/Hexapod/simulation/ros2_ws_hex/install/om_gravity_compensation_controller/bin'
[6.501s] Level 1:colcon.colcon_core.environment:checking '/home/bartosz-babi-ski/Hexapod_git4/Hexapod/simulation/ros2_ws_hex/install/om_gravity_compensation_controller/lib/pkgconfig/om_gravity_compensation_controller.pc'
[6.501s] Level 1:colcon.colcon_core.environment:checking '/home/bartosz-babi-ski/Hexapod_git4/Hexapod/simulation/ros2_ws_hex/install/om_gravity_compensation_controller/lib/python3.12/site-packages'
[6.501s] Level 1:colcon.colcon_core.environment:checking '/home/bartosz-babi-ski/Hexapod_git4/Hexapod/simulation/ros2_ws_hex/install/om_gravity_compensation_controller/bin'
[6.501s] INFO:colcon.colcon_core.shell:Creating package script '/home/bartosz-babi-ski/Hexapod_git4/Hexapod/simulation/ros2_ws_hex/install/om_gravity_compensation_controller/share/om_gravity_compensation_controller/package.ps1'
[6.501s] INFO:colcon.colcon_core.shell:Creating package descriptor '/home/bartosz-babi-ski/Hexapod_git4/Hexapod/simulation/ros2_ws_hex/install/om_gravity_compensation_controller/share/om_gravity_compensation_controller/package.dsv'
[6.502s] INFO:colcon.colcon_core.shell:Creating package script '/home/bartosz-babi-ski/Hexapod_git4/Hexapod/simulation/ros2_ws_hex/install/om_gravity_compensation_controller/share/om_gravity_compensation_controller/package.sh'
[6.502s] INFO:colcon.colcon_core.shell:Creating package script '/home/bartosz-babi-ski/Hexapod_git4/Hexapod/simulation/ros2_ws_hex/install/om_gravity_compensation_controller/share/om_gravity_compensation_controller/package.bash'
[6.502s] INFO:colcon.colcon_core.shell:Creating package script '/home/bartosz-babi-ski/Hexapod_git4/Hexapod/simulation/ros2_ws_hex/install/om_gravity_compensation_controller/share/om_gravity_compensation_controller/package.zsh'
[6.502s] Level 1:colcon.colcon_core.environment:create_file_with_runtime_dependencies(/home/bartosz-babi-ski/Hexapod_git4/Hexapod/simulation/ros2_ws_hex/install/om_gravity_compensation_controller/share/colcon-core/packages/om_gravity_compensation_controller)
[6.503s] Level 1:colcon.colcon_core.environment:create_environment_scripts_only(om_gravity_compensation_controller)
[6.503s] Level 1:colcon.colcon_core.environment:checking '/home/bartosz-babi-ski/Hexapod_git4/Hexapod/simulation/ros2_ws_hex/install/om_gravity_compensation_controller' for CMake module files
[6.503s] Level 1:colcon.colcon_core.environment:checking '/home/bartosz-babi-ski/Hexapod_git4/Hexapod/simulation/ros2_ws_hex/install/om_gravity_compensation_controller' for CMake config files
[6.503s] Level 1:colcon.colcon_core.shell:create_environment_hook('om_gravity_compensation_controller', 'cmake_prefix_path')
[6.503s] INFO:colcon.colcon_core.shell:Creating environment hook '/home/bartosz-babi-ski/Hexapod_git4/Hexapod/simulation/ros2_ws_hex/install/om_gravity_compensation_controller/share/om_gravity_compensation_controller/hook/cmake_prefix_path.ps1'
[6.503s] INFO:colcon.colcon_core.shell:Creating environment descriptor '/home/bartosz-babi-ski/Hexapod_git4/Hexapod/simulation/ros2_ws_hex/install/om_gravity_compensation_controller/share/om_gravity_compensation_controller/hook/cmake_prefix_path.dsv'
[6.504s] INFO:colcon.colcon_core.shell:Creating environment hook '/home/bartosz-babi-ski/Hexapod_git4/Hexapod/simulation/ros2_ws_hex/install/om_gravity_compensation_controller/share/om_gravity_compensation_controller/hook/cmake_prefix_path.sh'
[6.504s] Level 1:colcon.colcon_core.environment:checking '/home/bartosz-babi-ski/Hexapod_git4/Hexapod/simulation/ros2_ws_hex/install/om_gravity_compensation_controller/lib'
[6.504s] Level 1:colcon.colcon_core.shell:create_environment_hook('om_gravity_compensation_controller', 'ld_library_path_lib')
[6.504s] INFO:colcon.colcon_core.shell:Creating environment hook '/home/bartosz-babi-ski/Hexapod_git4/Hexapod/simulation/ros2_ws_hex/install/om_gravity_compensation_controller/share/om_gravity_compensation_controller/hook/ld_library_path_lib.ps1'
[6.504s] INFO:colcon.colcon_core.shell:Creating environment descriptor '/home/bartosz-babi-ski/Hexapod_git4/Hexapod/simulation/ros2_ws_hex/install/om_gravity_compensation_controller/share/om_gravity_compensation_controller/hook/ld_library_path_lib.dsv'
[6.505s] INFO:colcon.colcon_core.shell:Creating environment hook '/home/bartosz-babi-ski/Hexapod_git4/Hexapod/simulation/ros2_ws_hex/install/om_gravity_compensation_controller/share/om_gravity_compensation_controller/hook/ld_library_path_lib.sh'
[6.505s] Level 1:colcon.colcon_core.environment:checking '/home/bartosz-babi-ski/Hexapod_git4/Hexapod/simulation/ros2_ws_hex/install/om_gravity_compensation_controller/bin'
[6.505s] Level 1:colcon.colcon_core.environment:checking '/home/bartosz-babi-ski/Hexapod_git4/Hexapod/simulation/ros2_ws_hex/install/om_gravity_compensation_controller/lib/pkgconfig/om_gravity_compensation_controller.pc'
[6.505s] Level 1:colcon.colcon_core.environment:checking '/home/bartosz-babi-ski/Hexapod_git4/Hexapod/simulation/ros2_ws_hex/install/om_gravity_compensation_controller/lib/python3.12/site-packages'
[6.505s] Level 1:colcon.colcon_core.environment:checking '/home/bartosz-babi-ski/Hexapod_git4/Hexapod/simulation/ros2_ws_hex/install/om_gravity_compensation_controller/bin'
[6.505s] INFO:colcon.colcon_core.shell:Creating package script '/home/bartosz-babi-ski/Hexapod_git4/Hexapod/simulation/ros2_ws_hex/install/om_gravity_compensation_controller/share/om_gravity_compensation_controller/package.ps1'
[6.506s] INFO:colcon.colcon_core.shell:Creating package descriptor '/home/bartosz-babi-ski/Hexapod_git4/Hexapod/simulation/ros2_ws_hex/install/om_gravity_compensation_controller/share/om_gravity_compensation_controller/package.dsv'
[6.506s] INFO:colcon.colcon_core.shell:Creating package script '/home/bartosz-babi-ski/Hexapod_git4/Hexapod/simulation/ros2_ws_hex/install/om_gravity_compensation_controller/share/om_gravity_compensation_controller/package.sh'
[6.516s] INFO:colcon.colcon_core.shell:Creating package script '/home/bartosz-babi-ski/Hexapod_git4/Hexapod/simulation/ros2_ws_hex/install/om_gravity_compensation_controller/share/om_gravity_compensation_controller/package.bash'
[6.516s] INFO:colcon.colcon_core.shell:Creating package script '/home/bartosz-babi-ski/Hexapod_git4/Hexapod/simulation/ros2_ws_hex/install/om_gravity_compensation_controller/share/om_gravity_compensation_controller/package.zsh'
[6.516s] Level 1:colcon.colcon_core.environment:create_file_with_runtime_dependencies(/home/bartosz-babi-ski/Hexapod_git4/Hexapod/simulation/ros2_ws_hex/install/om_gravity_compensation_controller/share/colcon-core/packages/om_gravity_compensation_controller)
[7.140s] DEBUG:colcon.colcon_core.event_handler.log_command:Invoked command in '/home/bartosz-babi-ski/Hexapod_git4/Hexapod/simulation/ros2_ws_hex/build/om_joint_trajectory_command_broadcaster' returned '0': CMAKE_PREFIX_PATH=${CMAKE_PREFIX_PATH}:/opt/ros/jazzy DEBUGINFOD_URLS=https://debuginfod.ubuntu.com /usr/bin/cmake --build /home/bartosz-babi-ski/Hexapod_git4/Hexapod/simulation/ros2_ws_hex/build/om_joint_trajectory_command_broadcaster -- -j12 -l12
[7.140s] DEBUG:colcon.colcon_core.event_handler.log_command:Invoking command in '/home/bartosz-babi-ski/Hexapod_git4/Hexapod/simulation/ros2_ws_hex/build/om_joint_trajectory_command_broadcaster': CMAKE_PREFIX_PATH=${CMAKE_PREFIX_PATH}:/opt/ros/jazzy DEBUGINFOD_URLS=https://debuginfod.ubuntu.com /usr/bin/cmake --install /home/bartosz-babi-ski/Hexapod_git4/Hexapod/simulation/ros2_ws_hex/build/om_joint_trajectory_command_broadcaster
[7.152s] Level 1:colcon.colcon_core.environment:create_environment_scripts_only(om_joint_trajectory_command_broadcaster)
[7.152s] Level 1:colcon.colcon_core.environment:checking '/home/bartosz-babi-ski/Hexapod_git4/Hexapod/simulation/ros2_ws_hex/install/om_joint_trajectory_command_broadcaster' for CMake module files
[7.152s] DEBUG:colcon.colcon_core.event_handler.log_command:Invoked command in '/home/bartosz-babi-ski/Hexapod_git4/Hexapod/simulation/ros2_ws_hex/build/om_joint_trajectory_command_broadcaster' returned '0': CMAKE_PREFIX_PATH=${CMAKE_PREFIX_PATH}:/opt/ros/jazzy DEBUGINFOD_URLS=https://debuginfod.ubuntu.com /usr/bin/cmake --install /home/bartosz-babi-ski/Hexapod_git4/Hexapod/simulation/ros2_ws_hex/build/om_joint_trajectory_command_broadcaster
[7.152s] Level 1:colcon.colcon_core.environment:checking '/home/bartosz-babi-ski/Hexapod_git4/Hexapod/simulation/ros2_ws_hex/install/om_joint_trajectory_command_broadcaster' for CMake config files
[7.153s] Level 1:colcon.colcon_core.shell:create_environment_hook('om_joint_trajectory_command_broadcaster', 'cmake_prefix_path')
[7.153s] INFO:colcon.colcon_core.shell:Creating environment hook '/home/bartosz-babi-ski/Hexapod_git4/Hexapod/simulation/ros2_ws_hex/install/om_joint_trajectory_command_broadcaster/share/om_joint_trajectory_command_broadcaster/hook/cmake_prefix_path.ps1'
[7.153s] INFO:colcon.colcon_core.shell:Creating environment descriptor '/home/bartosz-babi-ski/Hexapod_git4/Hexapod/simulation/ros2_ws_hex/install/om_joint_trajectory_command_broadcaster/share/om_joint_trajectory_command_broadcaster/hook/cmake_prefix_path.dsv'
[7.153s] INFO:colcon.colcon_core.shell:Creating environment hook '/home/bartosz-babi-ski/Hexapod_git4/Hexapod/simulation/ros2_ws_hex/install/om_joint_trajectory_command_broadcaster/share/om_joint_trajectory_command_broadcaster/hook/cmake_prefix_path.sh'
[7.154s] Level 1:colcon.colcon_core.environment:checking '/home/bartosz-babi-ski/Hexapod_git4/Hexapod/simulation/ros2_ws_hex/install/om_joint_trajectory_command_broadcaster/lib'
[7.154s] Level 1:colcon.colcon_core.shell:create_environment_hook('om_joint_trajectory_command_broadcaster', 'ld_library_path_lib')
[7.154s] INFO:colcon.colcon_core.shell:Creating environment hook '/home/bartosz-babi-ski/Hexapod_git4/Hexapod/simulation/ros2_ws_hex/install/om_joint_trajectory_command_broadcaster/share/om_joint_trajectory_command_broadcaster/hook/ld_library_path_lib.ps1'
[7.154s] INFO:colcon.colcon_core.shell:Creating environment descriptor '/home/bartosz-babi-ski/Hexapod_git4/Hexapod/simulation/ros2_ws_hex/install/om_joint_trajectory_command_broadcaster/share/om_joint_trajectory_command_broadcaster/hook/ld_library_path_lib.dsv'
[7.154s] INFO:colcon.colcon_core.shell:Creating environment hook '/home/bartosz-babi-ski/Hexapod_git4/Hexapod/simulation/ros2_ws_hex/install/om_joint_trajectory_command_broadcaster/share/om_joint_trajectory_command_broadcaster/hook/ld_library_path_lib.sh'
[7.154s] Level 1:colcon.colcon_core.environment:checking '/home/bartosz-babi-ski/Hexapod_git4/Hexapod/simulation/ros2_ws_hex/install/om_joint_trajectory_command_broadcaster/bin'
[7.154s] Level 1:colcon.colcon_core.environment:checking '/home/bartosz-babi-ski/Hexapod_git4/Hexapod/simulation/ros2_ws_hex/install/om_joint_trajectory_command_broadcaster/lib/pkgconfig/om_joint_trajectory_command_broadcaster.pc'
[7.154s] Level 1:colcon.colcon_core.environment:checking '/home/bartosz-babi-ski/Hexapod_git4/Hexapod/simulation/ros2_ws_hex/install/om_joint_trajectory_command_broadcaster/lib/python3.12/site-packages'
[7.155s] Level 1:colcon.colcon_core.environment:checking '/home/bartosz-babi-ski/Hexapod_git4/Hexapod/simulation/ros2_ws_hex/install/om_joint_trajectory_command_broadcaster/bin'
[7.155s] INFO:colcon.colcon_core.shell:Creating package script '/home/bartosz-babi-ski/Hexapod_git4/Hexapod/simulation/ros2_ws_hex/install/om_joint_trajectory_command_broadcaster/share/om_joint_trajectory_command_broadcaster/package.ps1'
[7.155s] INFO:colcon.colcon_core.shell:Creating package descriptor '/home/bartosz-babi-ski/Hexapod_git4/Hexapod/simulation/ros2_ws_hex/install/om_joint_trajectory_command_broadcaster/share/om_joint_trajectory_command_broadcaster/package.dsv'
[7.155s] INFO:colcon.colcon_core.shell:Creating package script '/home/bartosz-babi-ski/Hexapod_git4/Hexapod/simulation/ros2_ws_hex/install/om_joint_trajectory_command_broadcaster/share/om_joint_trajectory_command_broadcaster/package.sh'
[7.156s] INFO:colcon.colcon_core.shell:Creating package script '/home/bartosz-babi-ski/Hexapod_git4/Hexapod/simulation/ros2_ws_hex/install/om_joint_trajectory_command_broadcaster/share/om_joint_trajectory_command_broadcaster/package.bash'
[7.156s] INFO:colcon.colcon_core.shell:Creating package script '/home/bartosz-babi-ski/Hexapod_git4/Hexapod/simulation/ros2_ws_hex/install/om_joint_trajectory_command_broadcaster/share/om_joint_trajectory_command_broadcaster/package.zsh'
[7.156s] Level 1:colcon.colcon_core.environment:create_file_with_runtime_dependencies(/home/bartosz-babi-ski/Hexapod_git4/Hexapod/simulation/ros2_ws_hex/install/om_joint_trajectory_command_broadcaster/share/colcon-core/packages/om_joint_trajectory_command_broadcaster)
[7.156s] Level 1:colcon.colcon_core.environment:create_environment_scripts_only(om_joint_trajectory_command_broadcaster)
[7.156s] Level 1:colcon.colcon_core.environment:checking '/home/bartosz-babi-ski/Hexapod_git4/Hexapod/simulation/ros2_ws_hex/install/om_joint_trajectory_command_broadcaster' for CMake module files
[7.157s] Level 1:colcon.colcon_core.environment:checking '/home/bartosz-babi-ski/Hexapod_git4/Hexapod/simulation/ros2_ws_hex/install/om_joint_trajectory_command_broadcaster' for CMake config files
[7.157s] Level 1:colcon.colcon_core.shell:create_environment_hook('om_joint_trajectory_command_broadcaster', 'cmake_prefix_path')
[7.157s] INFO:colcon.colcon_core.shell:Creating environment hook '/home/bartosz-babi-ski/Hexapod_git4/Hexapod/simulation/ros2_ws_hex/install/om_joint_trajectory_command_broadcaster/share/om_joint_trajectory_command_broadcaster/hook/cmake_prefix_path.ps1'
[7.157s] INFO:colcon.colcon_core.shell:Creating environment descriptor '/home/bartosz-babi-ski/Hexapod_git4/Hexapod/simulation/ros2_ws_hex/install/om_joint_trajectory_command_broadcaster/share/om_joint_trajectory_command_broadcaster/hook/cmake_prefix_path.dsv'
[7.157s] INFO:colcon.colcon_core.shell:Creating environment hook '/home/bartosz-babi-ski/Hexapod_git4/Hexapod/simulation/ros2_ws_hex/install/om_joint_trajectory_command_broadcaster/share/om_joint_trajectory_command_broadcaster/hook/cmake_prefix_path.sh'
[7.158s] Level 1:colcon.colcon_core.environment:checking '/home/bartosz-babi-ski/Hexapod_git4/Hexapod/simulation/ros2_ws_hex/install/om_joint_trajectory_command_broadcaster/lib'
[7.158s] Level 1:colcon.colcon_core.shell:create_environment_hook('om_joint_trajectory_command_broadcaster', 'ld_library_path_lib')
[7.158s] INFO:colcon.colcon_core.shell:Creating environment hook '/home/bartosz-babi-ski/Hexapod_git4/Hexapod/simulation/ros2_ws_hex/install/om_joint_trajectory_command_broadcaster/share/om_joint_trajectory_command_broadcaster/hook/ld_library_path_lib.ps1'
[7.158s] INFO:colcon.colcon_core.shell:Creating environment descriptor '/home/bartosz-babi-ski/Hexapod_git4/Hexapod/simulation/ros2_ws_hex/install/om_joint_trajectory_command_broadcaster/share/om_joint_trajectory_command_broadcaster/hook/ld_library_path_lib.dsv'
[7.158s] INFO:colcon.colcon_core.shell:Creating environment hook '/home/bartosz-babi-ski/Hexapod_git4/Hexapod/simulation/ros2_ws_hex/install/om_joint_trajectory_command_broadcaster/share/om_joint_trajectory_command_broadcaster/hook/ld_library_path_lib.sh'
[7.158s] Level 1:colcon.colcon_core.environment:checking '/home/bartosz-babi-ski/Hexapod_git4/Hexapod/simulation/ros2_ws_hex/install/om_joint_trajectory_command_broadcaster/bin'
[7.158s] Level 1:colcon.colcon_core.environment:checking '/home/bartosz-babi-ski/Hexapod_git4/Hexapod/simulation/ros2_ws_hex/install/om_joint_trajectory_command_broadcaster/lib/pkgconfig/om_joint_trajectory_command_broadcaster.pc'
[7.158s] Level 1:colcon.colcon_core.environment:checking '/home/bartosz-babi-ski/Hexapod_git4/Hexapod/simulation/ros2_ws_hex/install/om_joint_trajectory_command_broadcaster/lib/python3.12/site-packages'
[7.159s] Level 1:colcon.colcon_core.environment:checking '/home/bartosz-babi-ski/Hexapod_git4/Hexapod/simulation/ros2_ws_hex/install/om_joint_trajectory_command_broadcaster/bin'
[7.159s] INFO:colcon.colcon_core.shell:Creating package script '/home/bartosz-babi-ski/Hexapod_git4/Hexapod/simulation/ros2_ws_hex/install/om_joint_trajectory_command_broadcaster/share/om_joint_trajectory_command_broadcaster/package.ps1'
[7.159s] INFO:colcon.colcon_core.shell:Creating package descriptor '/home/bartosz-babi-ski/Hexapod_git4/Hexapod/simulation/ros2_ws_hex/install/om_joint_trajectory_command_broadcaster/share/om_joint_trajectory_command_broadcaster/package.dsv'
[7.159s] INFO:colcon.colcon_core.shell:Creating package script '/home/bartosz-babi-ski/Hexapod_git4/Hexapod/simulation/ros2_ws_hex/install/om_joint_trajectory_command_broadcaster/share/om_joint_trajectory_command_broadcaster/package.sh'
[7.160s] INFO:colcon.colcon_core.shell:Creating package script '/home/bartosz-babi-ski/Hexapod_git4/Hexapod/simulation/ros2_ws_hex/install/om_joint_trajectory_command_broadcaster/share/om_joint_trajectory_command_broadcaster/package.bash'
[7.160s] INFO:colcon.colcon_core.shell:Creating package script '/home/bartosz-babi-ski/Hexapod_git4/Hexapod/simulation/ros2_ws_hex/install/om_joint_trajectory_command_broadcaster/share/om_joint_trajectory_command_broadcaster/package.zsh'
[7.160s] Level 1:colcon.colcon_core.environment:create_file_with_runtime_dependencies(/home/bartosz-babi-ski/Hexapod_git4/Hexapod/simulation/ros2_ws_hex/install/om_joint_trajectory_command_broadcaster/share/colcon-core/packages/om_joint_trajectory_command_broadcaster)
[7.160s] INFO:colcon.colcon_ros.task.ament_cmake.build:Building ROS package in '/home/bartosz-babi-ski/Hexapod_git4/Hexapod/simulation/ros2_ws_hex/src/hexapod' with build type 'ament_cmake'
[7.160s] INFO:colcon.colcon_cmake.task.cmake.build:Building CMake package in '/home/bartosz-babi-ski/Hexapod_git4/Hexapod/simulation/ros2_ws_hex/src/hexapod'
[7.160s] INFO:colcon.colcon_core.shell:Skip shell extension 'powershell' for command environment: Not usable outside of PowerShell
[7.160s] DEBUG:colcon.colcon_core.shell:Skip shell extension 'dsv' for command environment
[7.172s] DEBUG:colcon.colcon_core.event_handler.log_command:Invoking command in '/home/bartosz-babi-ski/Hexapod_git4/Hexapod/simulation/ros2_ws_hex/build/hexapod': AMENT_PREFIX_PATH=/home/bartosz-babi-ski/Hexapod_git4/Hexapod/simulation/ros2_ws_hex/install/hex_gz:/home/bartosz-babi-ski/Hexapod_git4/Hexapod/simulation/ros2_ws_hex/install/om_spring_actuator_controller:/home/bartosz-babi-ski/Hexapod_git4/Hexapod/simulation/ros2_ws_hex/install/om_joint_trajectory_command_broadcaster:/home/bartosz-babi-ski/Hexapod_git4/Hexapod/simulation/ros2_ws_hex/install/om_gravity_compensation_controller:/home/bartosz-babi-ski/Hexapod_git4/Hexapod/simulation/ros2_ws_hex/install/hexapod_description:${AMENT_PREFIX_PATH} CMAKE_PREFIX_PATH=/home/bartosz-babi-ski/Hexapod_git4/Hexapod/simulation/ros2_ws_hex/install/hex_gz:/home/bartosz-babi-ski/Hexapod_git4/Hexapod/simulation/ros2_ws_hex/install/om_spring_actuator_controller:/home/bartosz-babi-ski/Hexapod_git4/Hexapod/simulation/ros2_ws_hex/install/om_joint_trajectory_command_broadcaster:/home/bartosz-babi-ski/Hexapod_git4/Hexapod/simulation/ros2_ws_hex/install/om_gravity_compensation_controller:/home/bartosz-babi-ski/Hexapod_git4/Hexapod/simulation/ros2_ws_hex/install/hexapod_description:/opt/ros/jazzy/opt/gz_launch_vendor:/opt/ros/jazzy/opt/gz_sim_vendor:/opt/ros/jazzy/opt/gz_sensors_vendor:/opt/ros/jazzy/opt/gz_physics_vendor:/opt/ros/jazzy/opt/sdformat_vendor:/opt/ros/jazzy/opt/gz_gui_vendor:/opt/ros/jazzy/opt/gz_transport_vendor:/opt/ros/jazzy/opt/gz_rendering_vendor:/opt/ros/jazzy/opt/gz_plugin_vendor:/opt/ros/jazzy/opt/gz_fuel_tools_vendor:/opt/ros/jazzy/opt/gz_msgs_vendor:/opt/ros/jazzy/opt/gz_common_vendor:/opt/ros/jazzy/opt/gz_math_vendor:/opt/ros/jazzy/opt/gz_utils_vendor:/opt/ros/jazzy/opt/gz_tools_vendor:/opt/ros/jazzy/opt/gz_ogre_next_vendor:/opt/ros/jazzy/opt/gz_dartsim_vendor:/opt/ros/jazzy/opt/gz_cmake_vendor:/opt/ros/jazzy DEBUGINFOD_URLS=https://debuginfod.ubuntu.com LD_LIBRARY_PATH=/home/bartosz-babi-ski/Hexapod_git4/Hexapod/simulation/ros2_ws_hex/install/om_spring_actuator_controller/lib:/home/bartosz-babi-ski/Hexapod_git4/Hexapod/simulation/ros2_ws_hex/install/om_joint_trajectory_command_broadcaster/lib:/home/bartosz-babi-ski/Hexapod_git4/Hexapod/simulation/ros2_ws_hex/install/om_gravity_compensation_controller/lib:${LD_LIBRARY_PATH} /usr/bin/cmake /home/bartosz-babi-ski/Hexapod_git4/Hexapod/simulation/ros2_ws_hex/src/hexapod -DCMAKE_INSTALL_PREFIX=/home/bartosz-babi-ski/Hexapod_git4/Hexapod/simulation/ros2_ws_hex/install/hexapod
[7.680s] DEBUG:colcon.colcon_core.event_handler.log_command:Invoked command in '/home/bartosz-babi-ski/Hexapod_git4/Hexapod/simulation/ros2_ws_hex/build/hexapod' returned '0': AMENT_PREFIX_PATH=/home/bartosz-babi-ski/Hexapod_git4/Hexapod/simulation/ros2_ws_hex/install/hex_gz:/home/bartosz-babi-ski/Hexapod_git4/Hexapod/simulation/ros2_ws_hex/install/om_spring_actuator_controller:/home/bartosz-babi-ski/Hexapod_git4/Hexapod/simulation/ros2_ws_hex/install/om_joint_trajectory_command_broadcaster:/home/bartosz-babi-ski/Hexapod_git4/Hexapod/simulation/ros2_ws_hex/install/om_gravity_compensation_controller:/home/bartosz-babi-ski/Hexapod_git4/Hexapod/simulation/ros2_ws_hex/install/hexapod_description:${AMENT_PREFIX_PATH} CMAKE_PREFIX_PATH=/home/bartosz-babi-ski/Hexapod_git4/Hexapod/simulation/ros2_ws_hex/install/hex_gz:/home/bartosz-babi-ski/Hexapod_git4/Hexapod/simulation/ros2_ws_hex/install/om_spring_actuator_controller:/home/bartosz-babi-ski/Hexapod_git4/Hexapod/simulation/ros2_ws_hex/install/om_joint_trajectory_command_broadcaster:/home/bartosz-babi-ski/Hexapod_git4/Hexapod/simulation/ros2_ws_hex/install/om_gravity_compensation_controller:/home/bartosz-babi-ski/Hexapod_git4/Hexapod/simulation/ros2_ws_hex/install/hexapod_description:/opt/ros/jazzy/opt/gz_launch_vendor:/opt/ros/jazzy/opt/gz_sim_vendor:/opt/ros/jazzy/opt/gz_sensors_vendor:/opt/ros/jazzy/opt/gz_physics_vendor:/opt/ros/jazzy/opt/sdformat_vendor:/opt/ros/jazzy/opt/gz_gui_vendor:/opt/ros/jazzy/opt/gz_transport_vendor:/opt/ros/jazzy/opt/gz_rendering_vendor:/opt/ros/jazzy/opt/gz_plugin_vendor:/opt/ros/jazzy/opt/gz_fuel_tools_vendor:/opt/ros/jazzy/opt/gz_msgs_vendor:/opt/ros/jazzy/opt/gz_common_vendor:/opt/ros/jazzy/opt/gz_math_vendor:/opt/ros/jazzy/opt/gz_utils_vendor:/opt/ros/jazzy/opt/gz_tools_vendor:/opt/ros/jazzy/opt/gz_ogre_next_vendor:/opt/ros/jazzy/opt/gz_dartsim_vendor:/opt/ros/jazzy/opt/gz_cmake_vendor:/opt/ros/jazzy DEBUGINFOD_URLS=https://debuginfod.ubuntu.com LD_LIBRARY_PATH=/home/bartosz-babi-ski/Hexapod_git4/Hexapod/simulation/ros2_ws_hex/install/om_spring_actuator_controller/lib:/home/bartosz-babi-ski/Hexapod_git4/Hexapod/simulation/ros2_ws_hex/install/om_joint_trajectory_command_broadcaster/lib:/home/bartosz-babi-ski/Hexapod_git4/Hexapod/simulation/ros2_ws_hex/install/om_gravity_compensation_controller/lib:${LD_LIBRARY_PATH} /usr/bin/cmake /home/bartosz-babi-ski/Hexapod_git4/Hexapod/simulation/ros2_ws_hex/src/hexapod -DCMAKE_INSTALL_PREFIX=/home/bartosz-babi-ski/Hexapod_git4/Hexapod/simulation/ros2_ws_hex/install/hexapod
[7.680s] DEBUG:colcon.colcon_core.event_handler.log_command:Invoking command in '/home/bartosz-babi-ski/Hexapod_git4/Hexapod/simulation/ros2_ws_hex/build/hexapod': AMENT_PREFIX_PATH=/home/bartosz-babi-ski/Hexapod_git4/Hexapod/simulation/ros2_ws_hex/install/hex_gz:/home/bartosz-babi-ski/Hexapod_git4/Hexapod/simulation/ros2_ws_hex/install/om_spring_actuator_controller:/home/bartosz-babi-ski/Hexapod_git4/Hexapod/simulation/ros2_ws_hex/install/om_joint_trajectory_command_broadcaster:/home/bartosz-babi-ski/Hexapod_git4/Hexapod/simulation/ros2_ws_hex/install/om_gravity_compensation_controller:/home/bartosz-babi-ski/Hexapod_git4/Hexapod/simulation/ros2_ws_hex/install/hexapod_description:${AMENT_PREFIX_PATH} CMAKE_PREFIX_PATH=/home/bartosz-babi-ski/Hexapod_git4/Hexapod/simulation/ros2_ws_hex/install/hex_gz:/home/bartosz-babi-ski/Hexapod_git4/Hexapod/simulation/ros2_ws_hex/install/om_spring_actuator_controller:/home/bartosz-babi-ski/Hexapod_git4/Hexapod/simulation/ros2_ws_hex/install/om_joint_trajectory_command_broadcaster:/home/bartosz-babi-ski/Hexapod_git4/Hexapod/simulation/ros2_ws_hex/install/om_gravity_compensation_controller:/home/bartosz-babi-ski/Hexapod_git4/Hexapod/simulation/ros2_ws_hex/install/hexapod_description:/opt/ros/jazzy/opt/gz_launch_vendor:/opt/ros/jazzy/opt/gz_sim_vendor:/opt/ros/jazzy/opt/gz_sensors_vendor:/opt/ros/jazzy/opt/gz_physics_vendor:/opt/ros/jazzy/opt/sdformat_vendor:/opt/ros/jazzy/opt/gz_gui_vendor:/opt/ros/jazzy/opt/gz_transport_vendor:/opt/ros/jazzy/opt/gz_rendering_vendor:/opt/ros/jazzy/opt/gz_plugin_vendor:/opt/ros/jazzy/opt/gz_fuel_tools_vendor:/opt/ros/jazzy/opt/gz_msgs_vendor:/opt/ros/jazzy/opt/gz_common_vendor:/opt/ros/jazzy/opt/gz_math_vendor:/opt/ros/jazzy/opt/gz_utils_vendor:/opt/ros/jazzy/opt/gz_tools_vendor:/opt/ros/jazzy/opt/gz_ogre_next_vendor:/opt/ros/jazzy/opt/gz_dartsim_vendor:/opt/ros/jazzy/opt/gz_cmake_vendor:/opt/ros/jazzy DEBUGINFOD_URLS=https://debuginfod.ubuntu.com LD_LIBRARY_PATH=/home/bartosz-babi-ski/Hexapod_git4/Hexapod/simulation/ros2_ws_hex/install/om_spring_actuator_controller/lib:/home/bartosz-babi-ski/Hexapod_git4/Hexapod/simulation/ros2_ws_hex/install/om_joint_trajectory_command_broadcaster/lib:/home/bartosz-babi-ski/Hexapod_git4/Hexapod/simulation/ros2_ws_hex/install/om_gravity_compensation_controller/lib:${LD_LIBRARY_PATH} /usr/bin/cmake --build /home/bartosz-babi-ski/Hexapod_git4/Hexapod/simulation/ros2_ws_hex/build/hexapod -- -j12 -l12
[7.709s] DEBUG:colcon.colcon_core.event_handler.log_command:Invoked command in '/home/bartosz-babi-ski/Hexapod_git4/Hexapod/simulation/ros2_ws_hex/build/hexapod' returned '0': AMENT_PREFIX_PATH=/home/bartosz-babi-ski/Hexapod_git4/Hexapod/simulation/ros2_ws_hex/install/hex_gz:/home/bartosz-babi-ski/Hexapod_git4/Hexapod/simulation/ros2_ws_hex/install/om_spring_actuator_controller:/home/bartosz-babi-ski/Hexapod_git4/Hexapod/simulation/ros2_ws_hex/install/om_joint_trajectory_command_broadcaster:/home/bartosz-babi-ski/Hexapod_git4/Hexapod/simulation/ros2_ws_hex/install/om_gravity_compensation_controller:/home/bartosz-babi-ski/Hexapod_git4/Hexapod/simulation/ros2_ws_hex/install/hexapod_description:${AMENT_PREFIX_PATH} CMAKE_PREFIX_PATH=/home/bartosz-babi-ski/Hexapod_git4/Hexapod/simulation/ros2_ws_hex/install/hex_gz:/home/bartosz-babi-ski/Hexapod_git4/Hexapod/simulation/ros2_ws_hex/install/om_spring_actuator_controller:/home/bartosz-babi-ski/Hexapod_git4/Hexapod/simulation/ros2_ws_hex/install/om_joint_trajectory_command_broadcaster:/home/bartosz-babi-ski/Hexapod_git4/Hexapod/simulation/ros2_ws_hex/install/om_gravity_compensation_controller:/home/bartosz-babi-ski/Hexapod_git4/Hexapod/simulation/ros2_ws_hex/install/hexapod_description:/opt/ros/jazzy/opt/gz_launch_vendor:/opt/ros/jazzy/opt/gz_sim_vendor:/opt/ros/jazzy/opt/gz_sensors_vendor:/opt/ros/jazzy/opt/gz_physics_vendor:/opt/ros/jazzy/opt/sdformat_vendor:/opt/ros/jazzy/opt/gz_gui_vendor:/opt/ros/jazzy/opt/gz_transport_vendor:/opt/ros/jazzy/opt/gz_rendering_vendor:/opt/ros/jazzy/opt/gz_plugin_vendor:/opt/ros/jazzy/opt/gz_fuel_tools_vendor:/opt/ros/jazzy/opt/gz_msgs_vendor:/opt/ros/jazzy/opt/gz_common_vendor:/opt/ros/jazzy/opt/gz_math_vendor:/opt/ros/jazzy/opt/gz_utils_vendor:/opt/ros/jazzy/opt/gz_tools_vendor:/opt/ros/jazzy/opt/gz_ogre_next_vendor:/opt/ros/jazzy/opt/gz_dartsim_vendor:/opt/ros/jazzy/opt/gz_cmake_vendor:/opt/ros/jazzy DEBUGINFOD_URLS=https://debuginfod.ubuntu.com LD_LIBRARY_PATH=/home/bartosz-babi-ski/Hexapod_git4/Hexapod/simulation/ros2_ws_hex/install/om_spring_actuator_controller/lib:/home/bartosz-babi-ski/Hexapod_git4/Hexapod/simulation/ros2_ws_hex/install/om_joint_trajectory_command_broadcaster/lib:/home/bartosz-babi-ski/Hexapod_git4/Hexapod/simulation/ros2_ws_hex/install/om_gravity_compensation_controller/lib:${LD_LIBRARY_PATH} /usr/bin/cmake --build /home/bartosz-babi-ski/Hexapod_git4/Hexapod/simulation/ros2_ws_hex/build/hexapod -- -j12 -l12
[7.709s] DEBUG:colcon.colcon_core.event_handler.log_command:Invoking command in '/home/bartosz-babi-ski/Hexapod_git4/Hexapod/simulation/ros2_ws_hex/build/hexapod': AMENT_PREFIX_PATH=/home/bartosz-babi-ski/Hexapod_git4/Hexapod/simulation/ros2_ws_hex/install/hex_gz:/home/bartosz-babi-ski/Hexapod_git4/Hexapod/simulation/ros2_ws_hex/install/om_spring_actuator_controller:/home/bartosz-babi-ski/Hexapod_git4/Hexapod/simulation/ros2_ws_hex/install/om_joint_trajectory_command_broadcaster:/home/bartosz-babi-ski/Hexapod_git4/Hexapod/simulation/ros2_ws_hex/install/om_gravity_compensation_controller:/home/bartosz-babi-ski/Hexapod_git4/Hexapod/simulation/ros2_ws_hex/install/hexapod_description:${AMENT_PREFIX_PATH} CMAKE_PREFIX_PATH=/home/bartosz-babi-ski/Hexapod_git4/Hexapod/simulation/ros2_ws_hex/install/hex_gz:/home/bartosz-babi-ski/Hexapod_git4/Hexapod/simulation/ros2_ws_hex/install/om_spring_actuator_controller:/home/bartosz-babi-ski/Hexapod_git4/Hexapod/simulation/ros2_ws_hex/install/om_joint_trajectory_command_broadcaster:/home/bartosz-babi-ski/Hexapod_git4/Hexapod/simulation/ros2_ws_hex/install/om_gravity_compensation_controller:/home/bartosz-babi-ski/Hexapod_git4/Hexapod/simulation/ros2_ws_hex/install/hexapod_description:/opt/ros/jazzy/opt/gz_launch_vendor:/opt/ros/jazzy/opt/gz_sim_vendor:/opt/ros/jazzy/opt/gz_sensors_vendor:/opt/ros/jazzy/opt/gz_physics_vendor:/opt/ros/jazzy/opt/sdformat_vendor:/opt/ros/jazzy/opt/gz_gui_vendor:/opt/ros/jazzy/opt/gz_transport_vendor:/opt/ros/jazzy/opt/gz_rendering_vendor:/opt/ros/jazzy/opt/gz_plugin_vendor:/opt/ros/jazzy/opt/gz_fuel_tools_vendor:/opt/ros/jazzy/opt/gz_msgs_vendor:/opt/ros/jazzy/opt/gz_common_vendor:/opt/ros/jazzy/opt/gz_math_vendor:/opt/ros/jazzy/opt/gz_utils_vendor:/opt/ros/jazzy/opt/gz_tools_vendor:/opt/ros/jazzy/opt/gz_ogre_next_vendor:/opt/ros/jazzy/opt/gz_dartsim_vendor:/opt/ros/jazzy/opt/gz_cmake_vendor:/opt/ros/jazzy DEBUGINFOD_URLS=https://debuginfod.ubuntu.com LD_LIBRARY_PATH=/home/bartosz-babi-ski/Hexapod_git4/Hexapod/simulation/ros2_ws_hex/install/om_spring_actuator_controller/lib:/home/bartosz-babi-ski/Hexapod_git4/Hexapod/simulation/ros2_ws_hex/install/om_joint_trajectory_command_broadcaster/lib:/home/bartosz-babi-ski/Hexapod_git4/Hexapod/simulation/ros2_ws_hex/install/om_gravity_compensation_controller/lib:${LD_LIBRARY_PATH} /usr/bin/cmake --install /home/bartosz-babi-ski/Hexapod_git4/Hexapod/simulation/ros2_ws_hex/build/hexapod
[7.717s] Level 1:colcon.colcon_core.environment:create_environment_scripts_only(hexapod)
[7.717s] Level 1:colcon.colcon_core.environment:checking '/home/bartosz-babi-ski/Hexapod_git4/Hexapod/simulation/ros2_ws_hex/install/hexapod' for CMake module files
[7.717s] DEBUG:colcon.colcon_core.event_handler.log_command:Invoked command in '/home/bartosz-babi-ski/Hexapod_git4/Hexapod/simulation/ros2_ws_hex/build/hexapod' returned '0': AMENT_PREFIX_PATH=/home/bartosz-babi-ski/Hexapod_git4/Hexapod/simulation/ros2_ws_hex/install/hex_gz:/home/bartosz-babi-ski/Hexapod_git4/Hexapod/simulation/ros2_ws_hex/install/om_spring_actuator_controller:/home/bartosz-babi-ski/Hexapod_git4/Hexapod/simulation/ros2_ws_hex/install/om_joint_trajectory_command_broadcaster:/home/bartosz-babi-ski/Hexapod_git4/Hexapod/simulation/ros2_ws_hex/install/om_gravity_compensation_controller:/home/bartosz-babi-ski/Hexapod_git4/Hexapod/simulation/ros2_ws_hex/install/hexapod_description:${AMENT_PREFIX_PATH} CMAKE_PREFIX_PATH=/home/bartosz-babi-ski/Hexapod_git4/Hexapod/simulation/ros2_ws_hex/install/hex_gz:/home/bartosz-babi-ski/Hexapod_git4/Hexapod/simulation/ros2_ws_hex/install/om_spring_actuator_controller:/home/bartosz-babi-ski/Hexapod_git4/Hexapod/simulation/ros2_ws_hex/install/om_joint_trajectory_command_broadcaster:/home/bartosz-babi-ski/Hexapod_git4/Hexapod/simulation/ros2_ws_hex/install/om_gravity_compensation_controller:/home/bartosz-babi-ski/Hexapod_git4/Hexapod/simulation/ros2_ws_hex/install/hexapod_description:/opt/ros/jazzy/opt/gz_launch_vendor:/opt/ros/jazzy/opt/gz_sim_vendor:/opt/ros/jazzy/opt/gz_sensors_vendor:/opt/ros/jazzy/opt/gz_physics_vendor:/opt/ros/jazzy/opt/sdformat_vendor:/opt/ros/jazzy/opt/gz_gui_vendor:/opt/ros/jazzy/opt/gz_transport_vendor:/opt/ros/jazzy/opt/gz_rendering_vendor:/opt/ros/jazzy/opt/gz_plugin_vendor:/opt/ros/jazzy/opt/gz_fuel_tools_vendor:/opt/ros/jazzy/opt/gz_msgs_vendor:/opt/ros/jazzy/opt/gz_common_vendor:/opt/ros/jazzy/opt/gz_math_vendor:/opt/ros/jazzy/opt/gz_utils_vendor:/opt/ros/jazzy/opt/gz_tools_vendor:/opt/ros/jazzy/opt/gz_ogre_next_vendor:/opt/ros/jazzy/opt/gz_dartsim_vendor:/opt/ros/jazzy/opt/gz_cmake_vendor:/opt/ros/jazzy DEBUGINFOD_URLS=https://debuginfod.ubuntu.com LD_LIBRARY_PATH=/home/bartosz-babi-ski/Hexapod_git4/Hexapod/simulation/ros2_ws_hex/install/om_spring_actuator_controller/lib:/home/bartosz-babi-ski/Hexapod_git4/Hexapod/simulation/ros2_ws_hex/install/om_joint_trajectory_command_broadcaster/lib:/home/bartosz-babi-ski/Hexapod_git4/Hexapod/simulation/ros2_ws_hex/install/om_gravity_compensation_controller/lib:${LD_LIBRARY_PATH} /usr/bin/cmake --install /home/bartosz-babi-ski/Hexapod_git4/Hexapod/simulation/ros2_ws_hex/build/hexapod
[7.718s] Level 1:colcon.colcon_core.environment:checking '/home/bartosz-babi-ski/Hexapod_git4/Hexapod/simulation/ros2_ws_hex/install/hexapod' for CMake config files
[7.718s] Level 1:colcon.colcon_core.shell:create_environment_hook('hexapod', 'cmake_prefix_path')
[7.718s] INFO:colcon.colcon_core.shell:Creating environment hook '/home/bartosz-babi-ski/Hexapod_git4/Hexapod/simulation/ros2_ws_hex/install/hexapod/share/hexapod/hook/cmake_prefix_path.ps1'
[7.718s] INFO:colcon.colcon_core.shell:Creating environment descriptor '/home/bartosz-babi-ski/Hexapod_git4/Hexapod/simulation/ros2_ws_hex/install/hexapod/share/hexapod/hook/cmake_prefix_path.dsv'
[7.719s] INFO:colcon.colcon_core.shell:Creating environment hook '/home/bartosz-babi-ski/Hexapod_git4/Hexapod/simulation/ros2_ws_hex/install/hexapod/share/hexapod/hook/cmake_prefix_path.sh'
[7.719s] Level 1:colcon.colcon_core.environment:checking '/home/bartosz-babi-ski/Hexapod_git4/Hexapod/simulation/ros2_ws_hex/install/hexapod/bin'
[7.719s] Level 1:colcon.colcon_core.environment:checking '/home/bartosz-babi-ski/Hexapod_git4/Hexapod/simulation/ros2_ws_hex/install/hexapod/lib/pkgconfig/hexapod.pc'
[7.719s] Level 1:colcon.colcon_core.environment:checking '/home/bartosz-babi-ski/Hexapod_git4/Hexapod/simulation/ros2_ws_hex/install/hexapod/lib/python3.12/site-packages'
[7.719s] Level 1:colcon.colcon_core.environment:checking '/home/bartosz-babi-ski/Hexapod_git4/Hexapod/simulation/ros2_ws_hex/install/hexapod/bin'
[7.719s] INFO:colcon.colcon_core.shell:Creating package script '/home/bartosz-babi-ski/Hexapod_git4/Hexapod/simulation/ros2_ws_hex/install/hexapod/share/hexapod/package.ps1'
[7.720s] INFO:colcon.colcon_core.shell:Creating package descriptor '/home/bartosz-babi-ski/Hexapod_git4/Hexapod/simulation/ros2_ws_hex/install/hexapod/share/hexapod/package.dsv'
[7.720s] INFO:colcon.colcon_core.shell:Creating package script '/home/bartosz-babi-ski/Hexapod_git4/Hexapod/simulation/ros2_ws_hex/install/hexapod/share/hexapod/package.sh'
[7.720s] INFO:colcon.colcon_core.shell:Creating package script '/home/bartosz-babi-ski/Hexapod_git4/Hexapod/simulation/ros2_ws_hex/install/hexapod/share/hexapod/package.bash'
[7.720s] INFO:colcon.colcon_core.shell:Creating package script '/home/bartosz-babi-ski/Hexapod_git4/Hexapod/simulation/ros2_ws_hex/install/hexapod/share/hexapod/package.zsh'
[7.721s] Level 1:colcon.colcon_core.environment:create_file_with_runtime_dependencies(/home/bartosz-babi-ski/Hexapod_git4/Hexapod/simulation/ros2_ws_hex/install/hexapod/share/colcon-core/packages/hexapod)
[7.721s] Level 1:colcon.colcon_core.environment:create_environment_scripts_only(hexapod)
[7.721s] Level 1:colcon.colcon_core.environment:checking '/home/bartosz-babi-ski/Hexapod_git4/Hexapod/simulation/ros2_ws_hex/install/hexapod' for CMake module files
[7.721s] Level 1:colcon.colcon_core.environment:checking '/home/bartosz-babi-ski/Hexapod_git4/Hexapod/simulation/ros2_ws_hex/install/hexapod' for CMake config files
[7.721s] Level 1:colcon.colcon_core.shell:create_environment_hook('hexapod', 'cmake_prefix_path')
[7.721s] INFO:colcon.colcon_core.shell:Creating environment hook '/home/bartosz-babi-ski/Hexapod_git4/Hexapod/simulation/ros2_ws_hex/install/hexapod/share/hexapod/hook/cmake_prefix_path.ps1'
[7.722s] INFO:colcon.colcon_core.shell:Creating environment descriptor '/home/bartosz-babi-ski/Hexapod_git4/Hexapod/simulation/ros2_ws_hex/install/hexapod/share/hexapod/hook/cmake_prefix_path.dsv'
[7.722s] INFO:colcon.colcon_core.shell:Creating environment hook '/home/bartosz-babi-ski/Hexapod_git4/Hexapod/simulation/ros2_ws_hex/install/hexapod/share/hexapod/hook/cmake_prefix_path.sh'
[7.722s] Level 1:colcon.colcon_core.environment:checking '/home/bartosz-babi-ski/Hexapod_git4/Hexapod/simulation/ros2_ws_hex/install/hexapod/bin'
[7.722s] Level 1:colcon.colcon_core.environment:checking '/home/bartosz-babi-ski/Hexapod_git4/Hexapod/simulation/ros2_ws_hex/install/hexapod/lib/pkgconfig/hexapod.pc'
[7.722s] Level 1:colcon.colcon_core.environment:checking '/home/bartosz-babi-ski/Hexapod_git4/Hexapod/simulation/ros2_ws_hex/install/hexapod/lib/python3.12/site-packages'
[7.723s] Level 1:colcon.colcon_core.environment:checking '/home/bartosz-babi-ski/Hexapod_git4/Hexapod/simulation/ros2_ws_hex/install/hexapod/bin'
[7.723s] INFO:colcon.colcon_core.shell:Creating package script '/home/bartosz-babi-ski/Hexapod_git4/Hexapod/simulation/ros2_ws_hex/install/hexapod/share/hexapod/package.ps1'
[7.723s] INFO:colcon.colcon_core.shell:Creating package descriptor '/home/bartosz-babi-ski/Hexapod_git4/Hexapod/simulation/ros2_ws_hex/install/hexapod/share/hexapod/package.dsv'
[7.723s] INFO:colcon.colcon_core.shell:Creating package script '/home/bartosz-babi-ski/Hexapod_git4/Hexapod/simulation/ros2_ws_hex/install/hexapod/share/hexapod/package.sh'
[7.723s] INFO:colcon.colcon_core.shell:Creating package script '/home/bartosz-babi-ski/Hexapod_git4/Hexapod/simulation/ros2_ws_hex/install/hexapod/share/hexapod/package.bash'
[7.724s] INFO:colcon.colcon_core.shell:Creating package script '/home/bartosz-babi-ski/Hexapod_git4/Hexapod/simulation/ros2_ws_hex/install/hexapod/share/hexapod/package.zsh'
[7.724s] Level 1:colcon.colcon_core.environment:create_file_with_runtime_dependencies(/home/bartosz-babi-ski/Hexapod_git4/Hexapod/simulation/ros2_ws_hex/install/hexapod/share/colcon-core/packages/hexapod)
[7.724s] DEBUG:colcon.colcon_parallel_executor.executor.parallel:closing loop
[7.724s] DEBUG:colcon.colcon_parallel_executor.executor.parallel:loop closed
[7.724s] DEBUG:colcon.colcon_parallel_executor.executor.parallel:run_until_complete finished with '0'
[7.724s] DEBUG:colcon.colcon_core.event_reactor:joining thread
[7.728s] INFO:colcon.colcon_core.plugin_system:Skipping extension 'colcon_notification.desktop_notification.terminal_notifier': Not used on non-Darwin systems
[7.728s] INFO:colcon.colcon_core.plugin_system:Skipping extension 'colcon_notification.desktop_notification.win32': Not used on non-Windows systems
[7.728s] INFO:colcon.colcon_notification.desktop_notification:Sending desktop notification using 'notify2'
[7.738s] DEBUG:colcon.colcon_core.event_reactor:joined thread
[7.738s] INFO:colcon.colcon_core.shell:Creating prefix script '/home/bartosz-babi-ski/Hexapod_git4/Hexapod/simulation/ros2_ws_hex/install/local_setup.ps1'
[7.739s] INFO:colcon.colcon_core.shell:Creating prefix util module '/home/bartosz-babi-ski/Hexapod_git4/Hexapod/simulation/ros2_ws_hex/install/_local_setup_util_ps1.py'
[7.740s] INFO:colcon.colcon_core.shell:Creating prefix chain script '/home/bartosz-babi-ski/Hexapod_git4/Hexapod/simulation/ros2_ws_hex/install/setup.ps1'
[7.740s] INFO:colcon.colcon_core.shell:Creating prefix script '/home/bartosz-babi-ski/Hexapod_git4/Hexapod/simulation/ros2_ws_hex/install/local_setup.sh'
[7.741s] INFO:colcon.colcon_core.shell:Creating prefix util module '/home/bartosz-babi-ski/Hexapod_git4/Hexapod/simulation/ros2_ws_hex/install/_local_setup_util_sh.py'
[7.741s] INFO:colcon.colcon_core.shell:Creating prefix chain script '/home/bartosz-babi-ski/Hexapod_git4/Hexapod/simulation/ros2_ws_hex/install/setup.sh'
[7.741s] INFO:colcon.colcon_core.shell:Creating prefix script '/home/bartosz-babi-ski/Hexapod_git4/Hexapod/simulation/ros2_ws_hex/install/local_setup.bash'
[7.742s] INFO:colcon.colcon_core.shell:Creating prefix chain script '/home/bartosz-babi-ski/Hexapod_git4/Hexapod/simulation/ros2_ws_hex/install/setup.bash'
[7.742s] INFO:colcon.colcon_core.shell:Creating prefix script '/home/bartosz-babi-ski/Hexapod_git4/Hexapod/simulation/ros2_ws_hex/install/local_setup.zsh'
[7.743s] INFO:colcon.colcon_core.shell:Creating prefix chain script '/home/bartosz-babi-ski/Hexapod_git4/Hexapod/simulation/ros2_ws_hex/install/setup.zsh'
