[0.197s] DEBUG:colcon:Command line arguments: ['/usr/bin/colcon', 'build']
[0.197s] DEBUG:colcon:Parsed command line arguments: Namespace(log_base=None, log_level=None, verb_name='build', build_base='build', install_base='install', merge_install=False, symlink_install=False, test_result_base=None, continue_on_error=False, executor='parallel', parallel_workers=12, event_handlers=None, ignore_user_meta=False, metas=['./colcon.meta'], base_paths=['.'], packages_ignore=None, packages_ignore_regex=None, paths=None, packages_up_to=None, packages_up_to_regex=None, packages_above=None, packages_above_and_dependencies=None, packages_above_depth=None, packages_select_by_dep=None, packages_skip_by_dep=None, packages_skip_up_to=None, packages_select_build_failed=False, packages_skip_build_finished=False, packages_select_test_failures=False, packages_skip_test_passed=False, packages_select=None, packages_skip=None, packages_select_regex=None, packages_skip_regex=None, packages_start=None, packages_end=None, allow_overriding=[], cmake_args=None, cmake_target=None, cmake_target_skip_unavailable=False, cmake_clean_cache=False, cmake_clean_first=False, cmake_force_configure=False, ament_cmake_args=None, catkin_cmake_args=None, catkin_skip_building_tests=False, mixin_files=None, mixin=None, verb_parser=<colcon_mixin.mixin.mixin_argument.MixinArgumentDecorator object at 0x7f0b7f4c98b0>, verb_extension=<colcon_core.verb.build.BuildVerb object at 0x7f0b7f443770>, main=<bound method BuildVerb.main of <colcon_core.verb.build.BuildVerb object at 0x7f0b7f443770>>, mixin_verb=('build',))
[0.252s] Level 1:colcon.colcon_core.package_discovery:discover_packages(colcon_meta) check parameters
[0.252s] Level 1:colcon.colcon_core.package_discovery:discover_packages(recursive) check parameters
[0.252s] Level 1:colcon.colcon_core.package_discovery:discover_packages(ignore) check parameters
[0.252s] Level 1:colcon.colcon_core.package_discovery:discover_packages(path) check parameters
[0.252s] Level 1:colcon.colcon_core.package_discovery:discover_packages(colcon_meta) discover
[0.252s] Level 1:colcon.colcon_core.package_discovery:discover_packages(recursive) discover
[0.252s] INFO:colcon.colcon_core.package_discovery:Crawling recursively for packages in '/home/bartosz-babi-ski/Hexapod_git4/Hexapod/simulation/ros2_ws_hex'
[0.252s] Level 1:colcon.colcon_core.package_identification:_identify(.) by extensions ['ignore', 'ignore_ament_install']
[0.252s] Level 1:colcon.colcon_core.package_identification:_identify(.) by extension 'ignore'
[0.252s] Level 1:colcon.colcon_core.package_identification:_identify(.) by extension 'ignore_ament_install'
[0.253s] Level 1:colcon.colcon_core.package_identification:_identify(.) by extensions ['colcon_pkg']
[0.253s] Level 1:colcon.colcon_core.package_identification:_identify(.) by extension 'colcon_pkg'
[0.253s] Level 1:colcon.colcon_core.package_identification:_identify(.) by extensions ['colcon_meta']
[0.253s] Level 1:colcon.colcon_core.package_identification:_identify(.) by extension 'colcon_meta'
[0.253s] Level 1:colcon.colcon_core.package_identification:_identify(.) by extensions ['ros']
[0.253s] Level 1:colcon.colcon_core.package_identification:_identify(.) by extension 'ros'
[0.281s] Level 1:colcon.colcon_core.package_identification:_identify(.) by extensions ['cmake', 'python']
[0.282s] Level 1:colcon.colcon_core.package_identification:_identify(.) by extension 'cmake'
[0.282s] Level 1:colcon.colcon_core.package_identification:_identify(.) by extension 'python'
[0.282s] Level 1:colcon.colcon_core.package_identification:_identify(.) by extensions ['python_setup_py']
[0.282s] Level 1:colcon.colcon_core.package_identification:_identify(.) by extension 'python_setup_py'
[0.282s] Level 1:colcon.colcon_core.package_identification:_identify(build) by extensions ['ignore', 'ignore_ament_install']
[0.282s] Level 1:colcon.colcon_core.package_identification:_identify(build) by extension 'ignore'
[0.282s] Level 1:colcon.colcon_core.package_identification:_identify(build) ignored
[0.282s] Level 1:colcon.colcon_core.package_identification:_identify(install) by extensions ['ignore', 'ignore_ament_install']
[0.282s] Level 1:colcon.colcon_core.package_identification:_identify(install) by extension 'ignore'
[0.282s] Level 1:colcon.colcon_core.package_identification:_identify(install) ignored
[0.282s] Level 1:colcon.colcon_core.package_identification:_identify(log) by extensions ['ignore', 'ignore_ament_install']
[0.282s] Level 1:colcon.colcon_core.package_identification:_identify(log) by extension 'ignore'
[0.282s] Level 1:colcon.colcon_core.package_identification:_identify(log) ignored
[0.282s] Level 1:colcon.colcon_core.package_identification:_identify(src) by extensions ['ignore', 'ignore_ament_install']
[0.282s] Level 1:colcon.colcon_core.package_identification:_identify(src) by extension 'ignore'
[0.283s] Level 1:colcon.colcon_core.package_identification:_identify(src) by extension 'ignore_ament_install'
[0.283s] Level 1:colcon.colcon_core.package_identification:_identify(src) by extensions ['colcon_pkg']
[0.283s] Level 1:colcon.colcon_core.package_identification:_identify(src) by extension 'colcon_pkg'
[0.283s] Level 1:colcon.colcon_core.package_identification:_identify(src) by extensions ['colcon_meta']
[0.283s] Level 1:colcon.colcon_core.package_identification:_identify(src) by extension 'colcon_meta'
[0.283s] Level 1:colcon.colcon_core.package_identification:_identify(src) by extensions ['ros']
[0.283s] Level 1:colcon.colcon_core.package_identification:_identify(src) by extension 'ros'
[0.283s] Level 1:colcon.colcon_core.package_identification:_identify(src) by extensions ['cmake', 'python']
[0.283s] Level 1:colcon.colcon_core.package_identification:_identify(src) by extension 'cmake'
[0.283s] Level 1:colcon.colcon_core.package_identification:_identify(src) by extension 'python'
[0.283s] Level 1:colcon.colcon_core.package_identification:_identify(src) by extensions ['python_setup_py']
[0.283s] Level 1:colcon.colcon_core.package_identification:_identify(src) by extension 'python_setup_py'
[0.283s] Level 1:colcon.colcon_core.package_identification:_identify(src/hex_gz) by extensions ['ignore', 'ignore_ament_install']
[0.283s] Level 1:colcon.colcon_core.package_identification:_identify(src/hex_gz) by extension 'ignore'
[0.283s] Level 1:colcon.colcon_core.package_identification:_identify(src/hex_gz) by extension 'ignore_ament_install'
[0.283s] Level 1:colcon.colcon_core.package_identification:_identify(src/hex_gz) by extensions ['colcon_pkg']
[0.283s] Level 1:colcon.colcon_core.package_identification:_identify(src/hex_gz) by extension 'colcon_pkg'
[0.283s] Level 1:colcon.colcon_core.package_identification:_identify(src/hex_gz) by extensions ['colcon_meta']
[0.283s] Level 1:colcon.colcon_core.package_identification:_identify(src/hex_gz) by extension 'colcon_meta'
[0.283s] Level 1:colcon.colcon_core.package_identification:_identify(src/hex_gz) by extensions ['ros']
[0.283s] Level 1:colcon.colcon_core.package_identification:_identify(src/hex_gz) by extension 'ros'
[0.287s] DEBUG:colcon.colcon_core.package_identification:Package 'src/hex_gz' with type 'ros.ament_cmake' and name 'hex_gz'
[0.287s] Level 1:colcon.colcon_core.package_identification:_identify(src/hexapod) by extensions ['ignore', 'ignore_ament_install']
[0.287s] Level 1:colcon.colcon_core.package_identification:_identify(src/hexapod) by extension 'ignore'
[0.287s] Level 1:colcon.colcon_core.package_identification:_identify(src/hexapod) by extension 'ignore_ament_install'
[0.287s] Level 1:colcon.colcon_core.package_identification:_identify(src/hexapod) by extensions ['colcon_pkg']
[0.287s] Level 1:colcon.colcon_core.package_identification:_identify(src/hexapod) by extension 'colcon_pkg'
[0.287s] Level 1:colcon.colcon_core.package_identification:_identify(src/hexapod) by extensions ['colcon_meta']
[0.287s] Level 1:colcon.colcon_core.package_identification:_identify(src/hexapod) by extension 'colcon_meta'
[0.287s] Level 1:colcon.colcon_core.package_identification:_identify(src/hexapod) by extensions ['ros']
[0.287s] Level 1:colcon.colcon_core.package_identification:_identify(src/hexapod) by extension 'ros'
[0.288s] DEBUG:colcon.colcon_core.package_identification:Package 'src/hexapod' with type 'ros.ament_cmake' and name 'hexapod'
[0.288s] Level 1:colcon.colcon_core.package_identification:_identify(src/hexapod_description) by extensions ['ignore', 'ignore_ament_install']
[0.288s] Level 1:colcon.colcon_core.package_identification:_identify(src/hexapod_description) by extension 'ignore'
[0.288s] Level 1:colcon.colcon_core.package_identification:_identify(src/hexapod_description) by extension 'ignore_ament_install'
[0.288s] Level 1:colcon.colcon_core.package_identification:_identify(src/hexapod_description) by extensions ['colcon_pkg']
[0.288s] Level 1:colcon.colcon_core.package_identification:_identify(src/hexapod_description) by extension 'colcon_pkg'
[0.288s] Level 1:colcon.colcon_core.package_identification:_identify(src/hexapod_description) by extensions ['colcon_meta']
[0.288s] Level 1:colcon.colcon_core.package_identification:_identify(src/hexapod_description) by extension 'colcon_meta'
[0.288s] Level 1:colcon.colcon_core.package_identification:_identify(src/hexapod_description) by extensions ['ros']
[0.289s] Level 1:colcon.colcon_core.package_identification:_identify(src/hexapod_description) by extension 'ros'
[0.289s] DEBUG:colcon.colcon_core.package_identification:Package 'src/hexapod_description' with type 'ros.ament_cmake' and name 'hexapod_description'
[0.289s] Level 1:colcon.colcon_core.package_identification:_identify(src/ros2_controller) by extensions ['ignore', 'ignore_ament_install']
[0.289s] Level 1:colcon.colcon_core.package_identification:_identify(src/ros2_controller) by extension 'ignore'
[0.289s] Level 1:colcon.colcon_core.package_identification:_identify(src/ros2_controller) by extension 'ignore_ament_install'
[0.289s] Level 1:colcon.colcon_core.package_identification:_identify(src/ros2_controller) by extensions ['colcon_pkg']
[0.289s] Level 1:colcon.colcon_core.package_identification:_identify(src/ros2_controller) by extension 'colcon_pkg'
[0.289s] Level 1:colcon.colcon_core.package_identification:_identify(src/ros2_controller) by extensions ['colcon_meta']
[0.289s] Level 1:colcon.colcon_core.package_identification:_identify(src/ros2_controller) by extension 'colcon_meta'
[0.290s] Level 1:colcon.colcon_core.package_identification:_identify(src/ros2_controller) by extensions ['ros']
[0.290s] Level 1:colcon.colcon_core.package_identification:_identify(src/ros2_controller) by extension 'ros'
[0.290s] Level 1:colcon.colcon_core.package_identification:_identify(src/ros2_controller) by extensions ['cmake', 'python']
[0.290s] Level 1:colcon.colcon_core.package_identification:_identify(src/ros2_controller) by extension 'cmake'
[0.290s] Level 1:colcon.colcon_core.package_identification:_identify(src/ros2_controller) by extension 'python'
[0.290s] Level 1:colcon.colcon_core.package_identification:_identify(src/ros2_controller) by extensions ['python_setup_py']
[0.290s] Level 1:colcon.colcon_core.package_identification:_identify(src/ros2_controller) by extension 'python_setup_py'
[0.290s] Level 1:colcon.colcon_core.package_identification:_identify(src/ros2_controller/om_gravity_compensation_controller) by extensions ['ignore', 'ignore_ament_install']
[0.290s] Level 1:colcon.colcon_core.package_identification:_identify(src/ros2_controller/om_gravity_compensation_controller) by extension 'ignore'
[0.290s] Level 1:colcon.colcon_core.package_identification:_identify(src/ros2_controller/om_gravity_compensation_controller) by extension 'ignore_ament_install'
[0.290s] Level 1:colcon.colcon_core.package_identification:_identify(src/ros2_controller/om_gravity_compensation_controller) by extensions ['colcon_pkg']
[0.290s] Level 1:colcon.colcon_core.package_identification:_identify(src/ros2_controller/om_gravity_compensation_controller) by extension 'colcon_pkg'
[0.290s] Level 1:colcon.colcon_core.package_identification:_identify(src/ros2_controller/om_gravity_compensation_controller) by extensions ['colcon_meta']
[0.290s] Level 1:colcon.colcon_core.package_identification:_identify(src/ros2_controller/om_gravity_compensation_controller) by extension 'colcon_meta'
[0.290s] Level 1:colcon.colcon_core.package_identification:_identify(src/ros2_controller/om_gravity_compensation_controller) by extensions ['ros']
[0.290s] Level 1:colcon.colcon_core.package_identification:_identify(src/ros2_controller/om_gravity_compensation_controller) by extension 'ros'
[0.291s] DEBUG:colcon.colcon_core.package_identification:Package 'src/ros2_controller/om_gravity_compensation_controller' with type 'ros.ament_cmake' and name 'om_gravity_compensation_controller'
[0.292s] Level 1:colcon.colcon_core.package_identification:_identify(src/ros2_controller/om_joint_trajectory_command_broadcaster) by extensions ['ignore', 'ignore_ament_install']
[0.292s] Level 1:colcon.colcon_core.package_identification:_identify(src/ros2_controller/om_joint_trajectory_command_broadcaster) by extension 'ignore'
[0.292s] Level 1:colcon.colcon_core.package_identification:_identify(src/ros2_controller/om_joint_trajectory_command_broadcaster) by extension 'ignore_ament_install'
[0.292s] Level 1:colcon.colcon_core.package_identification:_identify(src/ros2_controller/om_joint_trajectory_command_broadcaster) by extensions ['colcon_pkg']
[0.292s] Level 1:colcon.colcon_core.package_identification:_identify(src/ros2_controller/om_joint_trajectory_command_broadcaster) by extension 'colcon_pkg'
[0.292s] Level 1:colcon.colcon_core.package_identification:_identify(src/ros2_controller/om_joint_trajectory_command_broadcaster) by extensions ['colcon_meta']
[0.292s] Level 1:colcon.colcon_core.package_identification:_identify(src/ros2_controller/om_joint_trajectory_command_broadcaster) by extension 'colcon_meta'
[0.292s] Level 1:colcon.colcon_core.package_identification:_identify(src/ros2_controller/om_joint_trajectory_command_broadcaster) by extensions ['ros']
[0.292s] Level 1:colcon.colcon_core.package_identification:_identify(src/ros2_controller/om_joint_trajectory_command_broadcaster) by extension 'ros'
[0.293s] DEBUG:colcon.colcon_core.package_identification:Package 'src/ros2_controller/om_joint_trajectory_command_broadcaster' with type 'ros.ament_cmake' and name 'om_joint_trajectory_command_broadcaster'
[0.293s] Level 1:colcon.colcon_core.package_identification:_identify(src/ros2_controller/om_spring_actuator_controller) by extensions ['ignore', 'ignore_ament_install']
[0.293s] Level 1:colcon.colcon_core.package_identification:_identify(src/ros2_controller/om_spring_actuator_controller) by extension 'ignore'
[0.293s] Level 1:colcon.colcon_core.package_identification:_identify(src/ros2_controller/om_spring_actuator_controller) by extension 'ignore_ament_install'
[0.293s] Level 1:colcon.colcon_core.package_identification:_identify(src/ros2_controller/om_spring_actuator_controller) by extensions ['colcon_pkg']
[0.293s] Level 1:colcon.colcon_core.package_identification:_identify(src/ros2_controller/om_spring_actuator_controller) by extension 'colcon_pkg'
[0.293s] Level 1:colcon.colcon_core.package_identification:_identify(src/ros2_controller/om_spring_actuator_controller) by extensions ['colcon_meta']
[0.293s] Level 1:colcon.colcon_core.package_identification:_identify(src/ros2_controller/om_spring_actuator_controller) by extension 'colcon_meta'
[0.293s] Level 1:colcon.colcon_core.package_identification:_identify(src/ros2_controller/om_spring_actuator_controller) by extensions ['ros']
[0.293s] Level 1:colcon.colcon_core.package_identification:_identify(src/ros2_controller/om_spring_actuator_controller) by extension 'ros'
[0.295s] DEBUG:colcon.colcon_core.package_identification:Package 'src/ros2_controller/om_spring_actuator_controller' with type 'ros.ament_cmake' and name 'om_spring_actuator_controller'
[0.295s] Level 1:colcon.colcon_core.package_discovery:discover_packages(recursive) using defaults
[0.295s] Level 1:colcon.colcon_core.package_discovery:discover_packages(ignore) discover
[0.295s] Level 1:colcon.colcon_core.package_discovery:discover_packages(ignore) using defaults
[0.295s] Level 1:colcon.colcon_core.package_discovery:discover_packages(path) discover
[0.295s] Level 1:colcon.colcon_core.package_discovery:discover_packages(path) using defaults
[0.318s] Level 1:colcon.colcon_core.package_discovery:discover_packages(prefix_path) check parameters
[0.318s] Level 1:colcon.colcon_core.package_discovery:discover_packages(prefix_path) discover
[0.322s] DEBUG:colcon.colcon_installed_package_information.package_discovery:Found 440 installed packages in /opt/ros/jazzy
[0.323s] Level 1:colcon.colcon_core.package_discovery:discover_packages(prefix_path) using defaults
[0.377s] Level 5:colcon.colcon_core.verb:set package 'hexapod_description' build argument 'cmake_args' from command line to 'None'
[0.377s] Level 5:colcon.colcon_core.verb:set package 'hexapod_description' build argument 'cmake_target' from command line to 'None'
[0.377s] Level 5:colcon.colcon_core.verb:set package 'hexapod_description' build argument 'cmake_target_skip_unavailable' from command line to 'False'
[0.377s] Level 5:colcon.colcon_core.verb:set package 'hexapod_description' build argument 'cmake_clean_cache' from command line to 'False'
[0.377s] Level 5:colcon.colcon_core.verb:set package 'hexapod_description' build argument 'cmake_clean_first' from command line to 'False'
[0.377s] Level 5:colcon.colcon_core.verb:set package 'hexapod_description' build argument 'cmake_force_configure' from command line to 'False'
[0.377s] Level 5:colcon.colcon_core.verb:set package 'hexapod_description' build argument 'ament_cmake_args' from command line to 'None'
[0.377s] Level 5:colcon.colcon_core.verb:set package 'hexapod_description' build argument 'catkin_cmake_args' from command line to 'None'
[0.377s] Level 5:colcon.colcon_core.verb:set package 'hexapod_description' build argument 'catkin_skip_building_tests' from command line to 'False'
[0.377s] DEBUG:colcon.colcon_core.verb:Building package 'hexapod_description' with the following arguments: {'ament_cmake_args': None, 'build_base': '/home/bartosz-babi-ski/Hexapod_git4/Hexapod/simulation/ros2_ws_hex/build/hexapod_description', 'catkin_cmake_args': None, 'catkin_skip_building_tests': False, 'cmake_args': None, 'cmake_clean_cache': False, 'cmake_clean_first': False, 'cmake_force_configure': False, 'cmake_target': None, 'cmake_target_skip_unavailable': False, 'install_base': '/home/bartosz-babi-ski/Hexapod_git4/Hexapod/simulation/ros2_ws_hex/install/hexapod_description', 'merge_install': False, 'path': '/home/bartosz-babi-ski/Hexapod_git4/Hexapod/simulation/ros2_ws_hex/src/hexapod_description', 'symlink_install': False, 'test_result_base': None}
[0.377s] Level 5:colcon.colcon_core.verb:set package 'om_gravity_compensation_controller' build argument 'cmake_args' from command line to 'None'
[0.378s] Level 5:colcon.colcon_core.verb:set package 'om_gravity_compensation_controller' build argument 'cmake_target' from command line to 'None'
[0.378s] Level 5:colcon.colcon_core.verb:set package 'om_gravity_compensation_controller' build argument 'cmake_target_skip_unavailable' from command line to 'False'
[0.378s] Level 5:colcon.colcon_core.verb:set package 'om_gravity_compensation_controller' build argument 'cmake_clean_cache' from command line to 'False'
[0.378s] Level 5:colcon.colcon_core.verb:set package 'om_gravity_compensation_controller' build argument 'cmake_clean_first' from command line to 'False'
[0.378s] Level 5:colcon.colcon_core.verb:set package 'om_gravity_compensation_controller' build argument 'cmake_force_configure' from command line to 'False'
[0.378s] Level 5:colcon.colcon_core.verb:set package 'om_gravity_compensation_controller' build argument 'ament_cmake_args' from command line to 'None'
[0.378s] Level 5:colcon.colcon_core.verb:set package 'om_gravity_compensation_controller' build argument 'catkin_cmake_args' from command line to 'None'
[0.378s] Level 5:colcon.colcon_core.verb:set package 'om_gravity_compensation_controller' build argument 'catkin_skip_building_tests' from command line to 'False'
[0.378s] DEBUG:colcon.colcon_core.verb:Building package 'om_gravity_compensation_controller' with the following arguments: {'ament_cmake_args': None, 'build_base': '/home/bartosz-babi-ski/Hexapod_git4/Hexapod/simulation/ros2_ws_hex/build/om_gravity_compensation_controller', 'catkin_cmake_args': None, 'catkin_skip_building_tests': False, 'cmake_args': None, 'cmake_clean_cache': False, 'cmake_clean_first': False, 'cmake_force_configure': False, 'cmake_target': None, 'cmake_target_skip_unavailable': False, 'install_base': '/home/bartosz-babi-ski/Hexapod_git4/Hexapod/simulation/ros2_ws_hex/install/om_gravity_compensation_controller', 'merge_install': False, 'path': '/home/bartosz-babi-ski/Hexapod_git4/Hexapod/simulation/ros2_ws_hex/src/ros2_controller/om_gravity_compensation_controller', 'symlink_install': False, 'test_result_base': None}
[0.378s] Level 5:colcon.colcon_core.verb:set package 'om_joint_trajectory_command_broadcaster' build argument 'cmake_args' from command line to 'None'
[0.378s] Level 5:colcon.colcon_core.verb:set package 'om_joint_trajectory_command_broadcaster' build argument 'cmake_target' from command line to 'None'
[0.378s] Level 5:colcon.colcon_core.verb:set package 'om_joint_trajectory_command_broadcaster' build argument 'cmake_target_skip_unavailable' from command line to 'False'
[0.378s] Level 5:colcon.colcon_core.verb:set package 'om_joint_trajectory_command_broadcaster' build argument 'cmake_clean_cache' from command line to 'False'
[0.378s] Level 5:colcon.colcon_core.verb:set package 'om_joint_trajectory_command_broadcaster' build argument 'cmake_clean_first' from command line to 'False'
[0.378s] Level 5:colcon.colcon_core.verb:set package 'om_joint_trajectory_command_broadcaster' build argument 'cmake_force_configure' from command line to 'False'
[0.378s] Level 5:colcon.colcon_core.verb:set package 'om_joint_trajectory_command_broadcaster' build argument 'ament_cmake_args' from command line to 'None'
[0.378s] Level 5:colcon.colcon_core.verb:set package 'om_joint_trajectory_command_broadcaster' build argument 'catkin_cmake_args' from command line to 'None'
[0.378s] Level 5:colcon.colcon_core.verb:set package 'om_joint_trajectory_command_broadcaster' build argument 'catkin_skip_building_tests' from command line to 'False'
[0.378s] DEBUG:colcon.colcon_core.verb:Building package 'om_joint_trajectory_command_broadcaster' with the following arguments: {'ament_cmake_args': None, 'build_base': '/home/bartosz-babi-ski/Hexapod_git4/Hexapod/simulation/ros2_ws_hex/build/om_joint_trajectory_command_broadcaster', 'catkin_cmake_args': None, 'catkin_skip_building_tests': False, 'cmake_args': None, 'cmake_clean_cache': False, 'cmake_clean_first': False, 'cmake_force_configure': False, 'cmake_target': None, 'cmake_target_skip_unavailable': False, 'install_base': '/home/bartosz-babi-ski/Hexapod_git4/Hexapod/simulation/ros2_ws_hex/install/om_joint_trajectory_command_broadcaster', 'merge_install': False, 'path': '/home/bartosz-babi-ski/Hexapod_git4/Hexapod/simulation/ros2_ws_hex/src/ros2_controller/om_joint_trajectory_command_broadcaster', 'symlink_install': False, 'test_result_base': None}
[0.378s] Level 5:colcon.colcon_core.verb:set package 'om_spring_actuator_controller' build argument 'cmake_args' from command line to 'None'
[0.378s] Level 5:colcon.colcon_core.verb:set package 'om_spring_actuator_controller' build argument 'cmake_target' from command line to 'None'
[0.378s] Level 5:colcon.colcon_core.verb:set package 'om_spring_actuator_controller' build argument 'cmake_target_skip_unavailable' from command line to 'False'
[0.378s] Level 5:colcon.colcon_core.verb:set package 'om_spring_actuator_controller' build argument 'cmake_clean_cache' from command line to 'False'
[0.378s] Level 5:colcon.colcon_core.verb:set package 'om_spring_actuator_controller' build argument 'cmake_clean_first' from command line to 'False'
[0.378s] Level 5:colcon.colcon_core.verb:set package 'om_spring_actuator_controller' build argument 'cmake_force_configure' from command line to 'False'
[0.378s] Level 5:colcon.colcon_core.verb:set package 'om_spring_actuator_controller' build argument 'ament_cmake_args' from command line to 'None'
[0.378s] Level 5:colcon.colcon_core.verb:set package 'om_spring_actuator_controller' build argument 'catkin_cmake_args' from command line to 'None'
[0.378s] Level 5:colcon.colcon_core.verb:set package 'om_spring_actuator_controller' build argument 'catkin_skip_building_tests' from command line to 'False'
[0.379s] DEBUG:colcon.colcon_core.verb:Building package 'om_spring_actuator_controller' with the following arguments: {'ament_cmake_args': None, 'build_base': '/home/bartosz-babi-ski/Hexapod_git4/Hexapod/simulation/ros2_ws_hex/build/om_spring_actuator_controller', 'catkin_cmake_args': None, 'catkin_skip_building_tests': False, 'cmake_args': None, 'cmake_clean_cache': False, 'cmake_clean_first': False, 'cmake_force_configure': False, 'cmake_target': None, 'cmake_target_skip_unavailable': False, 'install_base': '/home/bartosz-babi-ski/Hexapod_git4/Hexapod/simulation/ros2_ws_hex/install/om_spring_actuator_controller', 'merge_install': False, 'path': '/home/bartosz-babi-ski/Hexapod_git4/Hexapod/simulation/ros2_ws_hex/src/ros2_controller/om_spring_actuator_controller', 'symlink_install': False, 'test_result_base': None}
[0.379s] Level 5:colcon.colcon_core.verb:set package 'hex_gz' build argument 'cmake_args' from command line to 'None'
[0.379s] Level 5:colcon.colcon_core.verb:set package 'hex_gz' build argument 'cmake_target' from command line to 'None'
[0.379s] Level 5:colcon.colcon_core.verb:set package 'hex_gz' build argument 'cmake_target_skip_unavailable' from command line to 'False'
[0.379s] Level 5:colcon.colcon_core.verb:set package 'hex_gz' build argument 'cmake_clean_cache' from command line to 'False'
[0.379s] Level 5:colcon.colcon_core.verb:set package 'hex_gz' build argument 'cmake_clean_first' from command line to 'False'
[0.379s] Level 5:colcon.colcon_core.verb:set package 'hex_gz' build argument 'cmake_force_configure' from command line to 'False'
[0.379s] Level 5:colcon.colcon_core.verb:set package 'hex_gz' build argument 'ament_cmake_args' from command line to 'None'
[0.379s] Level 5:colcon.colcon_core.verb:set package 'hex_gz' build argument 'catkin_cmake_args' from command line to 'None'
[0.379s] Level 5:colcon.colcon_core.verb:set package 'hex_gz' build argument 'catkin_skip_building_tests' from command line to 'False'
[0.379s] DEBUG:colcon.colcon_core.verb:Building package 'hex_gz' with the following arguments: {'ament_cmake_args': None, 'build_base': '/home/bartosz-babi-ski/Hexapod_git4/Hexapod/simulation/ros2_ws_hex/build/hex_gz', 'catkin_cmake_args': None, 'catkin_skip_building_tests': False, 'cmake_args': None, 'cmake_clean_cache': False, 'cmake_clean_first': False, 'cmake_force_configure': False, 'cmake_target': None, 'cmake_target_skip_unavailable': False, 'install_base': '/home/bartosz-babi-ski/Hexapod_git4/Hexapod/simulation/ros2_ws_hex/install/hex_gz', 'merge_install': False, 'path': '/home/bartosz-babi-ski/Hexapod_git4/Hexapod/simulation/ros2_ws_hex/src/hex_gz', 'symlink_install': False, 'test_result_base': None}
[0.379s] Level 5:colcon.colcon_core.verb:set package 'hexapod' build argument 'cmake_args' from command line to 'None'
[0.379s] Level 5:colcon.colcon_core.verb:set package 'hexapod' build argument 'cmake_target' from command line to 'None'
[0.379s] Level 5:colcon.colcon_core.verb:set package 'hexapod' build argument 'cmake_target_skip_unavailable' from command line to 'False'
[0.379s] Level 5:colcon.colcon_core.verb:set package 'hexapod' build argument 'cmake_clean_cache' from command line to 'False'
[0.379s] Level 5:colcon.colcon_core.verb:set package 'hexapod' build argument 'cmake_clean_first' from command line to 'False'
[0.379s] Level 5:colcon.colcon_core.verb:set package 'hexapod' build argument 'cmake_force_configure' from command line to 'False'
[0.379s] Level 5:colcon.colcon_core.verb:set package 'hexapod' build argument 'ament_cmake_args' from command line to 'None'
[0.379s] Level 5:colcon.colcon_core.verb:set package 'hexapod' build argument 'catkin_cmake_args' from command line to 'None'
[0.379s] Level 5:colcon.colcon_core.verb:set package 'hexapod' build argument 'catkin_skip_building_tests' from command line to 'False'
[0.379s] DEBUG:colcon.colcon_core.verb:Building package 'hexapod' with the following arguments: {'ament_cmake_args': None, 'build_base': '/home/bartosz-babi-ski/Hexapod_git4/Hexapod/simulation/ros2_ws_hex/build/hexapod', 'catkin_cmake_args': None, 'catkin_skip_building_tests': False, 'cmake_args': None, 'cmake_clean_cache': False, 'cmake_clean_first': False, 'cmake_force_configure': False, 'cmake_target': None, 'cmake_target_skip_unavailable': False, 'install_base': '/home/bartosz-babi-ski/Hexapod_git4/Hexapod/simulation/ros2_ws_hex/install/hexapod', 'merge_install': False, 'path': '/home/bartosz-babi-ski/Hexapod_git4/Hexapod/simulation/ros2_ws_hex/src/hexapod', 'symlink_install': False, 'test_result_base': None}
[0.379s] INFO:colcon.colcon_core.executor:Executing jobs using 'parallel' executor
[0.380s] DEBUG:colcon.colcon_parallel_executor.executor.parallel:run_until_complete
[0.381s] INFO:colcon.colcon_ros.task.ament_cmake.build:Building ROS package in '/home/bartosz-babi-ski/Hexapod_git4/Hexapod/simulation/ros2_ws_hex/src/hexapod_description' with build type 'ament_cmake'
[0.381s] INFO:colcon.colcon_cmake.task.cmake.build:Building CMake package in '/home/bartosz-babi-ski/Hexapod_git4/Hexapod/simulation/ros2_ws_hex/src/hexapod_description'
[0.384s] INFO:colcon.colcon_core.plugin_system:Skipping extension 'colcon_core.shell.bat': Not used on non-Windows systems
[0.384s] INFO:colcon.colcon_core.shell:Skip shell extension 'powershell' for command environment: Not usable outside of PowerShell
[0.384s] DEBUG:colcon.colcon_core.shell:Skip shell extension 'dsv' for command environment
[0.389s] INFO:colcon.colcon_ros.task.ament_cmake.build:Building ROS package in '/home/bartosz-babi-ski/Hexapod_git4/Hexapod/simulation/ros2_ws_hex/src/ros2_controller/om_gravity_compensation_controller' with build type 'ament_cmake'
[0.389s] INFO:colcon.colcon_cmake.task.cmake.build:Building CMake package in '/home/bartosz-babi-ski/Hexapod_git4/Hexapod/simulation/ros2_ws_hex/src/ros2_controller/om_gravity_compensation_controller'
[0.389s] INFO:colcon.colcon_core.shell:Skip shell extension 'powershell' for command environment: Not usable outside of PowerShell
[0.390s] DEBUG:colcon.colcon_core.shell:Skip shell extension 'dsv' for command environment
[0.393s] INFO:colcon.colcon_ros.task.ament_cmake.build:Building ROS package in '/home/bartosz-babi-ski/Hexapod_git4/Hexapod/simulation/ros2_ws_hex/src/ros2_controller/om_joint_trajectory_command_broadcaster' with build type 'ament_cmake'
[0.393s] INFO:colcon.colcon_cmake.task.cmake.build:Building CMake package in '/home/bartosz-babi-ski/Hexapod_git4/Hexapod/simulation/ros2_ws_hex/src/ros2_controller/om_joint_trajectory_command_broadcaster'
[0.393s] INFO:colcon.colcon_core.shell:Skip shell extension 'powershell' for command environment: Not usable outside of PowerShell
[0.393s] DEBUG:colcon.colcon_core.shell:Skip shell extension 'dsv' for command environment
[0.396s] INFO:colcon.colcon_ros.task.ament_cmake.build:Building ROS package in '/home/bartosz-babi-ski/Hexapod_git4/Hexapod/simulation/ros2_ws_hex/src/ros2_controller/om_spring_actuator_controller' with build type 'ament_cmake'
[0.396s] INFO:colcon.colcon_cmake.task.cmake.build:Building CMake package in '/home/bartosz-babi-ski/Hexapod_git4/Hexapod/simulation/ros2_ws_hex/src/ros2_controller/om_spring_actuator_controller'
[0.396s] INFO:colcon.colcon_core.shell:Skip shell extension 'powershell' for command environment: Not usable outside of PowerShell
[0.397s] DEBUG:colcon.colcon_core.shell:Skip shell extension 'dsv' for command environment
[0.404s] DEBUG:colcon.colcon_core.event_handler.log_command:Invoking command in '/home/bartosz-babi-ski/Hexapod_git4/Hexapod/simulation/ros2_ws_hex/build/hexapod_description': CMAKE_PREFIX_PATH=${CMAKE_PREFIX_PATH}:/opt/ros/jazzy DEBUGINFOD_URLS=https://debuginfod.ubuntu.com /usr/bin/cmake --build /home/bartosz-babi-ski/Hexapod_git4/Hexapod/simulation/ros2_ws_hex/build/hexapod_description -- -j12 -l12
[0.410s] DEBUG:colcon.colcon_core.event_handler.log_command:Invoking command in '/home/bartosz-babi-ski/Hexapod_git4/Hexapod/simulation/ros2_ws_hex/build/om_gravity_compensation_controller': CMAKE_PREFIX_PATH=${CMAKE_PREFIX_PATH}:/opt/ros/jazzy DEBUGINFOD_URLS=https://debuginfod.ubuntu.com /usr/bin/cmake --build /home/bartosz-babi-ski/Hexapod_git4/Hexapod/simulation/ros2_ws_hex/build/om_gravity_compensation_controller -- -j12 -l12
[0.412s] DEBUG:colcon.colcon_core.event_handler.log_command:Invoking command in '/home/bartosz-babi-ski/Hexapod_git4/Hexapod/simulation/ros2_ws_hex/build/om_joint_trajectory_command_broadcaster': CMAKE_PREFIX_PATH=${CMAKE_PREFIX_PATH}:/opt/ros/jazzy DEBUGINFOD_URLS=https://debuginfod.ubuntu.com /usr/bin/cmake --build /home/bartosz-babi-ski/Hexapod_git4/Hexapod/simulation/ros2_ws_hex/build/om_joint_trajectory_command_broadcaster -- -j12 -l12
[0.418s] DEBUG:colcon.colcon_core.event_handler.log_command:Invoking command in '/home/bartosz-babi-ski/Hexapod_git4/Hexapod/simulation/ros2_ws_hex/build/om_spring_actuator_controller': CMAKE_PREFIX_PATH=${CMAKE_PREFIX_PATH}:/opt/ros/jazzy DEBUGINFOD_URLS=https://debuginfod.ubuntu.com /usr/bin/cmake --build /home/bartosz-babi-ski/Hexapod_git4/Hexapod/simulation/ros2_ws_hex/build/om_spring_actuator_controller -- -j12 -l12
[0.456s] DEBUG:colcon.colcon_core.event_handler.log_command:Invoked command in '/home/bartosz-babi-ski/Hexapod_git4/Hexapod/simulation/ros2_ws_hex/build/hexapod_description' returned '0': CMAKE_PREFIX_PATH=${CMAKE_PREFIX_PATH}:/opt/ros/jazzy DEBUGINFOD_URLS=https://debuginfod.ubuntu.com /usr/bin/cmake --build /home/bartosz-babi-ski/Hexapod_git4/Hexapod/simulation/ros2_ws_hex/build/hexapod_description -- -j12 -l12
[0.467s] DEBUG:colcon.colcon_core.event_handler.log_command:Invoking command in '/home/bartosz-babi-ski/Hexapod_git4/Hexapod/simulation/ros2_ws_hex/build/hexapod_description': CMAKE_PREFIX_PATH=${CMAKE_PREFIX_PATH}:/opt/ros/jazzy DEBUGINFOD_URLS=https://debuginfod.ubuntu.com /usr/bin/cmake --install /home/bartosz-babi-ski/Hexapod_git4/Hexapod/simulation/ros2_ws_hex/build/hexapod_description
[0.488s] Level 1:colcon.colcon_core.environment:create_environment_scripts_only(hexapod_description)
[0.492s] DEBUG:colcon.colcon_core.event_handler.log_command:Invoked command in '/home/bartosz-babi-ski/Hexapod_git4/Hexapod/simulation/ros2_ws_hex/build/hexapod_description' returned '0': CMAKE_PREFIX_PATH=${CMAKE_PREFIX_PATH}:/opt/ros/jazzy DEBUGINFOD_URLS=https://debuginfod.ubuntu.com /usr/bin/cmake --install /home/bartosz-babi-ski/Hexapod_git4/Hexapod/simulation/ros2_ws_hex/build/hexapod_description
[0.495s] Level 1:colcon.colcon_core.environment:checking '/home/bartosz-babi-ski/Hexapod_git4/Hexapod/simulation/ros2_ws_hex/install/hexapod_description' for CMake module files
[0.496s] Level 1:colcon.colcon_core.environment:checking '/home/bartosz-babi-ski/Hexapod_git4/Hexapod/simulation/ros2_ws_hex/install/hexapod_description' for CMake config files
[0.496s] Level 1:colcon.colcon_core.shell:create_environment_hook('hexapod_description', 'cmake_prefix_path')
[0.497s] INFO:colcon.colcon_core.shell:Creating environment hook '/home/bartosz-babi-ski/Hexapod_git4/Hexapod/simulation/ros2_ws_hex/install/hexapod_description/share/hexapod_description/hook/cmake_prefix_path.ps1'
[0.498s] INFO:colcon.colcon_core.shell:Creating environment descriptor '/home/bartosz-babi-ski/Hexapod_git4/Hexapod/simulation/ros2_ws_hex/install/hexapod_description/share/hexapod_description/hook/cmake_prefix_path.dsv'
[0.498s] INFO:colcon.colcon_core.shell:Creating environment hook '/home/bartosz-babi-ski/Hexapod_git4/Hexapod/simulation/ros2_ws_hex/install/hexapod_description/share/hexapod_description/hook/cmake_prefix_path.sh'
[0.499s] Level 1:colcon.colcon_core.environment:checking '/home/bartosz-babi-ski/Hexapod_git4/Hexapod/simulation/ros2_ws_hex/install/hexapod_description/bin'
[0.499s] Level 1:colcon.colcon_core.environment:checking '/home/bartosz-babi-ski/Hexapod_git4/Hexapod/simulation/ros2_ws_hex/install/hexapod_description/lib/pkgconfig/hexapod_description.pc'
[0.499s] Level 1:colcon.colcon_core.environment:checking '/home/bartosz-babi-ski/Hexapod_git4/Hexapod/simulation/ros2_ws_hex/install/hexapod_description/lib/python3.12/site-packages'
[0.500s] Level 1:colcon.colcon_core.environment:checking '/home/bartosz-babi-ski/Hexapod_git4/Hexapod/simulation/ros2_ws_hex/install/hexapod_description/bin'
[0.500s] INFO:colcon.colcon_core.shell:Creating package script '/home/bartosz-babi-ski/Hexapod_git4/Hexapod/simulation/ros2_ws_hex/install/hexapod_description/share/hexapod_description/package.ps1'
[0.501s] INFO:colcon.colcon_core.shell:Creating package descriptor '/home/bartosz-babi-ski/Hexapod_git4/Hexapod/simulation/ros2_ws_hex/install/hexapod_description/share/hexapod_description/package.dsv'
[0.501s] INFO:colcon.colcon_core.shell:Creating package script '/home/bartosz-babi-ski/Hexapod_git4/Hexapod/simulation/ros2_ws_hex/install/hexapod_description/share/hexapod_description/package.sh'
[0.502s] INFO:colcon.colcon_core.shell:Creating package script '/home/bartosz-babi-ski/Hexapod_git4/Hexapod/simulation/ros2_ws_hex/install/hexapod_description/share/hexapod_description/package.bash'
[0.503s] INFO:colcon.colcon_core.shell:Creating package script '/home/bartosz-babi-ski/Hexapod_git4/Hexapod/simulation/ros2_ws_hex/install/hexapod_description/share/hexapod_description/package.zsh'
[0.503s] Level 1:colcon.colcon_core.environment:create_file_with_runtime_dependencies(/home/bartosz-babi-ski/Hexapod_git4/Hexapod/simulation/ros2_ws_hex/install/hexapod_description/share/colcon-core/packages/hexapod_description)
[0.504s] Level 1:colcon.colcon_core.environment:create_environment_scripts_only(hexapod_description)
[0.504s] Level 1:colcon.colcon_core.environment:checking '/home/bartosz-babi-ski/Hexapod_git4/Hexapod/simulation/ros2_ws_hex/install/hexapod_description' for CMake module files
[0.505s] Level 1:colcon.colcon_core.environment:checking '/home/bartosz-babi-ski/Hexapod_git4/Hexapod/simulation/ros2_ws_hex/install/hexapod_description' for CMake config files
[0.505s] Level 1:colcon.colcon_core.shell:create_environment_hook('hexapod_description', 'cmake_prefix_path')
[0.505s] INFO:colcon.colcon_core.shell:Creating environment hook '/home/bartosz-babi-ski/Hexapod_git4/Hexapod/simulation/ros2_ws_hex/install/hexapod_description/share/hexapod_description/hook/cmake_prefix_path.ps1'
[0.505s] INFO:colcon.colcon_core.shell:Creating environment descriptor '/home/bartosz-babi-ski/Hexapod_git4/Hexapod/simulation/ros2_ws_hex/install/hexapod_description/share/hexapod_description/hook/cmake_prefix_path.dsv'
[0.519s] INFO:colcon.colcon_core.shell:Creating environment hook '/home/bartosz-babi-ski/Hexapod_git4/Hexapod/simulation/ros2_ws_hex/install/hexapod_description/share/hexapod_description/hook/cmake_prefix_path.sh'
[0.519s] Level 1:colcon.colcon_core.environment:checking '/home/bartosz-babi-ski/Hexapod_git4/Hexapod/simulation/ros2_ws_hex/install/hexapod_description/bin'
[0.519s] Level 1:colcon.colcon_core.environment:checking '/home/bartosz-babi-ski/Hexapod_git4/Hexapod/simulation/ros2_ws_hex/install/hexapod_description/lib/pkgconfig/hexapod_description.pc'
[0.520s] Level 1:colcon.colcon_core.environment:checking '/home/bartosz-babi-ski/Hexapod_git4/Hexapod/simulation/ros2_ws_hex/install/hexapod_description/lib/python3.12/site-packages'
[0.520s] Level 1:colcon.colcon_core.environment:checking '/home/bartosz-babi-ski/Hexapod_git4/Hexapod/simulation/ros2_ws_hex/install/hexapod_description/bin'
[0.520s] INFO:colcon.colcon_core.shell:Creating package script '/home/bartosz-babi-ski/Hexapod_git4/Hexapod/simulation/ros2_ws_hex/install/hexapod_description/share/hexapod_description/package.ps1'
[0.521s] INFO:colcon.colcon_core.shell:Creating package descriptor '/home/bartosz-babi-ski/Hexapod_git4/Hexapod/simulation/ros2_ws_hex/install/hexapod_description/share/hexapod_description/package.dsv'
[0.521s] INFO:colcon.colcon_core.shell:Creating package script '/home/bartosz-babi-ski/Hexapod_git4/Hexapod/simulation/ros2_ws_hex/install/hexapod_description/share/hexapod_description/package.sh'
[0.522s] INFO:colcon.colcon_core.shell:Creating package script '/home/bartosz-babi-ski/Hexapod_git4/Hexapod/simulation/ros2_ws_hex/install/hexapod_description/share/hexapod_description/package.bash'
[0.522s] INFO:colcon.colcon_core.shell:Creating package script '/home/bartosz-babi-ski/Hexapod_git4/Hexapod/simulation/ros2_ws_hex/install/hexapod_description/share/hexapod_description/package.zsh'
[0.522s] Level 1:colcon.colcon_core.environment:create_file_with_runtime_dependencies(/home/bartosz-babi-ski/Hexapod_git4/Hexapod/simulation/ros2_ws_hex/install/hexapod_description/share/colcon-core/packages/hexapod_description)
[0.523s] INFO:colcon.colcon_ros.task.ament_cmake.build:Building ROS package in '/home/bartosz-babi-ski/Hexapod_git4/Hexapod/simulation/ros2_ws_hex/src/hex_gz' with build type 'ament_cmake'
[0.523s] INFO:colcon.colcon_cmake.task.cmake.build:Building CMake package in '/home/bartosz-babi-ski/Hexapod_git4/Hexapod/simulation/ros2_ws_hex/src/hex_gz'
[0.523s] INFO:colcon.colcon_core.shell:Skip shell extension 'powershell' for command environment: Not usable outside of PowerShell
[0.523s] DEBUG:colcon.colcon_core.shell:Skip shell extension 'dsv' for command environment
[0.536s] DEBUG:colcon.colcon_core.event_handler.log_command:Invoking command in '/home/bartosz-babi-ski/Hexapod_git4/Hexapod/simulation/ros2_ws_hex/build/hex_gz': AMENT_PREFIX_PATH=/home/bartosz-babi-ski/Hexapod_git4/Hexapod/simulation/ros2_ws_hex/install/hexapod_description:${AMENT_PREFIX_PATH} CMAKE_PREFIX_PATH=/home/bartosz-babi-ski/Hexapod_git4/Hexapod/simulation/ros2_ws_hex/install/hexapod_description:/opt/ros/jazzy/opt/gz_launch_vendor:/opt/ros/jazzy/opt/gz_sim_vendor:/opt/ros/jazzy/opt/gz_sensors_vendor:/opt/ros/jazzy/opt/gz_physics_vendor:/opt/ros/jazzy/opt/sdformat_vendor:/opt/ros/jazzy/opt/gz_gui_vendor:/opt/ros/jazzy/opt/gz_transport_vendor:/opt/ros/jazzy/opt/gz_rendering_vendor:/opt/ros/jazzy/opt/gz_plugin_vendor:/opt/ros/jazzy/opt/gz_fuel_tools_vendor:/opt/ros/jazzy/opt/gz_msgs_vendor:/opt/ros/jazzy/opt/gz_common_vendor:/opt/ros/jazzy/opt/gz_math_vendor:/opt/ros/jazzy/opt/gz_utils_vendor:/opt/ros/jazzy/opt/gz_tools_vendor:/opt/ros/jazzy/opt/gz_ogre_next_vendor:/opt/ros/jazzy/opt/gz_dartsim_vendor:/opt/ros/jazzy/opt/gz_cmake_vendor:/opt/ros/jazzy DEBUGINFOD_URLS=https://debuginfod.ubuntu.com /usr/bin/cmake --build /home/bartosz-babi-ski/Hexapod_git4/Hexapod/simulation/ros2_ws_hex/build/hex_gz -- -j12 -l12
[0.555s] DEBUG:colcon.colcon_core.event_handler.log_command:Invoked command in '/home/bartosz-babi-ski/Hexapod_git4/Hexapod/simulation/ros2_ws_hex/build/om_joint_trajectory_command_broadcaster' returned '0': CMAKE_PREFIX_PATH=${CMAKE_PREFIX_PATH}:/opt/ros/jazzy DEBUGINFOD_URLS=https://debuginfod.ubuntu.com /usr/bin/cmake --build /home/bartosz-babi-ski/Hexapod_git4/Hexapod/simulation/ros2_ws_hex/build/om_joint_trajectory_command_broadcaster -- -j12 -l12
[0.557s] DEBUG:colcon.colcon_core.event_handler.log_command:Invoking command in '/home/bartosz-babi-ski/Hexapod_git4/Hexapod/simulation/ros2_ws_hex/build/om_joint_trajectory_command_broadcaster': CMAKE_PREFIX_PATH=${CMAKE_PREFIX_PATH}:/opt/ros/jazzy DEBUGINFOD_URLS=https://debuginfod.ubuntu.com /usr/bin/cmake --install /home/bartosz-babi-ski/Hexapod_git4/Hexapod/simulation/ros2_ws_hex/build/om_joint_trajectory_command_broadcaster
[0.557s] DEBUG:colcon.colcon_core.event_handler.log_command:Invoked command in '/home/bartosz-babi-ski/Hexapod_git4/Hexapod/simulation/ros2_ws_hex/build/om_spring_actuator_controller' returned '0': CMAKE_PREFIX_PATH=${CMAKE_PREFIX_PATH}:/opt/ros/jazzy DEBUGINFOD_URLS=https://debuginfod.ubuntu.com /usr/bin/cmake --build /home/bartosz-babi-ski/Hexapod_git4/Hexapod/simulation/ros2_ws_hex/build/om_spring_actuator_controller -- -j12 -l12
[0.559s] DEBUG:colcon.colcon_core.event_handler.log_command:Invoking command in '/home/bartosz-babi-ski/Hexapod_git4/Hexapod/simulation/ros2_ws_hex/build/om_spring_actuator_controller': CMAKE_PREFIX_PATH=${CMAKE_PREFIX_PATH}:/opt/ros/jazzy DEBUGINFOD_URLS=https://debuginfod.ubuntu.com /usr/bin/cmake --install /home/bartosz-babi-ski/Hexapod_git4/Hexapod/simulation/ros2_ws_hex/build/om_spring_actuator_controller
[0.560s] DEBUG:colcon.colcon_core.event_handler.log_command:Invoked command in '/home/bartosz-babi-ski/Hexapod_git4/Hexapod/simulation/ros2_ws_hex/build/om_gravity_compensation_controller' returned '0': CMAKE_PREFIX_PATH=${CMAKE_PREFIX_PATH}:/opt/ros/jazzy DEBUGINFOD_URLS=https://debuginfod.ubuntu.com /usr/bin/cmake --build /home/bartosz-babi-ski/Hexapod_git4/Hexapod/simulation/ros2_ws_hex/build/om_gravity_compensation_controller -- -j12 -l12
[0.562s] DEBUG:colcon.colcon_core.event_handler.log_command:Invoking command in '/home/bartosz-babi-ski/Hexapod_git4/Hexapod/simulation/ros2_ws_hex/build/om_gravity_compensation_controller': CMAKE_PREFIX_PATH=${CMAKE_PREFIX_PATH}:/opt/ros/jazzy DEBUGINFOD_URLS=https://debuginfod.ubuntu.com /usr/bin/cmake --install /home/bartosz-babi-ski/Hexapod_git4/Hexapod/simulation/ros2_ws_hex/build/om_gravity_compensation_controller
[0.580s] Level 1:colcon.colcon_core.environment:create_environment_scripts_only(om_joint_trajectory_command_broadcaster)
[0.580s] Level 1:colcon.colcon_core.environment:checking '/home/bartosz-babi-ski/Hexapod_git4/Hexapod/simulation/ros2_ws_hex/install/om_joint_trajectory_command_broadcaster' for CMake module files
[0.580s] DEBUG:colcon.colcon_core.event_handler.log_command:Invoked command in '/home/bartosz-babi-ski/Hexapod_git4/Hexapod/simulation/ros2_ws_hex/build/om_joint_trajectory_command_broadcaster' returned '0': CMAKE_PREFIX_PATH=${CMAKE_PREFIX_PATH}:/opt/ros/jazzy DEBUGINFOD_URLS=https://debuginfod.ubuntu.com /usr/bin/cmake --install /home/bartosz-babi-ski/Hexapod_git4/Hexapod/simulation/ros2_ws_hex/build/om_joint_trajectory_command_broadcaster
[0.581s] Level 1:colcon.colcon_core.environment:checking '/home/bartosz-babi-ski/Hexapod_git4/Hexapod/simulation/ros2_ws_hex/install/om_joint_trajectory_command_broadcaster' for CMake config files
[0.582s] Level 1:colcon.colcon_core.shell:create_environment_hook('om_joint_trajectory_command_broadcaster', 'cmake_prefix_path')
[0.583s] INFO:colcon.colcon_core.shell:Creating environment hook '/home/bartosz-babi-ski/Hexapod_git4/Hexapod/simulation/ros2_ws_hex/install/om_joint_trajectory_command_broadcaster/share/om_joint_trajectory_command_broadcaster/hook/cmake_prefix_path.ps1'
[0.583s] INFO:colcon.colcon_core.shell:Creating environment descriptor '/home/bartosz-babi-ski/Hexapod_git4/Hexapod/simulation/ros2_ws_hex/install/om_joint_trajectory_command_broadcaster/share/om_joint_trajectory_command_broadcaster/hook/cmake_prefix_path.dsv'
[0.584s] INFO:colcon.colcon_core.shell:Creating environment hook '/home/bartosz-babi-ski/Hexapod_git4/Hexapod/simulation/ros2_ws_hex/install/om_joint_trajectory_command_broadcaster/share/om_joint_trajectory_command_broadcaster/hook/cmake_prefix_path.sh'
[0.585s] Level 1:colcon.colcon_core.environment:checking '/home/bartosz-babi-ski/Hexapod_git4/Hexapod/simulation/ros2_ws_hex/install/om_joint_trajectory_command_broadcaster/lib'
[0.585s] Level 1:colcon.colcon_core.shell:create_environment_hook('om_joint_trajectory_command_broadcaster', 'ld_library_path_lib')
[0.585s] INFO:colcon.colcon_core.shell:Creating environment hook '/home/bartosz-babi-ski/Hexapod_git4/Hexapod/simulation/ros2_ws_hex/install/om_joint_trajectory_command_broadcaster/share/om_joint_trajectory_command_broadcaster/hook/ld_library_path_lib.ps1'
[0.586s] INFO:colcon.colcon_core.shell:Creating environment descriptor '/home/bartosz-babi-ski/Hexapod_git4/Hexapod/simulation/ros2_ws_hex/install/om_joint_trajectory_command_broadcaster/share/om_joint_trajectory_command_broadcaster/hook/ld_library_path_lib.dsv'
[0.586s] INFO:colcon.colcon_core.shell:Creating environment hook '/home/bartosz-babi-ski/Hexapod_git4/Hexapod/simulation/ros2_ws_hex/install/om_joint_trajectory_command_broadcaster/share/om_joint_trajectory_command_broadcaster/hook/ld_library_path_lib.sh'
[0.587s] Level 1:colcon.colcon_core.environment:checking '/home/bartosz-babi-ski/Hexapod_git4/Hexapod/simulation/ros2_ws_hex/install/om_joint_trajectory_command_broadcaster/bin'
[0.587s] Level 1:colcon.colcon_core.environment:checking '/home/bartosz-babi-ski/Hexapod_git4/Hexapod/simulation/ros2_ws_hex/install/om_joint_trajectory_command_broadcaster/lib/pkgconfig/om_joint_trajectory_command_broadcaster.pc'
[0.587s] Level 1:colcon.colcon_core.environment:checking '/home/bartosz-babi-ski/Hexapod_git4/Hexapod/simulation/ros2_ws_hex/install/om_joint_trajectory_command_broadcaster/lib/python3.12/site-packages'
[0.587s] Level 1:colcon.colcon_core.environment:checking '/home/bartosz-babi-ski/Hexapod_git4/Hexapod/simulation/ros2_ws_hex/install/om_joint_trajectory_command_broadcaster/bin'
[0.588s] INFO:colcon.colcon_core.shell:Creating package script '/home/bartosz-babi-ski/Hexapod_git4/Hexapod/simulation/ros2_ws_hex/install/om_joint_trajectory_command_broadcaster/share/om_joint_trajectory_command_broadcaster/package.ps1'
[0.588s] INFO:colcon.colcon_core.shell:Creating package descriptor '/home/bartosz-babi-ski/Hexapod_git4/Hexapod/simulation/ros2_ws_hex/install/om_joint_trajectory_command_broadcaster/share/om_joint_trajectory_command_broadcaster/package.dsv'
[0.589s] INFO:colcon.colcon_core.shell:Creating package script '/home/bartosz-babi-ski/Hexapod_git4/Hexapod/simulation/ros2_ws_hex/install/om_joint_trajectory_command_broadcaster/share/om_joint_trajectory_command_broadcaster/package.sh'
[0.589s] INFO:colcon.colcon_core.shell:Creating package script '/home/bartosz-babi-ski/Hexapod_git4/Hexapod/simulation/ros2_ws_hex/install/om_joint_trajectory_command_broadcaster/share/om_joint_trajectory_command_broadcaster/package.bash'
[0.589s] INFO:colcon.colcon_core.shell:Creating package script '/home/bartosz-babi-ski/Hexapod_git4/Hexapod/simulation/ros2_ws_hex/install/om_joint_trajectory_command_broadcaster/share/om_joint_trajectory_command_broadcaster/package.zsh'
[0.590s] Level 1:colcon.colcon_core.environment:create_file_with_runtime_dependencies(/home/bartosz-babi-ski/Hexapod_git4/Hexapod/simulation/ros2_ws_hex/install/om_joint_trajectory_command_broadcaster/share/colcon-core/packages/om_joint_trajectory_command_broadcaster)
[0.590s] Level 1:colcon.colcon_core.environment:create_environment_scripts_only(om_joint_trajectory_command_broadcaster)
[0.590s] Level 1:colcon.colcon_core.environment:checking '/home/bartosz-babi-ski/Hexapod_git4/Hexapod/simulation/ros2_ws_hex/install/om_joint_trajectory_command_broadcaster' for CMake module files
[0.591s] Level 1:colcon.colcon_core.environment:checking '/home/bartosz-babi-ski/Hexapod_git4/Hexapod/simulation/ros2_ws_hex/install/om_joint_trajectory_command_broadcaster' for CMake config files
[0.591s] Level 1:colcon.colcon_core.shell:create_environment_hook('om_joint_trajectory_command_broadcaster', 'cmake_prefix_path')
[0.591s] INFO:colcon.colcon_core.shell:Creating environment hook '/home/bartosz-babi-ski/Hexapod_git4/Hexapod/simulation/ros2_ws_hex/install/om_joint_trajectory_command_broadcaster/share/om_joint_trajectory_command_broadcaster/hook/cmake_prefix_path.ps1'
[0.591s] INFO:colcon.colcon_core.shell:Creating environment descriptor '/home/bartosz-babi-ski/Hexapod_git4/Hexapod/simulation/ros2_ws_hex/install/om_joint_trajectory_command_broadcaster/share/om_joint_trajectory_command_broadcaster/hook/cmake_prefix_path.dsv'
[0.592s] INFO:colcon.colcon_core.shell:Creating environment hook '/home/bartosz-babi-ski/Hexapod_git4/Hexapod/simulation/ros2_ws_hex/install/om_joint_trajectory_command_broadcaster/share/om_joint_trajectory_command_broadcaster/hook/cmake_prefix_path.sh'
[0.592s] Level 1:colcon.colcon_core.environment:checking '/home/bartosz-babi-ski/Hexapod_git4/Hexapod/simulation/ros2_ws_hex/install/om_joint_trajectory_command_broadcaster/lib'
[0.592s] Level 1:colcon.colcon_core.shell:create_environment_hook('om_joint_trajectory_command_broadcaster', 'ld_library_path_lib')
[0.592s] INFO:colcon.colcon_core.shell:Creating environment hook '/home/bartosz-babi-ski/Hexapod_git4/Hexapod/simulation/ros2_ws_hex/install/om_joint_trajectory_command_broadcaster/share/om_joint_trajectory_command_broadcaster/hook/ld_library_path_lib.ps1'
[0.593s] INFO:colcon.colcon_core.shell:Creating environment descriptor '/home/bartosz-babi-ski/Hexapod_git4/Hexapod/simulation/ros2_ws_hex/install/om_joint_trajectory_command_broadcaster/share/om_joint_trajectory_command_broadcaster/hook/ld_library_path_lib.dsv'
[0.593s] INFO:colcon.colcon_core.shell:Creating environment hook '/home/bartosz-babi-ski/Hexapod_git4/Hexapod/simulation/ros2_ws_hex/install/om_joint_trajectory_command_broadcaster/share/om_joint_trajectory_command_broadcaster/hook/ld_library_path_lib.sh'
[0.593s] Level 1:colcon.colcon_core.environment:checking '/home/bartosz-babi-ski/Hexapod_git4/Hexapod/simulation/ros2_ws_hex/install/om_joint_trajectory_command_broadcaster/bin'
[0.593s] Level 1:colcon.colcon_core.environment:checking '/home/bartosz-babi-ski/Hexapod_git4/Hexapod/simulation/ros2_ws_hex/install/om_joint_trajectory_command_broadcaster/lib/pkgconfig/om_joint_trajectory_command_broadcaster.pc'
[0.593s] Level 1:colcon.colcon_core.environment:checking '/home/bartosz-babi-ski/Hexapod_git4/Hexapod/simulation/ros2_ws_hex/install/om_joint_trajectory_command_broadcaster/lib/python3.12/site-packages'
[0.594s] Level 1:colcon.colcon_core.environment:checking '/home/bartosz-babi-ski/Hexapod_git4/Hexapod/simulation/ros2_ws_hex/install/om_joint_trajectory_command_broadcaster/bin'
[0.594s] INFO:colcon.colcon_core.shell:Creating package script '/home/bartosz-babi-ski/Hexapod_git4/Hexapod/simulation/ros2_ws_hex/install/om_joint_trajectory_command_broadcaster/share/om_joint_trajectory_command_broadcaster/package.ps1'
[0.594s] INFO:colcon.colcon_core.shell:Creating package descriptor '/home/bartosz-babi-ski/Hexapod_git4/Hexapod/simulation/ros2_ws_hex/install/om_joint_trajectory_command_broadcaster/share/om_joint_trajectory_command_broadcaster/package.dsv'
[0.595s] INFO:colcon.colcon_core.shell:Creating package script '/home/bartosz-babi-ski/Hexapod_git4/Hexapod/simulation/ros2_ws_hex/install/om_joint_trajectory_command_broadcaster/share/om_joint_trajectory_command_broadcaster/package.sh'
[0.595s] INFO:colcon.colcon_core.shell:Creating package script '/home/bartosz-babi-ski/Hexapod_git4/Hexapod/simulation/ros2_ws_hex/install/om_joint_trajectory_command_broadcaster/share/om_joint_trajectory_command_broadcaster/package.bash'
[0.595s] INFO:colcon.colcon_core.shell:Creating package script '/home/bartosz-babi-ski/Hexapod_git4/Hexapod/simulation/ros2_ws_hex/install/om_joint_trajectory_command_broadcaster/share/om_joint_trajectory_command_broadcaster/package.zsh'
[0.596s] Level 1:colcon.colcon_core.environment:create_file_with_runtime_dependencies(/home/bartosz-babi-ski/Hexapod_git4/Hexapod/simulation/ros2_ws_hex/install/om_joint_trajectory_command_broadcaster/share/colcon-core/packages/om_joint_trajectory_command_broadcaster)
[0.596s] Level 1:colcon.colcon_core.environment:create_environment_scripts_only(om_spring_actuator_controller)
[0.596s] Level 1:colcon.colcon_core.environment:checking '/home/bartosz-babi-ski/Hexapod_git4/Hexapod/simulation/ros2_ws_hex/install/om_spring_actuator_controller' for CMake module files
[0.597s] DEBUG:colcon.colcon_core.event_handler.log_command:Invoked command in '/home/bartosz-babi-ski/Hexapod_git4/Hexapod/simulation/ros2_ws_hex/build/om_spring_actuator_controller' returned '0': CMAKE_PREFIX_PATH=${CMAKE_PREFIX_PATH}:/opt/ros/jazzy DEBUGINFOD_URLS=https://debuginfod.ubuntu.com /usr/bin/cmake --install /home/bartosz-babi-ski/Hexapod_git4/Hexapod/simulation/ros2_ws_hex/build/om_spring_actuator_controller
[0.597s] Level 1:colcon.colcon_core.environment:checking '/home/bartosz-babi-ski/Hexapod_git4/Hexapod/simulation/ros2_ws_hex/install/om_spring_actuator_controller' for CMake config files
[0.598s] Level 1:colcon.colcon_core.shell:create_environment_hook('om_spring_actuator_controller', 'cmake_prefix_path')
[0.598s] INFO:colcon.colcon_core.shell:Creating environment hook '/home/bartosz-babi-ski/Hexapod_git4/Hexapod/simulation/ros2_ws_hex/install/om_spring_actuator_controller/share/om_spring_actuator_controller/hook/cmake_prefix_path.ps1'
[0.599s] INFO:colcon.colcon_core.shell:Creating environment descriptor '/home/bartosz-babi-ski/Hexapod_git4/Hexapod/simulation/ros2_ws_hex/install/om_spring_actuator_controller/share/om_spring_actuator_controller/hook/cmake_prefix_path.dsv'
[0.599s] INFO:colcon.colcon_core.shell:Creating environment hook '/home/bartosz-babi-ski/Hexapod_git4/Hexapod/simulation/ros2_ws_hex/install/om_spring_actuator_controller/share/om_spring_actuator_controller/hook/cmake_prefix_path.sh'
[0.599s] Level 1:colcon.colcon_core.environment:checking '/home/bartosz-babi-ski/Hexapod_git4/Hexapod/simulation/ros2_ws_hex/install/om_spring_actuator_controller/lib'
[0.599s] Level 1:colcon.colcon_core.shell:create_environment_hook('om_spring_actuator_controller', 'ld_library_path_lib')
[0.600s] INFO:colcon.colcon_core.shell:Creating environment hook '/home/bartosz-babi-ski/Hexapod_git4/Hexapod/simulation/ros2_ws_hex/install/om_spring_actuator_controller/share/om_spring_actuator_controller/hook/ld_library_path_lib.ps1'
[0.600s] INFO:colcon.colcon_core.shell:Creating environment descriptor '/home/bartosz-babi-ski/Hexapod_git4/Hexapod/simulation/ros2_ws_hex/install/om_spring_actuator_controller/share/om_spring_actuator_controller/hook/ld_library_path_lib.dsv'
[0.600s] INFO:colcon.colcon_core.shell:Creating environment hook '/home/bartosz-babi-ski/Hexapod_git4/Hexapod/simulation/ros2_ws_hex/install/om_spring_actuator_controller/share/om_spring_actuator_controller/hook/ld_library_path_lib.sh'
[0.600s] Level 1:colcon.colcon_core.environment:checking '/home/bartosz-babi-ski/Hexapod_git4/Hexapod/simulation/ros2_ws_hex/install/om_spring_actuator_controller/bin'
[0.601s] Level 1:colcon.colcon_core.environment:checking '/home/bartosz-babi-ski/Hexapod_git4/Hexapod/simulation/ros2_ws_hex/install/om_spring_actuator_controller/lib/pkgconfig/om_spring_actuator_controller.pc'
[0.601s] Level 1:colcon.colcon_core.environment:checking '/home/bartosz-babi-ski/Hexapod_git4/Hexapod/simulation/ros2_ws_hex/install/om_spring_actuator_controller/lib/python3.12/site-packages'
[0.601s] Level 1:colcon.colcon_core.environment:checking '/home/bartosz-babi-ski/Hexapod_git4/Hexapod/simulation/ros2_ws_hex/install/om_spring_actuator_controller/bin'
[0.601s] INFO:colcon.colcon_core.shell:Creating package script '/home/bartosz-babi-ski/Hexapod_git4/Hexapod/simulation/ros2_ws_hex/install/om_spring_actuator_controller/share/om_spring_actuator_controller/package.ps1'
[0.602s] INFO:colcon.colcon_core.shell:Creating package descriptor '/home/bartosz-babi-ski/Hexapod_git4/Hexapod/simulation/ros2_ws_hex/install/om_spring_actuator_controller/share/om_spring_actuator_controller/package.dsv'
[0.602s] INFO:colcon.colcon_core.shell:Creating package script '/home/bartosz-babi-ski/Hexapod_git4/Hexapod/simulation/ros2_ws_hex/install/om_spring_actuator_controller/share/om_spring_actuator_controller/package.sh'
[0.602s] INFO:colcon.colcon_core.shell:Creating package script '/home/bartosz-babi-ski/Hexapod_git4/Hexapod/simulation/ros2_ws_hex/install/om_spring_actuator_controller/share/om_spring_actuator_controller/package.bash'
[0.602s] INFO:colcon.colcon_core.shell:Creating package script '/home/bartosz-babi-ski/Hexapod_git4/Hexapod/simulation/ros2_ws_hex/install/om_spring_actuator_controller/share/om_spring_actuator_controller/package.zsh'
[0.603s] Level 1:colcon.colcon_core.environment:create_file_with_runtime_dependencies(/home/bartosz-babi-ski/Hexapod_git4/Hexapod/simulation/ros2_ws_hex/install/om_spring_actuator_controller/share/colcon-core/packages/om_spring_actuator_controller)
[0.603s] Level 1:colcon.colcon_core.environment:create_environment_scripts_only(om_spring_actuator_controller)
[0.603s] Level 1:colcon.colcon_core.environment:checking '/home/bartosz-babi-ski/Hexapod_git4/Hexapod/simulation/ros2_ws_hex/install/om_spring_actuator_controller' for CMake module files
[0.604s] Level 1:colcon.colcon_core.environment:checking '/home/bartosz-babi-ski/Hexapod_git4/Hexapod/simulation/ros2_ws_hex/install/om_spring_actuator_controller' for CMake config files
[0.604s] Level 1:colcon.colcon_core.shell:create_environment_hook('om_spring_actuator_controller', 'cmake_prefix_path')
[0.604s] INFO:colcon.colcon_core.shell:Creating environment hook '/home/bartosz-babi-ski/Hexapod_git4/Hexapod/simulation/ros2_ws_hex/install/om_spring_actuator_controller/share/om_spring_actuator_controller/hook/cmake_prefix_path.ps1'
[0.605s] INFO:colcon.colcon_core.shell:Creating environment descriptor '/home/bartosz-babi-ski/Hexapod_git4/Hexapod/simulation/ros2_ws_hex/install/om_spring_actuator_controller/share/om_spring_actuator_controller/hook/cmake_prefix_path.dsv'
[0.605s] INFO:colcon.colcon_core.shell:Creating environment hook '/home/bartosz-babi-ski/Hexapod_git4/Hexapod/simulation/ros2_ws_hex/install/om_spring_actuator_controller/share/om_spring_actuator_controller/hook/cmake_prefix_path.sh'
[0.606s] Level 1:colcon.colcon_core.environment:checking '/home/bartosz-babi-ski/Hexapod_git4/Hexapod/simulation/ros2_ws_hex/install/om_spring_actuator_controller/lib'
[0.606s] Level 1:colcon.colcon_core.shell:create_environment_hook('om_spring_actuator_controller', 'ld_library_path_lib')
[0.606s] INFO:colcon.colcon_core.shell:Creating environment hook '/home/bartosz-babi-ski/Hexapod_git4/Hexapod/simulation/ros2_ws_hex/install/om_spring_actuator_controller/share/om_spring_actuator_controller/hook/ld_library_path_lib.ps1'
[0.607s] INFO:colcon.colcon_core.shell:Creating environment descriptor '/home/bartosz-babi-ski/Hexapod_git4/Hexapod/simulation/ros2_ws_hex/install/om_spring_actuator_controller/share/om_spring_actuator_controller/hook/ld_library_path_lib.dsv'
[0.608s] INFO:colcon.colcon_core.shell:Creating environment hook '/home/bartosz-babi-ski/Hexapod_git4/Hexapod/simulation/ros2_ws_hex/install/om_spring_actuator_controller/share/om_spring_actuator_controller/hook/ld_library_path_lib.sh'
[0.608s] Level 1:colcon.colcon_core.environment:checking '/home/bartosz-babi-ski/Hexapod_git4/Hexapod/simulation/ros2_ws_hex/install/om_spring_actuator_controller/bin'
[0.608s] Level 1:colcon.colcon_core.environment:checking '/home/bartosz-babi-ski/Hexapod_git4/Hexapod/simulation/ros2_ws_hex/install/om_spring_actuator_controller/lib/pkgconfig/om_spring_actuator_controller.pc'
[0.608s] Level 1:colcon.colcon_core.environment:checking '/home/bartosz-babi-ski/Hexapod_git4/Hexapod/simulation/ros2_ws_hex/install/om_spring_actuator_controller/lib/python3.12/site-packages'
[0.609s] Level 1:colcon.colcon_core.environment:checking '/home/bartosz-babi-ski/Hexapod_git4/Hexapod/simulation/ros2_ws_hex/install/om_spring_actuator_controller/bin'
[0.609s] INFO:colcon.colcon_core.shell:Creating package script '/home/bartosz-babi-ski/Hexapod_git4/Hexapod/simulation/ros2_ws_hex/install/om_spring_actuator_controller/share/om_spring_actuator_controller/package.ps1'
[0.610s] INFO:colcon.colcon_core.shell:Creating package descriptor '/home/bartosz-babi-ski/Hexapod_git4/Hexapod/simulation/ros2_ws_hex/install/om_spring_actuator_controller/share/om_spring_actuator_controller/package.dsv'
[0.611s] INFO:colcon.colcon_core.shell:Creating package script '/home/bartosz-babi-ski/Hexapod_git4/Hexapod/simulation/ros2_ws_hex/install/om_spring_actuator_controller/share/om_spring_actuator_controller/package.sh'
[0.612s] INFO:colcon.colcon_core.shell:Creating package script '/home/bartosz-babi-ski/Hexapod_git4/Hexapod/simulation/ros2_ws_hex/install/om_spring_actuator_controller/share/om_spring_actuator_controller/package.bash'
[0.612s] INFO:colcon.colcon_core.shell:Creating package script '/home/bartosz-babi-ski/Hexapod_git4/Hexapod/simulation/ros2_ws_hex/install/om_spring_actuator_controller/share/om_spring_actuator_controller/package.zsh'
[0.613s] Level 1:colcon.colcon_core.environment:create_file_with_runtime_dependencies(/home/bartosz-babi-ski/Hexapod_git4/Hexapod/simulation/ros2_ws_hex/install/om_spring_actuator_controller/share/colcon-core/packages/om_spring_actuator_controller)
[0.614s] DEBUG:colcon.colcon_core.event_handler.log_command:Invoked command in '/home/bartosz-babi-ski/Hexapod_git4/Hexapod/simulation/ros2_ws_hex/build/hex_gz' returned '0': AMENT_PREFIX_PATH=/home/bartosz-babi-ski/Hexapod_git4/Hexapod/simulation/ros2_ws_hex/install/hexapod_description:${AMENT_PREFIX_PATH} CMAKE_PREFIX_PATH=/home/bartosz-babi-ski/Hexapod_git4/Hexapod/simulation/ros2_ws_hex/install/hexapod_description:/opt/ros/jazzy/opt/gz_launch_vendor:/opt/ros/jazzy/opt/gz_sim_vendor:/opt/ros/jazzy/opt/gz_sensors_vendor:/opt/ros/jazzy/opt/gz_physics_vendor:/opt/ros/jazzy/opt/sdformat_vendor:/opt/ros/jazzy/opt/gz_gui_vendor:/opt/ros/jazzy/opt/gz_transport_vendor:/opt/ros/jazzy/opt/gz_rendering_vendor:/opt/ros/jazzy/opt/gz_plugin_vendor:/opt/ros/jazzy/opt/gz_fuel_tools_vendor:/opt/ros/jazzy/opt/gz_msgs_vendor:/opt/ros/jazzy/opt/gz_common_vendor:/opt/ros/jazzy/opt/gz_math_vendor:/opt/ros/jazzy/opt/gz_utils_vendor:/opt/ros/jazzy/opt/gz_tools_vendor:/opt/ros/jazzy/opt/gz_ogre_next_vendor:/opt/ros/jazzy/opt/gz_dartsim_vendor:/opt/ros/jazzy/opt/gz_cmake_vendor:/opt/ros/jazzy DEBUGINFOD_URLS=https://debuginfod.ubuntu.com /usr/bin/cmake --build /home/bartosz-babi-ski/Hexapod_git4/Hexapod/simulation/ros2_ws_hex/build/hex_gz -- -j12 -l12
[0.615s] DEBUG:colcon.colcon_core.event_handler.log_command:Invoking command in '/home/bartosz-babi-ski/Hexapod_git4/Hexapod/simulation/ros2_ws_hex/build/hex_gz': AMENT_PREFIX_PATH=/home/bartosz-babi-ski/Hexapod_git4/Hexapod/simulation/ros2_ws_hex/install/hexapod_description:${AMENT_PREFIX_PATH} CMAKE_PREFIX_PATH=/home/bartosz-babi-ski/Hexapod_git4/Hexapod/simulation/ros2_ws_hex/install/hexapod_description:/opt/ros/jazzy/opt/gz_launch_vendor:/opt/ros/jazzy/opt/gz_sim_vendor:/opt/ros/jazzy/opt/gz_sensors_vendor:/opt/ros/jazzy/opt/gz_physics_vendor:/opt/ros/jazzy/opt/sdformat_vendor:/opt/ros/jazzy/opt/gz_gui_vendor:/opt/ros/jazzy/opt/gz_transport_vendor:/opt/ros/jazzy/opt/gz_rendering_vendor:/opt/ros/jazzy/opt/gz_plugin_vendor:/opt/ros/jazzy/opt/gz_fuel_tools_vendor:/opt/ros/jazzy/opt/gz_msgs_vendor:/opt/ros/jazzy/opt/gz_common_vendor:/opt/ros/jazzy/opt/gz_math_vendor:/opt/ros/jazzy/opt/gz_utils_vendor:/opt/ros/jazzy/opt/gz_tools_vendor:/opt/ros/jazzy/opt/gz_ogre_next_vendor:/opt/ros/jazzy/opt/gz_dartsim_vendor:/opt/ros/jazzy/opt/gz_cmake_vendor:/opt/ros/jazzy DEBUGINFOD_URLS=https://debuginfod.ubuntu.com /usr/bin/cmake --install /home/bartosz-babi-ski/Hexapod_git4/Hexapod/simulation/ros2_ws_hex/build/hex_gz
[0.616s] Level 1:colcon.colcon_core.environment:create_environment_scripts_only(om_gravity_compensation_controller)
[0.616s] Level 1:colcon.colcon_core.environment:checking '/home/bartosz-babi-ski/Hexapod_git4/Hexapod/simulation/ros2_ws_hex/install/om_gravity_compensation_controller' for CMake module files
[0.617s] DEBUG:colcon.colcon_core.event_handler.log_command:Invoked command in '/home/bartosz-babi-ski/Hexapod_git4/Hexapod/simulation/ros2_ws_hex/build/om_gravity_compensation_controller' returned '0': CMAKE_PREFIX_PATH=${CMAKE_PREFIX_PATH}:/opt/ros/jazzy DEBUGINFOD_URLS=https://debuginfod.ubuntu.com /usr/bin/cmake --install /home/bartosz-babi-ski/Hexapod_git4/Hexapod/simulation/ros2_ws_hex/build/om_gravity_compensation_controller
[0.617s] Level 1:colcon.colcon_core.environment:checking '/home/bartosz-babi-ski/Hexapod_git4/Hexapod/simulation/ros2_ws_hex/install/om_gravity_compensation_controller' for CMake config files
[0.618s] Level 1:colcon.colcon_core.shell:create_environment_hook('om_gravity_compensation_controller', 'cmake_prefix_path')
[0.618s] INFO:colcon.colcon_core.shell:Creating environment hook '/home/bartosz-babi-ski/Hexapod_git4/Hexapod/simulation/ros2_ws_hex/install/om_gravity_compensation_controller/share/om_gravity_compensation_controller/hook/cmake_prefix_path.ps1'
[0.618s] INFO:colcon.colcon_core.shell:Creating environment descriptor '/home/bartosz-babi-ski/Hexapod_git4/Hexapod/simulation/ros2_ws_hex/install/om_gravity_compensation_controller/share/om_gravity_compensation_controller/hook/cmake_prefix_path.dsv'
[0.619s] INFO:colcon.colcon_core.shell:Creating environment hook '/home/bartosz-babi-ski/Hexapod_git4/Hexapod/simulation/ros2_ws_hex/install/om_gravity_compensation_controller/share/om_gravity_compensation_controller/hook/cmake_prefix_path.sh'
[0.620s] Level 1:colcon.colcon_core.environment:checking '/home/bartosz-babi-ski/Hexapod_git4/Hexapod/simulation/ros2_ws_hex/install/om_gravity_compensation_controller/lib'
[0.620s] Level 1:colcon.colcon_core.shell:create_environment_hook('om_gravity_compensation_controller', 'ld_library_path_lib')
[0.620s] INFO:colcon.colcon_core.shell:Creating environment hook '/home/bartosz-babi-ski/Hexapod_git4/Hexapod/simulation/ros2_ws_hex/install/om_gravity_compensation_controller/share/om_gravity_compensation_controller/hook/ld_library_path_lib.ps1'
[0.620s] INFO:colcon.colcon_core.shell:Creating environment descriptor '/home/bartosz-babi-ski/Hexapod_git4/Hexapod/simulation/ros2_ws_hex/install/om_gravity_compensation_controller/share/om_gravity_compensation_controller/hook/ld_library_path_lib.dsv'
[0.621s] INFO:colcon.colcon_core.shell:Creating environment hook '/home/bartosz-babi-ski/Hexapod_git4/Hexapod/simulation/ros2_ws_hex/install/om_gravity_compensation_controller/share/om_gravity_compensation_controller/hook/ld_library_path_lib.sh'
[0.621s] Level 1:colcon.colcon_core.environment:checking '/home/bartosz-babi-ski/Hexapod_git4/Hexapod/simulation/ros2_ws_hex/install/om_gravity_compensation_controller/bin'
[0.621s] Level 1:colcon.colcon_core.environment:checking '/home/bartosz-babi-ski/Hexapod_git4/Hexapod/simulation/ros2_ws_hex/install/om_gravity_compensation_controller/lib/pkgconfig/om_gravity_compensation_controller.pc'
[0.621s] Level 1:colcon.colcon_core.environment:checking '/home/bartosz-babi-ski/Hexapod_git4/Hexapod/simulation/ros2_ws_hex/install/om_gravity_compensation_controller/lib/python3.12/site-packages'
[0.622s] Level 1:colcon.colcon_core.environment:checking '/home/bartosz-babi-ski/Hexapod_git4/Hexapod/simulation/ros2_ws_hex/install/om_gravity_compensation_controller/bin'
[0.622s] INFO:colcon.colcon_core.shell:Creating package script '/home/bartosz-babi-ski/Hexapod_git4/Hexapod/simulation/ros2_ws_hex/install/om_gravity_compensation_controller/share/om_gravity_compensation_controller/package.ps1'
[0.622s] INFO:colcon.colcon_core.shell:Creating package descriptor '/home/bartosz-babi-ski/Hexapod_git4/Hexapod/simulation/ros2_ws_hex/install/om_gravity_compensation_controller/share/om_gravity_compensation_controller/package.dsv'
[0.623s] INFO:colcon.colcon_core.shell:Creating package script '/home/bartosz-babi-ski/Hexapod_git4/Hexapod/simulation/ros2_ws_hex/install/om_gravity_compensation_controller/share/om_gravity_compensation_controller/package.sh'
[0.623s] INFO:colcon.colcon_core.shell:Creating package script '/home/bartosz-babi-ski/Hexapod_git4/Hexapod/simulation/ros2_ws_hex/install/om_gravity_compensation_controller/share/om_gravity_compensation_controller/package.bash'
[0.624s] INFO:colcon.colcon_core.shell:Creating package script '/home/bartosz-babi-ski/Hexapod_git4/Hexapod/simulation/ros2_ws_hex/install/om_gravity_compensation_controller/share/om_gravity_compensation_controller/package.zsh'
[0.624s] Level 1:colcon.colcon_core.environment:create_file_with_runtime_dependencies(/home/bartosz-babi-ski/Hexapod_git4/Hexapod/simulation/ros2_ws_hex/install/om_gravity_compensation_controller/share/colcon-core/packages/om_gravity_compensation_controller)
[0.625s] Level 1:colcon.colcon_core.environment:create_environment_scripts_only(om_gravity_compensation_controller)
[0.625s] Level 1:colcon.colcon_core.environment:checking '/home/bartosz-babi-ski/Hexapod_git4/Hexapod/simulation/ros2_ws_hex/install/om_gravity_compensation_controller' for CMake module files
[0.626s] Level 1:colcon.colcon_core.environment:checking '/home/bartosz-babi-ski/Hexapod_git4/Hexapod/simulation/ros2_ws_hex/install/om_gravity_compensation_controller' for CMake config files
[0.626s] Level 1:colcon.colcon_core.shell:create_environment_hook('om_gravity_compensation_controller', 'cmake_prefix_path')
[0.626s] INFO:colcon.colcon_core.shell:Creating environment hook '/home/bartosz-babi-ski/Hexapod_git4/Hexapod/simulation/ros2_ws_hex/install/om_gravity_compensation_controller/share/om_gravity_compensation_controller/hook/cmake_prefix_path.ps1'
[0.626s] INFO:colcon.colcon_core.shell:Creating environment descriptor '/home/bartosz-babi-ski/Hexapod_git4/Hexapod/simulation/ros2_ws_hex/install/om_gravity_compensation_controller/share/om_gravity_compensation_controller/hook/cmake_prefix_path.dsv'
[0.627s] INFO:colcon.colcon_core.shell:Creating environment hook '/home/bartosz-babi-ski/Hexapod_git4/Hexapod/simulation/ros2_ws_hex/install/om_gravity_compensation_controller/share/om_gravity_compensation_controller/hook/cmake_prefix_path.sh'
[0.627s] Level 1:colcon.colcon_core.environment:checking '/home/bartosz-babi-ski/Hexapod_git4/Hexapod/simulation/ros2_ws_hex/install/om_gravity_compensation_controller/lib'
[0.627s] Level 1:colcon.colcon_core.shell:create_environment_hook('om_gravity_compensation_controller', 'ld_library_path_lib')
[0.628s] INFO:colcon.colcon_core.shell:Creating environment hook '/home/bartosz-babi-ski/Hexapod_git4/Hexapod/simulation/ros2_ws_hex/install/om_gravity_compensation_controller/share/om_gravity_compensation_controller/hook/ld_library_path_lib.ps1'
[0.628s] INFO:colcon.colcon_core.shell:Creating environment descriptor '/home/bartosz-babi-ski/Hexapod_git4/Hexapod/simulation/ros2_ws_hex/install/om_gravity_compensation_controller/share/om_gravity_compensation_controller/hook/ld_library_path_lib.dsv'
[0.628s] INFO:colcon.colcon_core.shell:Creating environment hook '/home/bartosz-babi-ski/Hexapod_git4/Hexapod/simulation/ros2_ws_hex/install/om_gravity_compensation_controller/share/om_gravity_compensation_controller/hook/ld_library_path_lib.sh'
[0.629s] Level 1:colcon.colcon_core.environment:checking '/home/bartosz-babi-ski/Hexapod_git4/Hexapod/simulation/ros2_ws_hex/install/om_gravity_compensation_controller/bin'
[0.629s] Level 1:colcon.colcon_core.environment:checking '/home/bartosz-babi-ski/Hexapod_git4/Hexapod/simulation/ros2_ws_hex/install/om_gravity_compensation_controller/lib/pkgconfig/om_gravity_compensation_controller.pc'
[0.629s] Level 1:colcon.colcon_core.environment:checking '/home/bartosz-babi-ski/Hexapod_git4/Hexapod/simulation/ros2_ws_hex/install/om_gravity_compensation_controller/lib/python3.12/site-packages'
[0.629s] Level 1:colcon.colcon_core.environment:checking '/home/bartosz-babi-ski/Hexapod_git4/Hexapod/simulation/ros2_ws_hex/install/om_gravity_compensation_controller/bin'
[0.630s] INFO:colcon.colcon_core.shell:Creating package script '/home/bartosz-babi-ski/Hexapod_git4/Hexapod/simulation/ros2_ws_hex/install/om_gravity_compensation_controller/share/om_gravity_compensation_controller/package.ps1'
[0.630s] INFO:colcon.colcon_core.shell:Creating package descriptor '/home/bartosz-babi-ski/Hexapod_git4/Hexapod/simulation/ros2_ws_hex/install/om_gravity_compensation_controller/share/om_gravity_compensation_controller/package.dsv'
[0.630s] INFO:colcon.colcon_core.shell:Creating package script '/home/bartosz-babi-ski/Hexapod_git4/Hexapod/simulation/ros2_ws_hex/install/om_gravity_compensation_controller/share/om_gravity_compensation_controller/package.sh'
[0.631s] INFO:colcon.colcon_core.shell:Creating package script '/home/bartosz-babi-ski/Hexapod_git4/Hexapod/simulation/ros2_ws_hex/install/om_gravity_compensation_controller/share/om_gravity_compensation_controller/package.bash'
[0.631s] INFO:colcon.colcon_core.shell:Creating package script '/home/bartosz-babi-ski/Hexapod_git4/Hexapod/simulation/ros2_ws_hex/install/om_gravity_compensation_controller/share/om_gravity_compensation_controller/package.zsh'
[0.631s] Level 1:colcon.colcon_core.environment:create_file_with_runtime_dependencies(/home/bartosz-babi-ski/Hexapod_git4/Hexapod/simulation/ros2_ws_hex/install/om_gravity_compensation_controller/share/colcon-core/packages/om_gravity_compensation_controller)
[0.633s] Level 1:colcon.colcon_core.environment:create_environment_scripts_only(hex_gz)
[0.633s] Level 1:colcon.colcon_core.environment:checking '/home/bartosz-babi-ski/Hexapod_git4/Hexapod/simulation/ros2_ws_hex/install/hex_gz' for CMake module files
[0.636s] DEBUG:colcon.colcon_core.event_handler.log_command:Invoked command in '/home/bartosz-babi-ski/Hexapod_git4/Hexapod/simulation/ros2_ws_hex/build/hex_gz' returned '0': AMENT_PREFIX_PATH=/home/bartosz-babi-ski/Hexapod_git4/Hexapod/simulation/ros2_ws_hex/install/hexapod_description:${AMENT_PREFIX_PATH} CMAKE_PREFIX_PATH=/home/bartosz-babi-ski/Hexapod_git4/Hexapod/simulation/ros2_ws_hex/install/hexapod_description:/opt/ros/jazzy/opt/gz_launch_vendor:/opt/ros/jazzy/opt/gz_sim_vendor:/opt/ros/jazzy/opt/gz_sensors_vendor:/opt/ros/jazzy/opt/gz_physics_vendor:/opt/ros/jazzy/opt/sdformat_vendor:/opt/ros/jazzy/opt/gz_gui_vendor:/opt/ros/jazzy/opt/gz_transport_vendor:/opt/ros/jazzy/opt/gz_rendering_vendor:/opt/ros/jazzy/opt/gz_plugin_vendor:/opt/ros/jazzy/opt/gz_fuel_tools_vendor:/opt/ros/jazzy/opt/gz_msgs_vendor:/opt/ros/jazzy/opt/gz_common_vendor:/opt/ros/jazzy/opt/gz_math_vendor:/opt/ros/jazzy/opt/gz_utils_vendor:/opt/ros/jazzy/opt/gz_tools_vendor:/opt/ros/jazzy/opt/gz_ogre_next_vendor:/opt/ros/jazzy/opt/gz_dartsim_vendor:/opt/ros/jazzy/opt/gz_cmake_vendor:/opt/ros/jazzy DEBUGINFOD_URLS=https://debuginfod.ubuntu.com /usr/bin/cmake --install /home/bartosz-babi-ski/Hexapod_git4/Hexapod/simulation/ros2_ws_hex/build/hex_gz
[0.637s] Level 1:colcon.colcon_core.environment:checking '/home/bartosz-babi-ski/Hexapod_git4/Hexapod/simulation/ros2_ws_hex/install/hex_gz' for CMake config files
[0.637s] Level 1:colcon.colcon_core.shell:create_environment_hook('hex_gz', 'cmake_prefix_path')
[0.637s] INFO:colcon.colcon_core.shell:Creating environment hook '/home/bartosz-babi-ski/Hexapod_git4/Hexapod/simulation/ros2_ws_hex/install/hex_gz/share/hex_gz/hook/cmake_prefix_path.ps1'
[0.638s] INFO:colcon.colcon_core.shell:Creating environment descriptor '/home/bartosz-babi-ski/Hexapod_git4/Hexapod/simulation/ros2_ws_hex/install/hex_gz/share/hex_gz/hook/cmake_prefix_path.dsv'
[0.638s] INFO:colcon.colcon_core.shell:Creating environment hook '/home/bartosz-babi-ski/Hexapod_git4/Hexapod/simulation/ros2_ws_hex/install/hex_gz/share/hex_gz/hook/cmake_prefix_path.sh'
[0.639s] Level 1:colcon.colcon_core.environment:checking '/home/bartosz-babi-ski/Hexapod_git4/Hexapod/simulation/ros2_ws_hex/install/hex_gz/lib'
[0.639s] Level 1:colcon.colcon_core.environment:checking '/home/bartosz-babi-ski/Hexapod_git4/Hexapod/simulation/ros2_ws_hex/install/hex_gz/bin'
[0.639s] Level 1:colcon.colcon_core.environment:checking '/home/bartosz-babi-ski/Hexapod_git4/Hexapod/simulation/ros2_ws_hex/install/hex_gz/lib/pkgconfig/hex_gz.pc'
[0.639s] Level 1:colcon.colcon_core.environment:checking '/home/bartosz-babi-ski/Hexapod_git4/Hexapod/simulation/ros2_ws_hex/install/hex_gz/lib/python3.12/site-packages'
[0.639s] Level 1:colcon.colcon_core.environment:checking '/home/bartosz-babi-ski/Hexapod_git4/Hexapod/simulation/ros2_ws_hex/install/hex_gz/bin'
[0.640s] INFO:colcon.colcon_core.shell:Creating package script '/home/bartosz-babi-ski/Hexapod_git4/Hexapod/simulation/ros2_ws_hex/install/hex_gz/share/hex_gz/package.ps1'
[0.640s] INFO:colcon.colcon_core.shell:Creating package descriptor '/home/bartosz-babi-ski/Hexapod_git4/Hexapod/simulation/ros2_ws_hex/install/hex_gz/share/hex_gz/package.dsv'
[0.640s] INFO:colcon.colcon_core.shell:Creating package script '/home/bartosz-babi-ski/Hexapod_git4/Hexapod/simulation/ros2_ws_hex/install/hex_gz/share/hex_gz/package.sh'
[0.641s] INFO:colcon.colcon_core.shell:Creating package script '/home/bartosz-babi-ski/Hexapod_git4/Hexapod/simulation/ros2_ws_hex/install/hex_gz/share/hex_gz/package.bash'
[0.641s] INFO:colcon.colcon_core.shell:Creating package script '/home/bartosz-babi-ski/Hexapod_git4/Hexapod/simulation/ros2_ws_hex/install/hex_gz/share/hex_gz/package.zsh'
[0.641s] Level 1:colcon.colcon_core.environment:create_file_with_runtime_dependencies(/home/bartosz-babi-ski/Hexapod_git4/Hexapod/simulation/ros2_ws_hex/install/hex_gz/share/colcon-core/packages/hex_gz)
[0.641s] Level 1:colcon.colcon_core.environment:create_environment_scripts_only(hex_gz)
[0.642s] Level 1:colcon.colcon_core.environment:checking '/home/bartosz-babi-ski/Hexapod_git4/Hexapod/simulation/ros2_ws_hex/install/hex_gz' for CMake module files
[0.642s] Level 1:colcon.colcon_core.environment:checking '/home/bartosz-babi-ski/Hexapod_git4/Hexapod/simulation/ros2_ws_hex/install/hex_gz' for CMake config files
[0.642s] Level 1:colcon.colcon_core.shell:create_environment_hook('hex_gz', 'cmake_prefix_path')
[0.642s] INFO:colcon.colcon_core.shell:Creating environment hook '/home/bartosz-babi-ski/Hexapod_git4/Hexapod/simulation/ros2_ws_hex/install/hex_gz/share/hex_gz/hook/cmake_prefix_path.ps1'
[0.643s] INFO:colcon.colcon_core.shell:Creating environment descriptor '/home/bartosz-babi-ski/Hexapod_git4/Hexapod/simulation/ros2_ws_hex/install/hex_gz/share/hex_gz/hook/cmake_prefix_path.dsv'
[0.643s] INFO:colcon.colcon_core.shell:Creating environment hook '/home/bartosz-babi-ski/Hexapod_git4/Hexapod/simulation/ros2_ws_hex/install/hex_gz/share/hex_gz/hook/cmake_prefix_path.sh'
[0.643s] Level 1:colcon.colcon_core.environment:checking '/home/bartosz-babi-ski/Hexapod_git4/Hexapod/simulation/ros2_ws_hex/install/hex_gz/lib'
[0.643s] Level 1:colcon.colcon_core.environment:checking '/home/bartosz-babi-ski/Hexapod_git4/Hexapod/simulation/ros2_ws_hex/install/hex_gz/bin'
[0.643s] Level 1:colcon.colcon_core.environment:checking '/home/bartosz-babi-ski/Hexapod_git4/Hexapod/simulation/ros2_ws_hex/install/hex_gz/lib/pkgconfig/hex_gz.pc'
[0.644s] Level 1:colcon.colcon_core.environment:checking '/home/bartosz-babi-ski/Hexapod_git4/Hexapod/simulation/ros2_ws_hex/install/hex_gz/lib/python3.12/site-packages'
[0.644s] Level 1:colcon.colcon_core.environment:checking '/home/bartosz-babi-ski/Hexapod_git4/Hexapod/simulation/ros2_ws_hex/install/hex_gz/bin'
[0.644s] INFO:colcon.colcon_core.shell:Creating package script '/home/bartosz-babi-ski/Hexapod_git4/Hexapod/simulation/ros2_ws_hex/install/hex_gz/share/hex_gz/package.ps1'
[0.644s] INFO:colcon.colcon_core.shell:Creating package descriptor '/home/bartosz-babi-ski/Hexapod_git4/Hexapod/simulation/ros2_ws_hex/install/hex_gz/share/hex_gz/package.dsv'
[0.645s] INFO:colcon.colcon_core.shell:Creating package script '/home/bartosz-babi-ski/Hexapod_git4/Hexapod/simulation/ros2_ws_hex/install/hex_gz/share/hex_gz/package.sh'
[0.645s] INFO:colcon.colcon_core.shell:Creating package script '/home/bartosz-babi-ski/Hexapod_git4/Hexapod/simulation/ros2_ws_hex/install/hex_gz/share/hex_gz/package.bash'
[0.645s] INFO:colcon.colcon_core.shell:Creating package script '/home/bartosz-babi-ski/Hexapod_git4/Hexapod/simulation/ros2_ws_hex/install/hex_gz/share/hex_gz/package.zsh'
[0.646s] Level 1:colcon.colcon_core.environment:create_file_with_runtime_dependencies(/home/bartosz-babi-ski/Hexapod_git4/Hexapod/simulation/ros2_ws_hex/install/hex_gz/share/colcon-core/packages/hex_gz)
[0.646s] INFO:colcon.colcon_ros.task.ament_cmake.build:Building ROS package in '/home/bartosz-babi-ski/Hexapod_git4/Hexapod/simulation/ros2_ws_hex/src/hexapod' with build type 'ament_cmake'
[0.646s] INFO:colcon.colcon_cmake.task.cmake.build:Building CMake package in '/home/bartosz-babi-ski/Hexapod_git4/Hexapod/simulation/ros2_ws_hex/src/hexapod'
[0.646s] INFO:colcon.colcon_core.shell:Skip shell extension 'powershell' for command environment: Not usable outside of PowerShell
[0.646s] DEBUG:colcon.colcon_core.shell:Skip shell extension 'dsv' for command environment
[0.668s] DEBUG:colcon.colcon_core.event_handler.log_command:Invoking command in '/home/bartosz-babi-ski/Hexapod_git4/Hexapod/simulation/ros2_ws_hex/build/hexapod': AMENT_PREFIX_PATH=/home/bartosz-babi-ski/Hexapod_git4/Hexapod/simulation/ros2_ws_hex/install/hex_gz:/home/bartosz-babi-ski/Hexapod_git4/Hexapod/simulation/ros2_ws_hex/install/om_spring_actuator_controller:/home/bartosz-babi-ski/Hexapod_git4/Hexapod/simulation/ros2_ws_hex/install/om_joint_trajectory_command_broadcaster:/home/bartosz-babi-ski/Hexapod_git4/Hexapod/simulation/ros2_ws_hex/install/om_gravity_compensation_controller:/home/bartosz-babi-ski/Hexapod_git4/Hexapod/simulation/ros2_ws_hex/install/hexapod_description:${AMENT_PREFIX_PATH} CMAKE_PREFIX_PATH=/home/bartosz-babi-ski/Hexapod_git4/Hexapod/simulation/ros2_ws_hex/install/hex_gz:/home/bartosz-babi-ski/Hexapod_git4/Hexapod/simulation/ros2_ws_hex/install/om_spring_actuator_controller:/home/bartosz-babi-ski/Hexapod_git4/Hexapod/simulation/ros2_ws_hex/install/om_joint_trajectory_command_broadcaster:/home/bartosz-babi-ski/Hexapod_git4/Hexapod/simulation/ros2_ws_hex/install/om_gravity_compensation_controller:/home/bartosz-babi-ski/Hexapod_git4/Hexapod/simulation/ros2_ws_hex/install/hexapod_description:/opt/ros/jazzy/opt/gz_launch_vendor:/opt/ros/jazzy/opt/gz_sim_vendor:/opt/ros/jazzy/opt/gz_sensors_vendor:/opt/ros/jazzy/opt/gz_physics_vendor:/opt/ros/jazzy/opt/sdformat_vendor:/opt/ros/jazzy/opt/gz_gui_vendor:/opt/ros/jazzy/opt/gz_transport_vendor:/opt/ros/jazzy/opt/gz_rendering_vendor:/opt/ros/jazzy/opt/gz_plugin_vendor:/opt/ros/jazzy/opt/gz_fuel_tools_vendor:/opt/ros/jazzy/opt/gz_msgs_vendor:/opt/ros/jazzy/opt/gz_common_vendor:/opt/ros/jazzy/opt/gz_math_vendor:/opt/ros/jazzy/opt/gz_utils_vendor:/opt/ros/jazzy/opt/gz_tools_vendor:/opt/ros/jazzy/opt/gz_ogre_next_vendor:/opt/ros/jazzy/opt/gz_dartsim_vendor:/opt/ros/jazzy/opt/gz_cmake_vendor:/opt/ros/jazzy DEBUGINFOD_URLS=https://debuginfod.ubuntu.com LD_LIBRARY_PATH=/home/bartosz-babi-ski/Hexapod_git4/Hexapod/simulation/ros2_ws_hex/install/om_spring_actuator_controller/lib:/home/bartosz-babi-ski/Hexapod_git4/Hexapod/simulation/ros2_ws_hex/install/om_joint_trajectory_command_broadcaster/lib:/home/bartosz-babi-ski/Hexapod_git4/Hexapod/simulation/ros2_ws_hex/install/om_gravity_compensation_controller/lib:${LD_LIBRARY_PATH} /usr/bin/cmake --build /home/bartosz-babi-ski/Hexapod_git4/Hexapod/simulation/ros2_ws_hex/build/hexapod -- -j12 -l12
[0.739s] DEBUG:colcon.colcon_core.event_handler.log_command:Invoked command in '/home/bartosz-babi-ski/Hexapod_git4/Hexapod/simulation/ros2_ws_hex/build/hexapod' returned '0': AMENT_PREFIX_PATH=/home/bartosz-babi-ski/Hexapod_git4/Hexapod/simulation/ros2_ws_hex/install/hex_gz:/home/bartosz-babi-ski/Hexapod_git4/Hexapod/simulation/ros2_ws_hex/install/om_spring_actuator_controller:/home/bartosz-babi-ski/Hexapod_git4/Hexapod/simulation/ros2_ws_hex/install/om_joint_trajectory_command_broadcaster:/home/bartosz-babi-ski/Hexapod_git4/Hexapod/simulation/ros2_ws_hex/install/om_gravity_compensation_controller:/home/bartosz-babi-ski/Hexapod_git4/Hexapod/simulation/ros2_ws_hex/install/hexapod_description:${AMENT_PREFIX_PATH} CMAKE_PREFIX_PATH=/home/bartosz-babi-ski/Hexapod_git4/Hexapod/simulation/ros2_ws_hex/install/hex_gz:/home/bartosz-babi-ski/Hexapod_git4/Hexapod/simulation/ros2_ws_hex/install/om_spring_actuator_controller:/home/bartosz-babi-ski/Hexapod_git4/Hexapod/simulation/ros2_ws_hex/install/om_joint_trajectory_command_broadcaster:/home/bartosz-babi-ski/Hexapod_git4/Hexapod/simulation/ros2_ws_hex/install/om_gravity_compensation_controller:/home/bartosz-babi-ski/Hexapod_git4/Hexapod/simulation/ros2_ws_hex/install/hexapod_description:/opt/ros/jazzy/opt/gz_launch_vendor:/opt/ros/jazzy/opt/gz_sim_vendor:/opt/ros/jazzy/opt/gz_sensors_vendor:/opt/ros/jazzy/opt/gz_physics_vendor:/opt/ros/jazzy/opt/sdformat_vendor:/opt/ros/jazzy/opt/gz_gui_vendor:/opt/ros/jazzy/opt/gz_transport_vendor:/opt/ros/jazzy/opt/gz_rendering_vendor:/opt/ros/jazzy/opt/gz_plugin_vendor:/opt/ros/jazzy/opt/gz_fuel_tools_vendor:/opt/ros/jazzy/opt/gz_msgs_vendor:/opt/ros/jazzy/opt/gz_common_vendor:/opt/ros/jazzy/opt/gz_math_vendor:/opt/ros/jazzy/opt/gz_utils_vendor:/opt/ros/jazzy/opt/gz_tools_vendor:/opt/ros/jazzy/opt/gz_ogre_next_vendor:/opt/ros/jazzy/opt/gz_dartsim_vendor:/opt/ros/jazzy/opt/gz_cmake_vendor:/opt/ros/jazzy DEBUGINFOD_URLS=https://debuginfod.ubuntu.com LD_LIBRARY_PATH=/home/bartosz-babi-ski/Hexapod_git4/Hexapod/simulation/ros2_ws_hex/install/om_spring_actuator_controller/lib:/home/bartosz-babi-ski/Hexapod_git4/Hexapod/simulation/ros2_ws_hex/install/om_joint_trajectory_command_broadcaster/lib:/home/bartosz-babi-ski/Hexapod_git4/Hexapod/simulation/ros2_ws_hex/install/om_gravity_compensation_controller/lib:${LD_LIBRARY_PATH} /usr/bin/cmake --build /home/bartosz-babi-ski/Hexapod_git4/Hexapod/simulation/ros2_ws_hex/build/hexapod -- -j12 -l12
[0.741s] DEBUG:colcon.colcon_core.event_handler.log_command:Invoking command in '/home/bartosz-babi-ski/Hexapod_git4/Hexapod/simulation/ros2_ws_hex/build/hexapod': AMENT_PREFIX_PATH=/home/bartosz-babi-ski/Hexapod_git4/Hexapod/simulation/ros2_ws_hex/install/hex_gz:/home/bartosz-babi-ski/Hexapod_git4/Hexapod/simulation/ros2_ws_hex/install/om_spring_actuator_controller:/home/bartosz-babi-ski/Hexapod_git4/Hexapod/simulation/ros2_ws_hex/install/om_joint_trajectory_command_broadcaster:/home/bartosz-babi-ski/Hexapod_git4/Hexapod/simulation/ros2_ws_hex/install/om_gravity_compensation_controller:/home/bartosz-babi-ski/Hexapod_git4/Hexapod/simulation/ros2_ws_hex/install/hexapod_description:${AMENT_PREFIX_PATH} CMAKE_PREFIX_PATH=/home/bartosz-babi-ski/Hexapod_git4/Hexapod/simulation/ros2_ws_hex/install/hex_gz:/home/bartosz-babi-ski/Hexapod_git4/Hexapod/simulation/ros2_ws_hex/install/om_spring_actuator_controller:/home/bartosz-babi-ski/Hexapod_git4/Hexapod/simulation/ros2_ws_hex/install/om_joint_trajectory_command_broadcaster:/home/bartosz-babi-ski/Hexapod_git4/Hexapod/simulation/ros2_ws_hex/install/om_gravity_compensation_controller:/home/bartosz-babi-ski/Hexapod_git4/Hexapod/simulation/ros2_ws_hex/install/hexapod_description:/opt/ros/jazzy/opt/gz_launch_vendor:/opt/ros/jazzy/opt/gz_sim_vendor:/opt/ros/jazzy/opt/gz_sensors_vendor:/opt/ros/jazzy/opt/gz_physics_vendor:/opt/ros/jazzy/opt/sdformat_vendor:/opt/ros/jazzy/opt/gz_gui_vendor:/opt/ros/jazzy/opt/gz_transport_vendor:/opt/ros/jazzy/opt/gz_rendering_vendor:/opt/ros/jazzy/opt/gz_plugin_vendor:/opt/ros/jazzy/opt/gz_fuel_tools_vendor:/opt/ros/jazzy/opt/gz_msgs_vendor:/opt/ros/jazzy/opt/gz_common_vendor:/opt/ros/jazzy/opt/gz_math_vendor:/opt/ros/jazzy/opt/gz_utils_vendor:/opt/ros/jazzy/opt/gz_tools_vendor:/opt/ros/jazzy/opt/gz_ogre_next_vendor:/opt/ros/jazzy/opt/gz_dartsim_vendor:/opt/ros/jazzy/opt/gz_cmake_vendor:/opt/ros/jazzy DEBUGINFOD_URLS=https://debuginfod.ubuntu.com LD_LIBRARY_PATH=/home/bartosz-babi-ski/Hexapod_git4/Hexapod/simulation/ros2_ws_hex/install/om_spring_actuator_controller/lib:/home/bartosz-babi-ski/Hexapod_git4/Hexapod/simulation/ros2_ws_hex/install/om_joint_trajectory_command_broadcaster/lib:/home/bartosz-babi-ski/Hexapod_git4/Hexapod/simulation/ros2_ws_hex/install/om_gravity_compensation_controller/lib:${LD_LIBRARY_PATH} /usr/bin/cmake --install /home/bartosz-babi-ski/Hexapod_git4/Hexapod/simulation/ros2_ws_hex/build/hexapod
[0.760s] Level 1:colcon.colcon_core.environment:create_environment_scripts_only(hexapod)
[0.760s] Level 1:colcon.colcon_core.environment:checking '/home/bartosz-babi-ski/Hexapod_git4/Hexapod/simulation/ros2_ws_hex/install/hexapod' for CMake module files
[0.761s] DEBUG:colcon.colcon_core.event_handler.log_command:Invoked command in '/home/bartosz-babi-ski/Hexapod_git4/Hexapod/simulation/ros2_ws_hex/build/hexapod' returned '0': AMENT_PREFIX_PATH=/home/bartosz-babi-ski/Hexapod_git4/Hexapod/simulation/ros2_ws_hex/install/hex_gz:/home/bartosz-babi-ski/Hexapod_git4/Hexapod/simulation/ros2_ws_hex/install/om_spring_actuator_controller:/home/bartosz-babi-ski/Hexapod_git4/Hexapod/simulation/ros2_ws_hex/install/om_joint_trajectory_command_broadcaster:/home/bartosz-babi-ski/Hexapod_git4/Hexapod/simulation/ros2_ws_hex/install/om_gravity_compensation_controller:/home/bartosz-babi-ski/Hexapod_git4/Hexapod/simulation/ros2_ws_hex/install/hexapod_description:${AMENT_PREFIX_PATH} CMAKE_PREFIX_PATH=/home/bartosz-babi-ski/Hexapod_git4/Hexapod/simulation/ros2_ws_hex/install/hex_gz:/home/bartosz-babi-ski/Hexapod_git4/Hexapod/simulation/ros2_ws_hex/install/om_spring_actuator_controller:/home/bartosz-babi-ski/Hexapod_git4/Hexapod/simulation/ros2_ws_hex/install/om_joint_trajectory_command_broadcaster:/home/bartosz-babi-ski/Hexapod_git4/Hexapod/simulation/ros2_ws_hex/install/om_gravity_compensation_controller:/home/bartosz-babi-ski/Hexapod_git4/Hexapod/simulation/ros2_ws_hex/install/hexapod_description:/opt/ros/jazzy/opt/gz_launch_vendor:/opt/ros/jazzy/opt/gz_sim_vendor:/opt/ros/jazzy/opt/gz_sensors_vendor:/opt/ros/jazzy/opt/gz_physics_vendor:/opt/ros/jazzy/opt/sdformat_vendor:/opt/ros/jazzy/opt/gz_gui_vendor:/opt/ros/jazzy/opt/gz_transport_vendor:/opt/ros/jazzy/opt/gz_rendering_vendor:/opt/ros/jazzy/opt/gz_plugin_vendor:/opt/ros/jazzy/opt/gz_fuel_tools_vendor:/opt/ros/jazzy/opt/gz_msgs_vendor:/opt/ros/jazzy/opt/gz_common_vendor:/opt/ros/jazzy/opt/gz_math_vendor:/opt/ros/jazzy/opt/gz_utils_vendor:/opt/ros/jazzy/opt/gz_tools_vendor:/opt/ros/jazzy/opt/gz_ogre_next_vendor:/opt/ros/jazzy/opt/gz_dartsim_vendor:/opt/ros/jazzy/opt/gz_cmake_vendor:/opt/ros/jazzy DEBUGINFOD_URLS=https://debuginfod.ubuntu.com LD_LIBRARY_PATH=/home/bartosz-babi-ski/Hexapod_git4/Hexapod/simulation/ros2_ws_hex/install/om_spring_actuator_controller/lib:/home/bartosz-babi-ski/Hexapod_git4/Hexapod/simulation/ros2_ws_hex/install/om_joint_trajectory_command_broadcaster/lib:/home/bartosz-babi-ski/Hexapod_git4/Hexapod/simulation/ros2_ws_hex/install/om_gravity_compensation_controller/lib:${LD_LIBRARY_PATH} /usr/bin/cmake --install /home/bartosz-babi-ski/Hexapod_git4/Hexapod/simulation/ros2_ws_hex/build/hexapod
[0.762s] Level 1:colcon.colcon_core.environment:checking '/home/bartosz-babi-ski/Hexapod_git4/Hexapod/simulation/ros2_ws_hex/install/hexapod' for CMake config files
[0.763s] Level 1:colcon.colcon_core.shell:create_environment_hook('hexapod', 'cmake_prefix_path')
[0.763s] INFO:colcon.colcon_core.shell:Creating environment hook '/home/bartosz-babi-ski/Hexapod_git4/Hexapod/simulation/ros2_ws_hex/install/hexapod/share/hexapod/hook/cmake_prefix_path.ps1'
[0.764s] INFO:colcon.colcon_core.shell:Creating environment descriptor '/home/bartosz-babi-ski/Hexapod_git4/Hexapod/simulation/ros2_ws_hex/install/hexapod/share/hexapod/hook/cmake_prefix_path.dsv'
[0.764s] INFO:colcon.colcon_core.shell:Creating environment hook '/home/bartosz-babi-ski/Hexapod_git4/Hexapod/simulation/ros2_ws_hex/install/hexapod/share/hexapod/hook/cmake_prefix_path.sh'
[0.765s] Level 1:colcon.colcon_core.environment:checking '/home/bartosz-babi-ski/Hexapod_git4/Hexapod/simulation/ros2_ws_hex/install/hexapod/bin'
[0.765s] Level 1:colcon.colcon_core.environment:checking '/home/bartosz-babi-ski/Hexapod_git4/Hexapod/simulation/ros2_ws_hex/install/hexapod/lib/pkgconfig/hexapod.pc'
[0.766s] Level 1:colcon.colcon_core.environment:checking '/home/bartosz-babi-ski/Hexapod_git4/Hexapod/simulation/ros2_ws_hex/install/hexapod/lib/python3.12/site-packages'
[0.766s] Level 1:colcon.colcon_core.environment:checking '/home/bartosz-babi-ski/Hexapod_git4/Hexapod/simulation/ros2_ws_hex/install/hexapod/bin'
[0.766s] INFO:colcon.colcon_core.shell:Creating package script '/home/bartosz-babi-ski/Hexapod_git4/Hexapod/simulation/ros2_ws_hex/install/hexapod/share/hexapod/package.ps1'
[0.767s] INFO:colcon.colcon_core.shell:Creating package descriptor '/home/bartosz-babi-ski/Hexapod_git4/Hexapod/simulation/ros2_ws_hex/install/hexapod/share/hexapod/package.dsv'
[0.768s] INFO:colcon.colcon_core.shell:Creating package script '/home/bartosz-babi-ski/Hexapod_git4/Hexapod/simulation/ros2_ws_hex/install/hexapod/share/hexapod/package.sh'
[0.768s] INFO:colcon.colcon_core.shell:Creating package script '/home/bartosz-babi-ski/Hexapod_git4/Hexapod/simulation/ros2_ws_hex/install/hexapod/share/hexapod/package.bash'
[0.769s] INFO:colcon.colcon_core.shell:Creating package script '/home/bartosz-babi-ski/Hexapod_git4/Hexapod/simulation/ros2_ws_hex/install/hexapod/share/hexapod/package.zsh'
[0.769s] Level 1:colcon.colcon_core.environment:create_file_with_runtime_dependencies(/home/bartosz-babi-ski/Hexapod_git4/Hexapod/simulation/ros2_ws_hex/install/hexapod/share/colcon-core/packages/hexapod)
[0.770s] Level 1:colcon.colcon_core.environment:create_environment_scripts_only(hexapod)
[0.770s] Level 1:colcon.colcon_core.environment:checking '/home/bartosz-babi-ski/Hexapod_git4/Hexapod/simulation/ros2_ws_hex/install/hexapod' for CMake module files
[0.771s] Level 1:colcon.colcon_core.environment:checking '/home/bartosz-babi-ski/Hexapod_git4/Hexapod/simulation/ros2_ws_hex/install/hexapod' for CMake config files
[0.771s] Level 1:colcon.colcon_core.shell:create_environment_hook('hexapod', 'cmake_prefix_path')
[0.772s] INFO:colcon.colcon_core.shell:Creating environment hook '/home/bartosz-babi-ski/Hexapod_git4/Hexapod/simulation/ros2_ws_hex/install/hexapod/share/hexapod/hook/cmake_prefix_path.ps1'
[0.772s] INFO:colcon.colcon_core.shell:Creating environment descriptor '/home/bartosz-babi-ski/Hexapod_git4/Hexapod/simulation/ros2_ws_hex/install/hexapod/share/hexapod/hook/cmake_prefix_path.dsv'
[0.773s] INFO:colcon.colcon_core.shell:Creating environment hook '/home/bartosz-babi-ski/Hexapod_git4/Hexapod/simulation/ros2_ws_hex/install/hexapod/share/hexapod/hook/cmake_prefix_path.sh'
[0.773s] Level 1:colcon.colcon_core.environment:checking '/home/bartosz-babi-ski/Hexapod_git4/Hexapod/simulation/ros2_ws_hex/install/hexapod/bin'
[0.774s] Level 1:colcon.colcon_core.environment:checking '/home/bartosz-babi-ski/Hexapod_git4/Hexapod/simulation/ros2_ws_hex/install/hexapod/lib/pkgconfig/hexapod.pc'
[0.774s] Level 1:colcon.colcon_core.environment:checking '/home/bartosz-babi-ski/Hexapod_git4/Hexapod/simulation/ros2_ws_hex/install/hexapod/lib/python3.12/site-packages'
[0.774s] Level 1:colcon.colcon_core.environment:checking '/home/bartosz-babi-ski/Hexapod_git4/Hexapod/simulation/ros2_ws_hex/install/hexapod/bin'
[0.774s] INFO:colcon.colcon_core.shell:Creating package script '/home/bartosz-babi-ski/Hexapod_git4/Hexapod/simulation/ros2_ws_hex/install/hexapod/share/hexapod/package.ps1'
[0.776s] INFO:colcon.colcon_core.shell:Creating package descriptor '/home/bartosz-babi-ski/Hexapod_git4/Hexapod/simulation/ros2_ws_hex/install/hexapod/share/hexapod/package.dsv'
[0.776s] INFO:colcon.colcon_core.shell:Creating package script '/home/bartosz-babi-ski/Hexapod_git4/Hexapod/simulation/ros2_ws_hex/install/hexapod/share/hexapod/package.sh'
[0.777s] INFO:colcon.colcon_core.shell:Creating package script '/home/bartosz-babi-ski/Hexapod_git4/Hexapod/simulation/ros2_ws_hex/install/hexapod/share/hexapod/package.bash'
[0.777s] INFO:colcon.colcon_core.shell:Creating package script '/home/bartosz-babi-ski/Hexapod_git4/Hexapod/simulation/ros2_ws_hex/install/hexapod/share/hexapod/package.zsh'
[0.778s] Level 1:colcon.colcon_core.environment:create_file_with_runtime_dependencies(/home/bartosz-babi-ski/Hexapod_git4/Hexapod/simulation/ros2_ws_hex/install/hexapod/share/colcon-core/packages/hexapod)
[0.778s] DEBUG:colcon.colcon_parallel_executor.executor.parallel:closing loop
[0.779s] DEBUG:colcon.colcon_parallel_executor.executor.parallel:loop closed
[0.779s] DEBUG:colcon.colcon_parallel_executor.executor.parallel:run_until_complete finished with '0'
[0.779s] DEBUG:colcon.colcon_core.event_reactor:joining thread
[0.790s] INFO:colcon.colcon_core.plugin_system:Skipping extension 'colcon_notification.desktop_notification.terminal_notifier': Not used on non-Darwin systems
[0.790s] INFO:colcon.colcon_core.plugin_system:Skipping extension 'colcon_notification.desktop_notification.win32': Not used on non-Windows systems
[0.790s] INFO:colcon.colcon_notification.desktop_notification:Sending desktop notification using 'notify2'
[0.831s] DEBUG:colcon.colcon_core.event_reactor:joined thread
[0.832s] INFO:colcon.colcon_core.shell:Creating prefix script '/home/bartosz-babi-ski/Hexapod_git4/Hexapod/simulation/ros2_ws_hex/install/local_setup.ps1'
[0.833s] INFO:colcon.colcon_core.shell:Creating prefix util module '/home/bartosz-babi-ski/Hexapod_git4/Hexapod/simulation/ros2_ws_hex/install/_local_setup_util_ps1.py'
[0.836s] INFO:colcon.colcon_core.shell:Creating prefix chain script '/home/bartosz-babi-ski/Hexapod_git4/Hexapod/simulation/ros2_ws_hex/install/setup.ps1'
[0.838s] INFO:colcon.colcon_core.shell:Creating prefix script '/home/bartosz-babi-ski/Hexapod_git4/Hexapod/simulation/ros2_ws_hex/install/local_setup.sh'
[0.839s] INFO:colcon.colcon_core.shell:Creating prefix util module '/home/bartosz-babi-ski/Hexapod_git4/Hexapod/simulation/ros2_ws_hex/install/_local_setup_util_sh.py'
[0.840s] INFO:colcon.colcon_core.shell:Creating prefix chain script '/home/bartosz-babi-ski/Hexapod_git4/Hexapod/simulation/ros2_ws_hex/install/setup.sh'
[0.842s] INFO:colcon.colcon_core.shell:Creating prefix script '/home/bartosz-babi-ski/Hexapod_git4/Hexapod/simulation/ros2_ws_hex/install/local_setup.bash'
[0.843s] INFO:colcon.colcon_core.shell:Creating prefix chain script '/home/bartosz-babi-ski/Hexapod_git4/Hexapod/simulation/ros2_ws_hex/install/setup.bash'
[0.845s] INFO:colcon.colcon_core.shell:Creating prefix script '/home/bartosz-babi-ski/Hexapod_git4/Hexapod/simulation/ros2_ws_hex/install/local_setup.zsh'
[0.846s] INFO:colcon.colcon_core.shell:Creating prefix chain script '/home/bartosz-babi-ski/Hexapod_git4/Hexapod/simulation/ros2_ws_hex/install/setup.zsh'
