[0.181s] DEBUG:colcon:Command line arguments: ['/usr/bin/colcon', 'build']
[0.181s] DEBUG:colcon:Parsed command line arguments: Namespace(log_base=None, log_level=None, verb_name='build', build_base='build', install_base='install', merge_install=False, symlink_install=False, test_result_base=None, continue_on_error=False, executor='parallel', parallel_workers=4, event_handlers=None, ignore_user_meta=False, metas=['./colcon.meta'], base_paths=['.'], packages_ignore=None, packages_ignore_regex=None, paths=None, packages_up_to=None, packages_up_to_regex=None, packages_above=None, packages_above_and_dependencies=None, packages_above_depth=None, packages_select_by_dep=None, packages_skip_by_dep=None, packages_skip_up_to=None, packages_select_build_failed=False, packages_skip_build_finished=False, packages_select_test_failures=False, packages_skip_test_passed=False, packages_select=None, packages_skip=None, packages_select_regex=None, packages_skip_regex=None, packages_start=None, packages_end=None, allow_overriding=[], cmake_args=None, cmake_target=None, cmake_target_skip_unavailable=False, cmake_clean_cache=False, cmake_clean_first=False, cmake_force_configure=False, ament_cmake_args=None, catkin_cmake_args=None, catkin_skip_building_tests=False, mixin_files=None, mixin=None, verb_parser=<colcon_mixin.mixin.mixin_argument.MixinArgumentDecorator object at 0x7f917bbce8a0>, verb_extension=<colcon_core.verb.build.BuildVerb object at 0x7f917bbce5d0>, main=<bound method BuildVerb.main of <colcon_core.verb.build.BuildVerb object at 0x7f917bbce5d0>>, mixin_verb=('build',))
[0.234s] Level 1:colcon.colcon_core.package_discovery:discover_packages(colcon_meta) check parameters
[0.234s] Level 1:colcon.colcon_core.package_discovery:discover_packages(recursive) check parameters
[0.234s] Level 1:colcon.colcon_core.package_discovery:discover_packages(ignore) check parameters
[0.234s] Level 1:colcon.colcon_core.package_discovery:discover_packages(path) check parameters
[0.234s] Level 1:colcon.colcon_core.package_discovery:discover_packages(colcon_meta) discover
[0.234s] Level 1:colcon.colcon_core.package_discovery:discover_packages(recursive) discover
[0.234s] INFO:colcon.colcon_core.package_discovery:Crawling recursively for packages in '/home/julia-hrycyna/Pulpit/Hexapod/simulation/ros2_ws/src'
[0.234s] Level 1:colcon.colcon_core.package_identification:_identify(.) by extensions ['ignore', 'ignore_ament_install']
[0.234s] Level 1:colcon.colcon_core.package_identification:_identify(.) by extension 'ignore'
[0.234s] Level 1:colcon.colcon_core.package_identification:_identify(.) by extension 'ignore_ament_install'
[0.234s] Level 1:colcon.colcon_core.package_identification:_identify(.) by extensions ['colcon_pkg']
[0.235s] Level 1:colcon.colcon_core.package_identification:_identify(.) by extension 'colcon_pkg'
[0.235s] Level 1:colcon.colcon_core.package_identification:_identify(.) by extensions ['colcon_meta']
[0.235s] Level 1:colcon.colcon_core.package_identification:_identify(.) by extension 'colcon_meta'
[0.235s] Level 1:colcon.colcon_core.package_identification:_identify(.) by extensions ['ros']
[0.235s] Level 1:colcon.colcon_core.package_identification:_identify(.) by extension 'ros'
[0.268s] Level 1:colcon.colcon_core.package_identification:_identify(.) by extensions ['cmake', 'python']
[0.268s] Level 1:colcon.colcon_core.package_identification:_identify(.) by extension 'cmake'
[0.269s] Level 1:colcon.colcon_core.package_identification:_identify(.) by extension 'python'
[0.269s] Level 1:colcon.colcon_core.package_identification:_identify(.) by extensions ['python_setup_py']
[0.269s] Level 1:colcon.colcon_core.package_identification:_identify(.) by extension 'python_setup_py'
[0.269s] Level 1:colcon.colcon_core.package_identification:_identify(build) by extensions ['ignore', 'ignore_ament_install']
[0.269s] Level 1:colcon.colcon_core.package_identification:_identify(build) by extension 'ignore'
[0.269s] Level 1:colcon.colcon_core.package_identification:_identify(build) ignored
[0.269s] Level 1:colcon.colcon_core.package_identification:_identify(hexapod) by extensions ['ignore', 'ignore_ament_install']
[0.269s] Level 1:colcon.colcon_core.package_identification:_identify(hexapod) by extension 'ignore'
[0.269s] Level 1:colcon.colcon_core.package_identification:_identify(hexapod) by extension 'ignore_ament_install'
[0.269s] Level 1:colcon.colcon_core.package_identification:_identify(hexapod) by extensions ['colcon_pkg']
[0.270s] Level 1:colcon.colcon_core.package_identification:_identify(hexapod) by extension 'colcon_pkg'
[0.270s] Level 1:colcon.colcon_core.package_identification:_identify(hexapod) by extensions ['colcon_meta']
[0.270s] Level 1:colcon.colcon_core.package_identification:_identify(hexapod) by extension 'colcon_meta'
[0.270s] Level 1:colcon.colcon_core.package_identification:_identify(hexapod) by extensions ['ros']
[0.270s] Level 1:colcon.colcon_core.package_identification:_identify(hexapod) by extension 'ros'
[0.270s] Level 1:colcon.colcon_core.package_identification:_identify(hexapod) by extensions ['cmake', 'python']
[0.270s] Level 1:colcon.colcon_core.package_identification:_identify(hexapod) by extension 'cmake'
[0.270s] Level 1:colcon.colcon_core.package_identification:_identify(hexapod) by extension 'python'
[0.270s] Level 1:colcon.colcon_core.package_identification:_identify(hexapod) by extensions ['python_setup_py']
[0.270s] Level 1:colcon.colcon_core.package_identification:_identify(hexapod) by extension 'python_setup_py'
[0.270s] Level 1:colcon.colcon_core.package_identification:_identify(hexapod/hexapod) by extensions ['ignore', 'ignore_ament_install']
[0.270s] Level 1:colcon.colcon_core.package_identification:_identify(hexapod/hexapod) by extension 'ignore'
[0.270s] Level 1:colcon.colcon_core.package_identification:_identify(hexapod/hexapod) by extension 'ignore_ament_install'
[0.270s] Level 1:colcon.colcon_core.package_identification:_identify(hexapod/hexapod) by extensions ['colcon_pkg']
[0.270s] Level 1:colcon.colcon_core.package_identification:_identify(hexapod/hexapod) by extension 'colcon_pkg'
[0.270s] Level 1:colcon.colcon_core.package_identification:_identify(hexapod/hexapod) by extensions ['colcon_meta']
[0.270s] Level 1:colcon.colcon_core.package_identification:_identify(hexapod/hexapod) by extension 'colcon_meta'
[0.271s] Level 1:colcon.colcon_core.package_identification:_identify(hexapod/hexapod) by extensions ['ros']
[0.271s] Level 1:colcon.colcon_core.package_identification:_identify(hexapod/hexapod) by extension 'ros'
[0.273s] DEBUG:colcon.colcon_core.package_identification:Package 'hexapod/hexapod' with type 'ros.ament_cmake' and name 'hexapod'
[0.274s] Level 1:colcon.colcon_core.package_identification:_identify(hexapod/hexapod_description) by extensions ['ignore', 'ignore_ament_install']
[0.274s] Level 1:colcon.colcon_core.package_identification:_identify(hexapod/hexapod_description) by extension 'ignore'
[0.274s] Level 1:colcon.colcon_core.package_identification:_identify(hexapod/hexapod_description) by extension 'ignore_ament_install'
[0.274s] Level 1:colcon.colcon_core.package_identification:_identify(hexapod/hexapod_description) by extensions ['colcon_pkg']
[0.274s] Level 1:colcon.colcon_core.package_identification:_identify(hexapod/hexapod_description) by extension 'colcon_pkg'
[0.274s] Level 1:colcon.colcon_core.package_identification:_identify(hexapod/hexapod_description) by extensions ['colcon_meta']
[0.274s] Level 1:colcon.colcon_core.package_identification:_identify(hexapod/hexapod_description) by extension 'colcon_meta'
[0.274s] Level 1:colcon.colcon_core.package_identification:_identify(hexapod/hexapod_description) by extensions ['ros']
[0.274s] Level 1:colcon.colcon_core.package_identification:_identify(hexapod/hexapod_description) by extension 'ros'
[0.275s] DEBUG:colcon.colcon_core.package_identification:Package 'hexapod/hexapod_description' with type 'ros.ament_cmake' and name 'hexapod_description'
[0.275s] Level 1:colcon.colcon_core.package_identification:_identify(hexapod/hexapod_gazebo) by extensions ['ignore', 'ignore_ament_install']
[0.275s] Level 1:colcon.colcon_core.package_identification:_identify(hexapod/hexapod_gazebo) by extension 'ignore'
[0.275s] Level 1:colcon.colcon_core.package_identification:_identify(hexapod/hexapod_gazebo) by extension 'ignore_ament_install'
[0.275s] Level 1:colcon.colcon_core.package_identification:_identify(hexapod/hexapod_gazebo) by extensions ['colcon_pkg']
[0.275s] Level 1:colcon.colcon_core.package_identification:_identify(hexapod/hexapod_gazebo) by extension 'colcon_pkg'
[0.275s] Level 1:colcon.colcon_core.package_identification:_identify(hexapod/hexapod_gazebo) by extensions ['colcon_meta']
[0.275s] Level 1:colcon.colcon_core.package_identification:_identify(hexapod/hexapod_gazebo) by extension 'colcon_meta'
[0.275s] Level 1:colcon.colcon_core.package_identification:_identify(hexapod/hexapod_gazebo) by extensions ['ros']
[0.275s] Level 1:colcon.colcon_core.package_identification:_identify(hexapod/hexapod_gazebo) by extension 'ros'
[0.276s] DEBUG:colcon.colcon_core.package_identification:Package 'hexapod/hexapod_gazebo' with type 'ros.ament_cmake' and name 'hexapod_gazebo'
[0.276s] Level 1:colcon.colcon_core.package_identification:_identify(hexapod_control) by extensions ['ignore', 'ignore_ament_install']
[0.276s] Level 1:colcon.colcon_core.package_identification:_identify(hexapod_control) by extension 'ignore'
[0.276s] Level 1:colcon.colcon_core.package_identification:_identify(hexapod_control) by extension 'ignore_ament_install'
[0.276s] Level 1:colcon.colcon_core.package_identification:_identify(hexapod_control) by extensions ['colcon_pkg']
[0.276s] Level 1:colcon.colcon_core.package_identification:_identify(hexapod_control) by extension 'colcon_pkg'
[0.276s] Level 1:colcon.colcon_core.package_identification:_identify(hexapod_control) by extensions ['colcon_meta']
[0.276s] Level 1:colcon.colcon_core.package_identification:_identify(hexapod_control) by extension 'colcon_meta'
[0.276s] Level 1:colcon.colcon_core.package_identification:_identify(hexapod_control) by extensions ['ros']
[0.276s] Level 1:colcon.colcon_core.package_identification:_identify(hexapod_control) by extension 'ros'
[0.277s] DEBUG:colcon.colcon_core.package_identification:Package 'hexapod_control' with type 'ros.ament_cmake' and name 'hexapod_control'
[0.277s] Level 1:colcon.colcon_core.package_identification:_identify(hexapod_moveit_config) by extensions ['ignore', 'ignore_ament_install']
[0.277s] Level 1:colcon.colcon_core.package_identification:_identify(hexapod_moveit_config) by extension 'ignore'
[0.277s] Level 1:colcon.colcon_core.package_identification:_identify(hexapod_moveit_config) by extension 'ignore_ament_install'
[0.277s] Level 1:colcon.colcon_core.package_identification:_identify(hexapod_moveit_config) by extensions ['colcon_pkg']
[0.278s] Level 1:colcon.colcon_core.package_identification:_identify(hexapod_moveit_config) by extension 'colcon_pkg'
[0.278s] Level 1:colcon.colcon_core.package_identification:_identify(hexapod_moveit_config) by extensions ['colcon_meta']
[0.278s] Level 1:colcon.colcon_core.package_identification:_identify(hexapod_moveit_config) by extension 'colcon_meta'
[0.278s] Level 1:colcon.colcon_core.package_identification:_identify(hexapod_moveit_config) by extensions ['ros']
[0.278s] Level 1:colcon.colcon_core.package_identification:_identify(hexapod_moveit_config) by extension 'ros'
[0.279s] DEBUG:colcon.colcon_core.package_identification:Package 'hexapod_moveit_config' with type 'ros.ament_cmake' and name 'hexapod_moveit_config'
[0.279s] Level 1:colcon.colcon_core.package_identification:_identify(install) by extensions ['ignore', 'ignore_ament_install']
[0.279s] Level 1:colcon.colcon_core.package_identification:_identify(install) by extension 'ignore'
[0.279s] Level 1:colcon.colcon_core.package_identification:_identify(install) ignored
[0.279s] Level 1:colcon.colcon_core.package_identification:_identify(log) by extensions ['ignore', 'ignore_ament_install']
[0.279s] Level 1:colcon.colcon_core.package_identification:_identify(log) by extension 'ignore'
[0.279s] Level 1:colcon.colcon_core.package_identification:_identify(log) ignored
[0.279s] Level 1:colcon.colcon_core.package_discovery:discover_packages(recursive) using defaults
[0.279s] Level 1:colcon.colcon_core.package_discovery:discover_packages(ignore) discover
[0.279s] Level 1:colcon.colcon_core.package_discovery:discover_packages(ignore) using defaults
[0.279s] Level 1:colcon.colcon_core.package_discovery:discover_packages(path) discover
[0.279s] Level 1:colcon.colcon_core.package_discovery:discover_packages(path) using defaults
[0.305s] Level 1:colcon.colcon_core.package_discovery:discover_packages(prefix_path) check parameters
[0.305s] Level 1:colcon.colcon_core.package_discovery:discover_packages(prefix_path) discover
[0.313s] DEBUG:colcon.colcon_installed_package_information.package_discovery:Found 3 installed packages in /home/julia-hrycyna/Pulpit/Hexapod/simulation/ros2_ws/src/install
[0.316s] DEBUG:colcon.colcon_installed_package_information.package_discovery:Found 72 installed packages in /home/julia-hrycyna/ws_moveit/install
[0.319s] DEBUG:colcon.colcon_installed_package_information.package_discovery:Found 388 installed packages in /opt/ros/jazzy
[0.320s] Level 1:colcon.colcon_core.package_discovery:discover_packages(prefix_path) using defaults
[0.406s] Level 5:colcon.colcon_core.verb:set package 'hexapod_control' build argument 'cmake_args' from command line to 'None'
[0.407s] Level 5:colcon.colcon_core.verb:set package 'hexapod_control' build argument 'cmake_target' from command line to 'None'
[0.407s] Level 5:colcon.colcon_core.verb:set package 'hexapod_control' build argument 'cmake_target_skip_unavailable' from command line to 'False'
[0.407s] Level 5:colcon.colcon_core.verb:set package 'hexapod_control' build argument 'cmake_clean_cache' from command line to 'False'
[0.407s] Level 5:colcon.colcon_core.verb:set package 'hexapod_control' build argument 'cmake_clean_first' from command line to 'False'
[0.407s] Level 5:colcon.colcon_core.verb:set package 'hexapod_control' build argument 'cmake_force_configure' from command line to 'False'
[0.407s] Level 5:colcon.colcon_core.verb:set package 'hexapod_control' build argument 'ament_cmake_args' from command line to 'None'
[0.407s] Level 5:colcon.colcon_core.verb:set package 'hexapod_control' build argument 'catkin_cmake_args' from command line to 'None'
[0.407s] Level 5:colcon.colcon_core.verb:set package 'hexapod_control' build argument 'catkin_skip_building_tests' from command line to 'False'
[0.407s] DEBUG:colcon.colcon_core.verb:Building package 'hexapod_control' with the following arguments: {'ament_cmake_args': None, 'build_base': '/home/julia-hrycyna/Pulpit/Hexapod/simulation/ros2_ws/src/build/hexapod_control', 'catkin_cmake_args': None, 'catkin_skip_building_tests': False, 'cmake_args': None, 'cmake_clean_cache': False, 'cmake_clean_first': False, 'cmake_force_configure': False, 'cmake_target': None, 'cmake_target_skip_unavailable': False, 'install_base': '/home/julia-hrycyna/Pulpit/Hexapod/simulation/ros2_ws/src/install/hexapod_control', 'merge_install': False, 'path': '/home/julia-hrycyna/Pulpit/Hexapod/simulation/ros2_ws/src/hexapod_control', 'symlink_install': False, 'test_result_base': None}
[0.407s] Level 5:colcon.colcon_core.verb:set package 'hexapod_description' build argument 'cmake_args' from command line to 'None'
[0.407s] Level 5:colcon.colcon_core.verb:set package 'hexapod_description' build argument 'cmake_target' from command line to 'None'
[0.407s] Level 5:colcon.colcon_core.verb:set package 'hexapod_description' build argument 'cmake_target_skip_unavailable' from command line to 'False'
[0.407s] Level 5:colcon.colcon_core.verb:set package 'hexapod_description' build argument 'cmake_clean_cache' from command line to 'False'
[0.407s] Level 5:colcon.colcon_core.verb:set package 'hexapod_description' build argument 'cmake_clean_first' from command line to 'False'
[0.407s] Level 5:colcon.colcon_core.verb:set package 'hexapod_description' build argument 'cmake_force_configure' from command line to 'False'
[0.407s] Level 5:colcon.colcon_core.verb:set package 'hexapod_description' build argument 'ament_cmake_args' from command line to 'None'
[0.407s] Level 5:colcon.colcon_core.verb:set package 'hexapod_description' build argument 'catkin_cmake_args' from command line to 'None'
[0.407s] Level 5:colcon.colcon_core.verb:set package 'hexapod_description' build argument 'catkin_skip_building_tests' from command line to 'False'
[0.408s] DEBUG:colcon.colcon_core.verb:Building package 'hexapod_description' with the following arguments: {'ament_cmake_args': None, 'build_base': '/home/julia-hrycyna/Pulpit/Hexapod/simulation/ros2_ws/src/build/hexapod_description', 'catkin_cmake_args': None, 'catkin_skip_building_tests': False, 'cmake_args': None, 'cmake_clean_cache': False, 'cmake_clean_first': False, 'cmake_force_configure': False, 'cmake_target': None, 'cmake_target_skip_unavailable': False, 'install_base': '/home/julia-hrycyna/Pulpit/Hexapod/simulation/ros2_ws/src/install/hexapod_description', 'merge_install': False, 'path': '/home/julia-hrycyna/Pulpit/Hexapod/simulation/ros2_ws/src/hexapod/hexapod_description', 'symlink_install': False, 'test_result_base': None}
[0.408s] Level 5:colcon.colcon_core.verb:set package 'hexapod_gazebo' build argument 'cmake_args' from command line to 'None'
[0.408s] Level 5:colcon.colcon_core.verb:set package 'hexapod_gazebo' build argument 'cmake_target' from command line to 'None'
[0.408s] Level 5:colcon.colcon_core.verb:set package 'hexapod_gazebo' build argument 'cmake_target_skip_unavailable' from command line to 'False'
[0.408s] Level 5:colcon.colcon_core.verb:set package 'hexapod_gazebo' build argument 'cmake_clean_cache' from command line to 'False'
[0.408s] Level 5:colcon.colcon_core.verb:set package 'hexapod_gazebo' build argument 'cmake_clean_first' from command line to 'False'
[0.408s] Level 5:colcon.colcon_core.verb:set package 'hexapod_gazebo' build argument 'cmake_force_configure' from command line to 'False'
[0.408s] Level 5:colcon.colcon_core.verb:set package 'hexapod_gazebo' build argument 'ament_cmake_args' from command line to 'None'
[0.408s] Level 5:colcon.colcon_core.verb:set package 'hexapod_gazebo' build argument 'catkin_cmake_args' from command line to 'None'
[0.408s] Level 5:colcon.colcon_core.verb:set package 'hexapod_gazebo' build argument 'catkin_skip_building_tests' from command line to 'False'
[0.408s] DEBUG:colcon.colcon_core.verb:Building package 'hexapod_gazebo' with the following arguments: {'ament_cmake_args': None, 'build_base': '/home/julia-hrycyna/Pulpit/Hexapod/simulation/ros2_ws/src/build/hexapod_gazebo', 'catkin_cmake_args': None, 'catkin_skip_building_tests': False, 'cmake_args': None, 'cmake_clean_cache': False, 'cmake_clean_first': False, 'cmake_force_configure': False, 'cmake_target': None, 'cmake_target_skip_unavailable': False, 'install_base': '/home/julia-hrycyna/Pulpit/Hexapod/simulation/ros2_ws/src/install/hexapod_gazebo', 'merge_install': False, 'path': '/home/julia-hrycyna/Pulpit/Hexapod/simulation/ros2_ws/src/hexapod/hexapod_gazebo', 'symlink_install': False, 'test_result_base': None}
[0.408s] Level 5:colcon.colcon_core.verb:set package 'hexapod' build argument 'cmake_args' from command line to 'None'
[0.409s] Level 5:colcon.colcon_core.verb:set package 'hexapod' build argument 'cmake_target' from command line to 'None'
[0.409s] Level 5:colcon.colcon_core.verb:set package 'hexapod' build argument 'cmake_target_skip_unavailable' from command line to 'False'
[0.409s] Level 5:colcon.colcon_core.verb:set package 'hexapod' build argument 'cmake_clean_cache' from command line to 'False'
[0.409s] Level 5:colcon.colcon_core.verb:set package 'hexapod' build argument 'cmake_clean_first' from command line to 'False'
[0.409s] Level 5:colcon.colcon_core.verb:set package 'hexapod' build argument 'cmake_force_configure' from command line to 'False'
[0.409s] Level 5:colcon.colcon_core.verb:set package 'hexapod' build argument 'ament_cmake_args' from command line to 'None'
[0.409s] Level 5:colcon.colcon_core.verb:set package 'hexapod' build argument 'catkin_cmake_args' from command line to 'None'
[0.409s] Level 5:colcon.colcon_core.verb:set package 'hexapod' build argument 'catkin_skip_building_tests' from command line to 'False'
[0.409s] DEBUG:colcon.colcon_core.verb:Building package 'hexapod' with the following arguments: {'ament_cmake_args': None, 'build_base': '/home/julia-hrycyna/Pulpit/Hexapod/simulation/ros2_ws/src/build/hexapod', 'catkin_cmake_args': None, 'catkin_skip_building_tests': False, 'cmake_args': None, 'cmake_clean_cache': False, 'cmake_clean_first': False, 'cmake_force_configure': False, 'cmake_target': None, 'cmake_target_skip_unavailable': False, 'install_base': '/home/julia-hrycyna/Pulpit/Hexapod/simulation/ros2_ws/src/install/hexapod', 'merge_install': False, 'path': '/home/julia-hrycyna/Pulpit/Hexapod/simulation/ros2_ws/src/hexapod/hexapod', 'symlink_install': False, 'test_result_base': None}
[0.409s] Level 5:colcon.colcon_core.verb:set package 'hexapod_moveit_config' build argument 'cmake_args' from command line to 'None'
[0.409s] Level 5:colcon.colcon_core.verb:set package 'hexapod_moveit_config' build argument 'cmake_target' from command line to 'None'
[0.409s] Level 5:colcon.colcon_core.verb:set package 'hexapod_moveit_config' build argument 'cmake_target_skip_unavailable' from command line to 'False'
[0.409s] Level 5:colcon.colcon_core.verb:set package 'hexapod_moveit_config' build argument 'cmake_clean_cache' from command line to 'False'
[0.409s] Level 5:colcon.colcon_core.verb:set package 'hexapod_moveit_config' build argument 'cmake_clean_first' from command line to 'False'
[0.409s] Level 5:colcon.colcon_core.verb:set package 'hexapod_moveit_config' build argument 'cmake_force_configure' from command line to 'False'
[0.409s] Level 5:colcon.colcon_core.verb:set package 'hexapod_moveit_config' build argument 'ament_cmake_args' from command line to 'None'
[0.409s] Level 5:colcon.colcon_core.verb:set package 'hexapod_moveit_config' build argument 'catkin_cmake_args' from command line to 'None'
[0.409s] Level 5:colcon.colcon_core.verb:set package 'hexapod_moveit_config' build argument 'catkin_skip_building_tests' from command line to 'False'
[0.409s] DEBUG:colcon.colcon_core.verb:Building package 'hexapod_moveit_config' with the following arguments: {'ament_cmake_args': None, 'build_base': '/home/julia-hrycyna/Pulpit/Hexapod/simulation/ros2_ws/src/build/hexapod_moveit_config', 'catkin_cmake_args': None, 'catkin_skip_building_tests': False, 'cmake_args': None, 'cmake_clean_cache': False, 'cmake_clean_first': False, 'cmake_force_configure': False, 'cmake_target': None, 'cmake_target_skip_unavailable': False, 'install_base': '/home/julia-hrycyna/Pulpit/Hexapod/simulation/ros2_ws/src/install/hexapod_moveit_config', 'merge_install': False, 'path': '/home/julia-hrycyna/Pulpit/Hexapod/simulation/ros2_ws/src/hexapod_moveit_config', 'symlink_install': False, 'test_result_base': None}
[0.409s] INFO:colcon.colcon_core.executor:Executing jobs using 'parallel' executor
[0.411s] DEBUG:colcon.colcon_parallel_executor.executor.parallel:run_until_complete
[0.411s] INFO:colcon.colcon_ros.task.ament_cmake.build:Building ROS package in '/home/julia-hrycyna/Pulpit/Hexapod/simulation/ros2_ws/src/hexapod/hexapod_description' with build type 'ament_cmake'
[0.412s] INFO:colcon.colcon_cmake.task.cmake.build:Building CMake package in '/home/julia-hrycyna/Pulpit/Hexapod/simulation/ros2_ws/src/hexapod/hexapod_description'
[0.417s] INFO:colcon.colcon_core.plugin_system:Skipping extension 'colcon_core.shell.bat': Not used on non-Windows systems
[0.417s] INFO:colcon.colcon_core.shell:Skip shell extension 'powershell' for command environment: Not usable outside of PowerShell
[0.417s] DEBUG:colcon.colcon_core.shell:Skip shell extension 'dsv' for command environment
[0.432s] INFO:colcon.colcon_ros.task.ament_cmake.build:Building ROS package in '/home/julia-hrycyna/Pulpit/Hexapod/simulation/ros2_ws/src/hexapod_control' with build type 'ament_cmake'
[0.432s] INFO:colcon.colcon_cmake.task.cmake.build:Building CMake package in '/home/julia-hrycyna/Pulpit/Hexapod/simulation/ros2_ws/src/hexapod_control'
[0.432s] INFO:colcon.colcon_core.shell:Skip shell extension 'powershell' for command environment: Not usable outside of PowerShell
[0.433s] DEBUG:colcon.colcon_core.shell:Skip shell extension 'dsv' for command environment
[0.449s] INFO:colcon.colcon_ros.task.ament_cmake.build:Building ROS package in '/home/julia-hrycyna/Pulpit/Hexapod/simulation/ros2_ws/src/hexapod/hexapod_gazebo' with build type 'ament_cmake'
[0.449s] INFO:colcon.colcon_cmake.task.cmake.build:Building CMake package in '/home/julia-hrycyna/Pulpit/Hexapod/simulation/ros2_ws/src/hexapod/hexapod_gazebo'
[0.449s] INFO:colcon.colcon_core.shell:Skip shell extension 'powershell' for command environment: Not usable outside of PowerShell
[0.449s] DEBUG:colcon.colcon_core.shell:Skip shell extension 'dsv' for command environment
[0.475s] DEBUG:colcon.colcon_core.event_handler.log_command:Invoking command in '/home/julia-hrycyna/Pulpit/Hexapod/simulation/ros2_ws/src/build/hexapod_description': CMAKE_PREFIX_PATH=${CMAKE_PREFIX_PATH}:/home/julia-hrycyna/ws_moveit/install/moveit_configs_utils:/opt/ros/jazzy DEBUGINFOD_URLS=https://debuginfod.ubuntu.com /usr/bin/cmake /home/julia-hrycyna/Pulpit/Hexapod/simulation/ros2_ws/src/hexapod/hexapod_description -DCMAKE_INSTALL_PREFIX=/home/julia-hrycyna/Pulpit/Hexapod/simulation/ros2_ws/src/install/hexapod_description
[0.480s] DEBUG:colcon.colcon_core.event_handler.log_command:Invoking command in '/home/julia-hrycyna/Pulpit/Hexapod/simulation/ros2_ws/src/build/hexapod_control': CMAKE_PREFIX_PATH=${CMAKE_PREFIX_PATH}:/home/julia-hrycyna/ws_moveit/install/moveit_configs_utils:/opt/ros/jazzy DEBUGINFOD_URLS=https://debuginfod.ubuntu.com /usr/bin/cmake --build /home/julia-hrycyna/Pulpit/Hexapod/simulation/ros2_ws/src/build/hexapod_control -- -j4 -l4
[0.487s] DEBUG:colcon.colcon_core.event_handler.log_command:Invoking command in '/home/julia-hrycyna/Pulpit/Hexapod/simulation/ros2_ws/src/build/hexapod_gazebo': CMAKE_PREFIX_PATH=${CMAKE_PREFIX_PATH}:/home/julia-hrycyna/ws_moveit/install/moveit_configs_utils:/opt/ros/jazzy DEBUGINFOD_URLS=https://debuginfod.ubuntu.com /usr/bin/cmake --build /home/julia-hrycyna/Pulpit/Hexapod/simulation/ros2_ws/src/build/hexapod_gazebo -- -j4 -l4
[0.609s] DEBUG:colcon.colcon_core.event_handler.log_command:Invoked command in '/home/julia-hrycyna/Pulpit/Hexapod/simulation/ros2_ws/src/build/hexapod_gazebo' returned '0': CMAKE_PREFIX_PATH=${CMAKE_PREFIX_PATH}:/home/julia-hrycyna/ws_moveit/install/moveit_configs_utils:/opt/ros/jazzy DEBUGINFOD_URLS=https://debuginfod.ubuntu.com /usr/bin/cmake --build /home/julia-hrycyna/Pulpit/Hexapod/simulation/ros2_ws/src/build/hexapod_gazebo -- -j4 -l4
[0.640s] DEBUG:colcon.colcon_core.event_handler.log_command:Invoking command in '/home/julia-hrycyna/Pulpit/Hexapod/simulation/ros2_ws/src/build/hexapod_gazebo': CMAKE_PREFIX_PATH=${CMAKE_PREFIX_PATH}:/home/julia-hrycyna/ws_moveit/install/moveit_configs_utils:/opt/ros/jazzy DEBUGINFOD_URLS=https://debuginfod.ubuntu.com /usr/bin/cmake --install /home/julia-hrycyna/Pulpit/Hexapod/simulation/ros2_ws/src/build/hexapod_gazebo
[0.674s] Level 1:colcon.colcon_core.environment:create_environment_scripts_only(hexapod_gazebo)
[0.679s] DEBUG:colcon.colcon_core.event_handler.log_command:Invoked command in '/home/julia-hrycyna/Pulpit/Hexapod/simulation/ros2_ws/src/build/hexapod_gazebo' returned '0': CMAKE_PREFIX_PATH=${CMAKE_PREFIX_PATH}:/home/julia-hrycyna/ws_moveit/install/moveit_configs_utils:/opt/ros/jazzy DEBUGINFOD_URLS=https://debuginfod.ubuntu.com /usr/bin/cmake --install /home/julia-hrycyna/Pulpit/Hexapod/simulation/ros2_ws/src/build/hexapod_gazebo
[0.683s] Level 1:colcon.colcon_core.environment:checking '/home/julia-hrycyna/Pulpit/Hexapod/simulation/ros2_ws/src/install/hexapod_gazebo' for CMake module files
[0.685s] Level 1:colcon.colcon_core.environment:checking '/home/julia-hrycyna/Pulpit/Hexapod/simulation/ros2_ws/src/install/hexapod_gazebo' for CMake config files
[0.685s] Level 1:colcon.colcon_core.shell:create_environment_hook('hexapod_gazebo', 'cmake_prefix_path')
[0.686s] INFO:colcon.colcon_core.shell:Creating environment hook '/home/julia-hrycyna/Pulpit/Hexapod/simulation/ros2_ws/src/install/hexapod_gazebo/share/hexapod_gazebo/hook/cmake_prefix_path.ps1'
[0.687s] INFO:colcon.colcon_core.shell:Creating environment descriptor '/home/julia-hrycyna/Pulpit/Hexapod/simulation/ros2_ws/src/install/hexapod_gazebo/share/hexapod_gazebo/hook/cmake_prefix_path.dsv'
[0.688s] INFO:colcon.colcon_core.shell:Creating environment hook '/home/julia-hrycyna/Pulpit/Hexapod/simulation/ros2_ws/src/install/hexapod_gazebo/share/hexapod_gazebo/hook/cmake_prefix_path.sh'
[0.690s] Level 1:colcon.colcon_core.environment:checking '/home/julia-hrycyna/Pulpit/Hexapod/simulation/ros2_ws/src/install/hexapod_gazebo/bin'
[0.690s] Level 1:colcon.colcon_core.environment:checking '/home/julia-hrycyna/Pulpit/Hexapod/simulation/ros2_ws/src/install/hexapod_gazebo/lib/pkgconfig/hexapod_gazebo.pc'
[0.690s] Level 1:colcon.colcon_core.environment:checking '/home/julia-hrycyna/Pulpit/Hexapod/simulation/ros2_ws/src/install/hexapod_gazebo/lib/python3.12/site-packages'
[0.691s] Level 1:colcon.colcon_core.environment:checking '/home/julia-hrycyna/Pulpit/Hexapod/simulation/ros2_ws/src/install/hexapod_gazebo/bin'
[0.691s] INFO:colcon.colcon_core.shell:Creating package script '/home/julia-hrycyna/Pulpit/Hexapod/simulation/ros2_ws/src/install/hexapod_gazebo/share/hexapod_gazebo/package.ps1'
[0.693s] INFO:colcon.colcon_core.shell:Creating package descriptor '/home/julia-hrycyna/Pulpit/Hexapod/simulation/ros2_ws/src/install/hexapod_gazebo/share/hexapod_gazebo/package.dsv'
[0.695s] INFO:colcon.colcon_core.shell:Creating package script '/home/julia-hrycyna/Pulpit/Hexapod/simulation/ros2_ws/src/install/hexapod_gazebo/share/hexapod_gazebo/package.sh'
[0.696s] INFO:colcon.colcon_core.shell:Creating package script '/home/julia-hrycyna/Pulpit/Hexapod/simulation/ros2_ws/src/install/hexapod_gazebo/share/hexapod_gazebo/package.bash'
[0.698s] INFO:colcon.colcon_core.shell:Creating package script '/home/julia-hrycyna/Pulpit/Hexapod/simulation/ros2_ws/src/install/hexapod_gazebo/share/hexapod_gazebo/package.zsh'
[0.700s] Level 1:colcon.colcon_core.environment:create_file_with_runtime_dependencies(/home/julia-hrycyna/Pulpit/Hexapod/simulation/ros2_ws/src/install/hexapod_gazebo/share/colcon-core/packages/hexapod_gazebo)
[0.702s] Level 1:colcon.colcon_core.environment:create_environment_scripts_only(hexapod_gazebo)
[0.702s] Level 1:colcon.colcon_core.environment:checking '/home/julia-hrycyna/Pulpit/Hexapod/simulation/ros2_ws/src/install/hexapod_gazebo' for CMake module files
[0.704s] Level 1:colcon.colcon_core.environment:checking '/home/julia-hrycyna/Pulpit/Hexapod/simulation/ros2_ws/src/install/hexapod_gazebo' for CMake config files
[0.704s] Level 1:colcon.colcon_core.shell:create_environment_hook('hexapod_gazebo', 'cmake_prefix_path')
[0.705s] INFO:colcon.colcon_core.shell:Creating environment hook '/home/julia-hrycyna/Pulpit/Hexapod/simulation/ros2_ws/src/install/hexapod_gazebo/share/hexapod_gazebo/hook/cmake_prefix_path.ps1'
[0.706s] INFO:colcon.colcon_core.shell:Creating environment descriptor '/home/julia-hrycyna/Pulpit/Hexapod/simulation/ros2_ws/src/install/hexapod_gazebo/share/hexapod_gazebo/hook/cmake_prefix_path.dsv'
[0.707s] INFO:colcon.colcon_core.shell:Creating environment hook '/home/julia-hrycyna/Pulpit/Hexapod/simulation/ros2_ws/src/install/hexapod_gazebo/share/hexapod_gazebo/hook/cmake_prefix_path.sh'
[0.708s] Level 1:colcon.colcon_core.environment:checking '/home/julia-hrycyna/Pulpit/Hexapod/simulation/ros2_ws/src/install/hexapod_gazebo/bin'
[0.708s] Level 1:colcon.colcon_core.environment:checking '/home/julia-hrycyna/Pulpit/Hexapod/simulation/ros2_ws/src/install/hexapod_gazebo/lib/pkgconfig/hexapod_gazebo.pc'
[0.709s] Level 1:colcon.colcon_core.environment:checking '/home/julia-hrycyna/Pulpit/Hexapod/simulation/ros2_ws/src/install/hexapod_gazebo/lib/python3.12/site-packages'
[0.709s] Level 1:colcon.colcon_core.environment:checking '/home/julia-hrycyna/Pulpit/Hexapod/simulation/ros2_ws/src/install/hexapod_gazebo/bin'
[0.710s] INFO:colcon.colcon_core.shell:Creating package script '/home/julia-hrycyna/Pulpit/Hexapod/simulation/ros2_ws/src/install/hexapod_gazebo/share/hexapod_gazebo/package.ps1'
[0.712s] INFO:colcon.colcon_core.shell:Creating package descriptor '/home/julia-hrycyna/Pulpit/Hexapod/simulation/ros2_ws/src/install/hexapod_gazebo/share/hexapod_gazebo/package.dsv'
[0.713s] INFO:colcon.colcon_core.shell:Creating package script '/home/julia-hrycyna/Pulpit/Hexapod/simulation/ros2_ws/src/install/hexapod_gazebo/share/hexapod_gazebo/package.sh'
[0.714s] INFO:colcon.colcon_core.shell:Creating package script '/home/julia-hrycyna/Pulpit/Hexapod/simulation/ros2_ws/src/install/hexapod_gazebo/share/hexapod_gazebo/package.bash'
[0.716s] INFO:colcon.colcon_core.shell:Creating package script '/home/julia-hrycyna/Pulpit/Hexapod/simulation/ros2_ws/src/install/hexapod_gazebo/share/hexapod_gazebo/package.zsh'
[0.717s] Level 1:colcon.colcon_core.environment:create_file_with_runtime_dependencies(/home/julia-hrycyna/Pulpit/Hexapod/simulation/ros2_ws/src/install/hexapod_gazebo/share/colcon-core/packages/hexapod_gazebo)
[0.730s] DEBUG:colcon.colcon_core.event_handler.log_command:Invoked command in '/home/julia-hrycyna/Pulpit/Hexapod/simulation/ros2_ws/src/build/hexapod_control' returned '0': CMAKE_PREFIX_PATH=${CMAKE_PREFIX_PATH}:/home/julia-hrycyna/ws_moveit/install/moveit_configs_utils:/opt/ros/jazzy DEBUGINFOD_URLS=https://debuginfod.ubuntu.com /usr/bin/cmake --build /home/julia-hrycyna/Pulpit/Hexapod/simulation/ros2_ws/src/build/hexapod_control -- -j4 -l4
[0.733s] DEBUG:colcon.colcon_core.event_handler.log_command:Invoking command in '/home/julia-hrycyna/Pulpit/Hexapod/simulation/ros2_ws/src/build/hexapod_control': CMAKE_PREFIX_PATH=${CMAKE_PREFIX_PATH}:/home/julia-hrycyna/ws_moveit/install/moveit_configs_utils:/opt/ros/jazzy DEBUGINFOD_URLS=https://debuginfod.ubuntu.com /usr/bin/cmake --install /home/julia-hrycyna/Pulpit/Hexapod/simulation/ros2_ws/src/build/hexapod_control
[0.763s] Level 1:colcon.colcon_core.environment:create_environment_scripts_only(hexapod_control)
[0.763s] Level 1:colcon.colcon_core.environment:checking '/home/julia-hrycyna/Pulpit/Hexapod/simulation/ros2_ws/src/install/hexapod_control' for CMake module files
[0.764s] DEBUG:colcon.colcon_core.event_handler.log_command:Invoked command in '/home/julia-hrycyna/Pulpit/Hexapod/simulation/ros2_ws/src/build/hexapod_control' returned '0': CMAKE_PREFIX_PATH=${CMAKE_PREFIX_PATH}:/home/julia-hrycyna/ws_moveit/install/moveit_configs_utils:/opt/ros/jazzy DEBUGINFOD_URLS=https://debuginfod.ubuntu.com /usr/bin/cmake --install /home/julia-hrycyna/Pulpit/Hexapod/simulation/ros2_ws/src/build/hexapod_control
[0.766s] Level 1:colcon.colcon_core.environment:checking '/home/julia-hrycyna/Pulpit/Hexapod/simulation/ros2_ws/src/install/hexapod_control' for CMake config files
[0.766s] Level 1:colcon.colcon_core.shell:create_environment_hook('hexapod_control', 'cmake_prefix_path')
[0.766s] INFO:colcon.colcon_core.shell:Creating environment hook '/home/julia-hrycyna/Pulpit/Hexapod/simulation/ros2_ws/src/install/hexapod_control/share/hexapod_control/hook/cmake_prefix_path.ps1'
[0.767s] INFO:colcon.colcon_core.shell:Creating environment descriptor '/home/julia-hrycyna/Pulpit/Hexapod/simulation/ros2_ws/src/install/hexapod_control/share/hexapod_control/hook/cmake_prefix_path.dsv'
[0.768s] INFO:colcon.colcon_core.shell:Creating environment hook '/home/julia-hrycyna/Pulpit/Hexapod/simulation/ros2_ws/src/install/hexapod_control/share/hexapod_control/hook/cmake_prefix_path.sh'
[0.769s] Level 1:colcon.colcon_core.environment:checking '/home/julia-hrycyna/Pulpit/Hexapod/simulation/ros2_ws/src/install/hexapod_control/lib'
[0.769s] Level 1:colcon.colcon_core.environment:checking '/home/julia-hrycyna/Pulpit/Hexapod/simulation/ros2_ws/src/install/hexapod_control/bin'
[0.770s] Level 1:colcon.colcon_core.environment:checking '/home/julia-hrycyna/Pulpit/Hexapod/simulation/ros2_ws/src/install/hexapod_control/lib/pkgconfig/hexapod_control.pc'
[0.770s] Level 1:colcon.colcon_core.environment:checking '/home/julia-hrycyna/Pulpit/Hexapod/simulation/ros2_ws/src/install/hexapod_control/lib/python3.12/site-packages'
[0.771s] Level 1:colcon.colcon_core.environment:checking '/home/julia-hrycyna/Pulpit/Hexapod/simulation/ros2_ws/src/install/hexapod_control/bin'
[0.771s] INFO:colcon.colcon_core.shell:Creating package script '/home/julia-hrycyna/Pulpit/Hexapod/simulation/ros2_ws/src/install/hexapod_control/share/hexapod_control/package.ps1'
[0.772s] INFO:colcon.colcon_core.shell:Creating package descriptor '/home/julia-hrycyna/Pulpit/Hexapod/simulation/ros2_ws/src/install/hexapod_control/share/hexapod_control/package.dsv'
[0.773s] INFO:colcon.colcon_core.shell:Creating package script '/home/julia-hrycyna/Pulpit/Hexapod/simulation/ros2_ws/src/install/hexapod_control/share/hexapod_control/package.sh'
[0.774s] INFO:colcon.colcon_core.shell:Creating package script '/home/julia-hrycyna/Pulpit/Hexapod/simulation/ros2_ws/src/install/hexapod_control/share/hexapod_control/package.bash'
[0.774s] INFO:colcon.colcon_core.shell:Creating package script '/home/julia-hrycyna/Pulpit/Hexapod/simulation/ros2_ws/src/install/hexapod_control/share/hexapod_control/package.zsh'
[0.775s] Level 1:colcon.colcon_core.environment:create_file_with_runtime_dependencies(/home/julia-hrycyna/Pulpit/Hexapod/simulation/ros2_ws/src/install/hexapod_control/share/colcon-core/packages/hexapod_control)
[0.776s] Level 1:colcon.colcon_core.environment:create_environment_scripts_only(hexapod_control)
[0.776s] Level 1:colcon.colcon_core.environment:checking '/home/julia-hrycyna/Pulpit/Hexapod/simulation/ros2_ws/src/install/hexapod_control' for CMake module files
[0.778s] Level 1:colcon.colcon_core.environment:checking '/home/julia-hrycyna/Pulpit/Hexapod/simulation/ros2_ws/src/install/hexapod_control' for CMake config files
[0.778s] Level 1:colcon.colcon_core.shell:create_environment_hook('hexapod_control', 'cmake_prefix_path')
[0.779s] INFO:colcon.colcon_core.shell:Creating environment hook '/home/julia-hrycyna/Pulpit/Hexapod/simulation/ros2_ws/src/install/hexapod_control/share/hexapod_control/hook/cmake_prefix_path.ps1'
[0.779s] INFO:colcon.colcon_core.shell:Creating environment descriptor '/home/julia-hrycyna/Pulpit/Hexapod/simulation/ros2_ws/src/install/hexapod_control/share/hexapod_control/hook/cmake_prefix_path.dsv'
[0.800s] INFO:colcon.colcon_core.shell:Creating environment hook '/home/julia-hrycyna/Pulpit/Hexapod/simulation/ros2_ws/src/install/hexapod_control/share/hexapod_control/hook/cmake_prefix_path.sh'
[0.801s] Level 1:colcon.colcon_core.environment:checking '/home/julia-hrycyna/Pulpit/Hexapod/simulation/ros2_ws/src/install/hexapod_control/lib'
[0.801s] Level 1:colcon.colcon_core.environment:checking '/home/julia-hrycyna/Pulpit/Hexapod/simulation/ros2_ws/src/install/hexapod_control/bin'
[0.801s] Level 1:colcon.colcon_core.environment:checking '/home/julia-hrycyna/Pulpit/Hexapod/simulation/ros2_ws/src/install/hexapod_control/lib/pkgconfig/hexapod_control.pc'
[0.802s] Level 1:colcon.colcon_core.environment:checking '/home/julia-hrycyna/Pulpit/Hexapod/simulation/ros2_ws/src/install/hexapod_control/lib/python3.12/site-packages'
[0.802s] Level 1:colcon.colcon_core.environment:checking '/home/julia-hrycyna/Pulpit/Hexapod/simulation/ros2_ws/src/install/hexapod_control/bin'
[0.803s] INFO:colcon.colcon_core.shell:Creating package script '/home/julia-hrycyna/Pulpit/Hexapod/simulation/ros2_ws/src/install/hexapod_control/share/hexapod_control/package.ps1'
[0.804s] INFO:colcon.colcon_core.shell:Creating package descriptor '/home/julia-hrycyna/Pulpit/Hexapod/simulation/ros2_ws/src/install/hexapod_control/share/hexapod_control/package.dsv'
[0.804s] INFO:colcon.colcon_core.shell:Creating package script '/home/julia-hrycyna/Pulpit/Hexapod/simulation/ros2_ws/src/install/hexapod_control/share/hexapod_control/package.sh'
[0.805s] INFO:colcon.colcon_core.shell:Creating package script '/home/julia-hrycyna/Pulpit/Hexapod/simulation/ros2_ws/src/install/hexapod_control/share/hexapod_control/package.bash'
[0.806s] INFO:colcon.colcon_core.shell:Creating package script '/home/julia-hrycyna/Pulpit/Hexapod/simulation/ros2_ws/src/install/hexapod_control/share/hexapod_control/package.zsh'
[0.806s] Level 1:colcon.colcon_core.environment:create_file_with_runtime_dependencies(/home/julia-hrycyna/Pulpit/Hexapod/simulation/ros2_ws/src/install/hexapod_control/share/colcon-core/packages/hexapod_control)
[1.292s] DEBUG:colcon.colcon_core.event_handler.log_command:Invoked command in '/home/julia-hrycyna/Pulpit/Hexapod/simulation/ros2_ws/src/build/hexapod_description' returned '0': CMAKE_PREFIX_PATH=${CMAKE_PREFIX_PATH}:/home/julia-hrycyna/ws_moveit/install/moveit_configs_utils:/opt/ros/jazzy DEBUGINFOD_URLS=https://debuginfod.ubuntu.com /usr/bin/cmake /home/julia-hrycyna/Pulpit/Hexapod/simulation/ros2_ws/src/hexapod/hexapod_description -DCMAKE_INSTALL_PREFIX=/home/julia-hrycyna/Pulpit/Hexapod/simulation/ros2_ws/src/install/hexapod_description
[1.294s] DEBUG:colcon.colcon_core.event_handler.log_command:Invoking command in '/home/julia-hrycyna/Pulpit/Hexapod/simulation/ros2_ws/src/build/hexapod_description': CMAKE_PREFIX_PATH=${CMAKE_PREFIX_PATH}:/home/julia-hrycyna/ws_moveit/install/moveit_configs_utils:/opt/ros/jazzy DEBUGINFOD_URLS=https://debuginfod.ubuntu.com /usr/bin/cmake --build /home/julia-hrycyna/Pulpit/Hexapod/simulation/ros2_ws/src/build/hexapod_description -- -j4 -l4
[1.391s] DEBUG:colcon.colcon_core.event_handler.log_command:Invoked command in '/home/julia-hrycyna/Pulpit/Hexapod/simulation/ros2_ws/src/build/hexapod_description' returned '0': CMAKE_PREFIX_PATH=${CMAKE_PREFIX_PATH}:/home/julia-hrycyna/ws_moveit/install/moveit_configs_utils:/opt/ros/jazzy DEBUGINFOD_URLS=https://debuginfod.ubuntu.com /usr/bin/cmake --build /home/julia-hrycyna/Pulpit/Hexapod/simulation/ros2_ws/src/build/hexapod_description -- -j4 -l4
[1.392s] DEBUG:colcon.colcon_core.event_handler.log_command:Invoking command in '/home/julia-hrycyna/Pulpit/Hexapod/simulation/ros2_ws/src/build/hexapod_description': CMAKE_PREFIX_PATH=${CMAKE_PREFIX_PATH}:/home/julia-hrycyna/ws_moveit/install/moveit_configs_utils:/opt/ros/jazzy DEBUGINFOD_URLS=https://debuginfod.ubuntu.com /usr/bin/cmake --install /home/julia-hrycyna/Pulpit/Hexapod/simulation/ros2_ws/src/build/hexapod_description
[1.479s] Level 1:colcon.colcon_core.environment:create_environment_scripts_only(hexapod_description)
[1.479s] DEBUG:colcon.colcon_core.event_handler.log_command:Invoked command in '/home/julia-hrycyna/Pulpit/Hexapod/simulation/ros2_ws/src/build/hexapod_description' returned '0': CMAKE_PREFIX_PATH=${CMAKE_PREFIX_PATH}:/home/julia-hrycyna/ws_moveit/install/moveit_configs_utils:/opt/ros/jazzy DEBUGINFOD_URLS=https://debuginfod.ubuntu.com /usr/bin/cmake --install /home/julia-hrycyna/Pulpit/Hexapod/simulation/ros2_ws/src/build/hexapod_description
[1.479s] Level 1:colcon.colcon_core.environment:checking '/home/julia-hrycyna/Pulpit/Hexapod/simulation/ros2_ws/src/install/hexapod_description' for CMake module files
[1.480s] Level 1:colcon.colcon_core.environment:checking '/home/julia-hrycyna/Pulpit/Hexapod/simulation/ros2_ws/src/install/hexapod_description' for CMake config files
[1.481s] Level 1:colcon.colcon_core.shell:create_environment_hook('hexapod_description', 'cmake_prefix_path')
[1.481s] INFO:colcon.colcon_core.shell:Creating environment hook '/home/julia-hrycyna/Pulpit/Hexapod/simulation/ros2_ws/src/install/hexapod_description/share/hexapod_description/hook/cmake_prefix_path.ps1'
[1.481s] INFO:colcon.colcon_core.shell:Creating environment descriptor '/home/julia-hrycyna/Pulpit/Hexapod/simulation/ros2_ws/src/install/hexapod_description/share/hexapod_description/hook/cmake_prefix_path.dsv'
[1.482s] INFO:colcon.colcon_core.shell:Creating environment hook '/home/julia-hrycyna/Pulpit/Hexapod/simulation/ros2_ws/src/install/hexapod_description/share/hexapod_description/hook/cmake_prefix_path.sh'
[1.482s] Level 1:colcon.colcon_core.environment:checking '/home/julia-hrycyna/Pulpit/Hexapod/simulation/ros2_ws/src/install/hexapod_description/bin'
[1.482s] Level 1:colcon.colcon_core.environment:checking '/home/julia-hrycyna/Pulpit/Hexapod/simulation/ros2_ws/src/install/hexapod_description/lib/pkgconfig/hexapod_description.pc'
[1.483s] Level 1:colcon.colcon_core.environment:checking '/home/julia-hrycyna/Pulpit/Hexapod/simulation/ros2_ws/src/install/hexapod_description/lib/python3.12/site-packages'
[1.483s] Level 1:colcon.colcon_core.environment:checking '/home/julia-hrycyna/Pulpit/Hexapod/simulation/ros2_ws/src/install/hexapod_description/bin'
[1.483s] INFO:colcon.colcon_core.shell:Creating package script '/home/julia-hrycyna/Pulpit/Hexapod/simulation/ros2_ws/src/install/hexapod_description/share/hexapod_description/package.ps1'
[1.484s] INFO:colcon.colcon_core.shell:Creating package descriptor '/home/julia-hrycyna/Pulpit/Hexapod/simulation/ros2_ws/src/install/hexapod_description/share/hexapod_description/package.dsv'
[1.484s] INFO:colcon.colcon_core.shell:Creating package script '/home/julia-hrycyna/Pulpit/Hexapod/simulation/ros2_ws/src/install/hexapod_description/share/hexapod_description/package.sh'
[1.485s] INFO:colcon.colcon_core.shell:Creating package script '/home/julia-hrycyna/Pulpit/Hexapod/simulation/ros2_ws/src/install/hexapod_description/share/hexapod_description/package.bash'
[1.485s] INFO:colcon.colcon_core.shell:Creating package script '/home/julia-hrycyna/Pulpit/Hexapod/simulation/ros2_ws/src/install/hexapod_description/share/hexapod_description/package.zsh'
[1.486s] Level 1:colcon.colcon_core.environment:create_file_with_runtime_dependencies(/home/julia-hrycyna/Pulpit/Hexapod/simulation/ros2_ws/src/install/hexapod_description/share/colcon-core/packages/hexapod_description)
[1.487s] Level 1:colcon.colcon_core.environment:create_environment_scripts_only(hexapod_description)
[1.487s] Level 1:colcon.colcon_core.environment:checking '/home/julia-hrycyna/Pulpit/Hexapod/simulation/ros2_ws/src/install/hexapod_description' for CMake module files
[1.487s] Level 1:colcon.colcon_core.environment:checking '/home/julia-hrycyna/Pulpit/Hexapod/simulation/ros2_ws/src/install/hexapod_description' for CMake config files
[1.488s] Level 1:colcon.colcon_core.shell:create_environment_hook('hexapod_description', 'cmake_prefix_path')
[1.488s] INFO:colcon.colcon_core.shell:Creating environment hook '/home/julia-hrycyna/Pulpit/Hexapod/simulation/ros2_ws/src/install/hexapod_description/share/hexapod_description/hook/cmake_prefix_path.ps1'
[1.488s] INFO:colcon.colcon_core.shell:Creating environment descriptor '/home/julia-hrycyna/Pulpit/Hexapod/simulation/ros2_ws/src/install/hexapod_description/share/hexapod_description/hook/cmake_prefix_path.dsv'
[1.489s] INFO:colcon.colcon_core.shell:Creating environment hook '/home/julia-hrycyna/Pulpit/Hexapod/simulation/ros2_ws/src/install/hexapod_description/share/hexapod_description/hook/cmake_prefix_path.sh'
[1.490s] Level 1:colcon.colcon_core.environment:checking '/home/julia-hrycyna/Pulpit/Hexapod/simulation/ros2_ws/src/install/hexapod_description/bin'
[1.490s] Level 1:colcon.colcon_core.environment:checking '/home/julia-hrycyna/Pulpit/Hexapod/simulation/ros2_ws/src/install/hexapod_description/lib/pkgconfig/hexapod_description.pc'
[1.490s] Level 1:colcon.colcon_core.environment:checking '/home/julia-hrycyna/Pulpit/Hexapod/simulation/ros2_ws/src/install/hexapod_description/lib/python3.12/site-packages'
[1.490s] Level 1:colcon.colcon_core.environment:checking '/home/julia-hrycyna/Pulpit/Hexapod/simulation/ros2_ws/src/install/hexapod_description/bin'
[1.491s] INFO:colcon.colcon_core.shell:Creating package script '/home/julia-hrycyna/Pulpit/Hexapod/simulation/ros2_ws/src/install/hexapod_description/share/hexapod_description/package.ps1'
[1.491s] INFO:colcon.colcon_core.shell:Creating package descriptor '/home/julia-hrycyna/Pulpit/Hexapod/simulation/ros2_ws/src/install/hexapod_description/share/hexapod_description/package.dsv'
[1.492s] INFO:colcon.colcon_core.shell:Creating package script '/home/julia-hrycyna/Pulpit/Hexapod/simulation/ros2_ws/src/install/hexapod_description/share/hexapod_description/package.sh'
[1.493s] INFO:colcon.colcon_core.shell:Creating package script '/home/julia-hrycyna/Pulpit/Hexapod/simulation/ros2_ws/src/install/hexapod_description/share/hexapod_description/package.bash'
[1.493s] INFO:colcon.colcon_core.shell:Creating package script '/home/julia-hrycyna/Pulpit/Hexapod/simulation/ros2_ws/src/install/hexapod_description/share/hexapod_description/package.zsh'
[1.494s] Level 1:colcon.colcon_core.environment:create_file_with_runtime_dependencies(/home/julia-hrycyna/Pulpit/Hexapod/simulation/ros2_ws/src/install/hexapod_description/share/colcon-core/packages/hexapod_description)
[1.494s] INFO:colcon.colcon_ros.task.ament_cmake.build:Building ROS package in '/home/julia-hrycyna/Pulpit/Hexapod/simulation/ros2_ws/src/hexapod/hexapod' with build type 'ament_cmake'
[1.494s] INFO:colcon.colcon_cmake.task.cmake.build:Building CMake package in '/home/julia-hrycyna/Pulpit/Hexapod/simulation/ros2_ws/src/hexapod/hexapod'
[1.494s] INFO:colcon.colcon_core.shell:Skip shell extension 'powershell' for command environment: Not usable outside of PowerShell
[1.495s] DEBUG:colcon.colcon_core.shell:Skip shell extension 'dsv' for command environment
[1.517s] INFO:colcon.colcon_ros.task.ament_cmake.build:Building ROS package in '/home/julia-hrycyna/Pulpit/Hexapod/simulation/ros2_ws/src/hexapod_moveit_config' with build type 'ament_cmake'
[1.517s] INFO:colcon.colcon_cmake.task.cmake.build:Building CMake package in '/home/julia-hrycyna/Pulpit/Hexapod/simulation/ros2_ws/src/hexapod_moveit_config'
[1.517s] INFO:colcon.colcon_core.shell:Skip shell extension 'powershell' for command environment: Not usable outside of PowerShell
[1.517s] DEBUG:colcon.colcon_core.shell:Skip shell extension 'dsv' for command environment
[1.541s] DEBUG:colcon.colcon_core.event_handler.log_command:Invoking command in '/home/julia-hrycyna/Pulpit/Hexapod/simulation/ros2_ws/src/build/hexapod': AMENT_PREFIX_PATH=/home/julia-hrycyna/Pulpit/Hexapod/simulation/ros2_ws/src/install/hexapod_description:${AMENT_PREFIX_PATH} CMAKE_PREFIX_PATH=/home/julia-hrycyna/Pulpit/Hexapod/simulation/ros2_ws/src/install/hexapod_description:/home/julia-hrycyna/ws_moveit/install/robotiq_hardware_tests:/home/julia-hrycyna/ws_moveit/install/robotiq_driver:/home/julia-hrycyna/ws_moveit/install/serial:/home/julia-hrycyna/ws_moveit/install/moveit2_tutorials:/home/julia-hrycyna/ws_moveit/install/moveit_visual_tools:/home/julia-hrycyna/ws_moveit/install/rviz_visual_tools:/home/julia-hrycyna/ws_moveit/install/moveit_task_constructor_visualization:/home/julia-hrycyna/ws_moveit/install/moveit_task_constructor_demo:/home/julia-hrycyna/ws_moveit/install/moveit_task_constructor_capabilities:/home/julia-hrycyna/ws_moveit/install/moveit_task_constructor_core:/home/julia-hrycyna/ws_moveit/install/rviz_marker_tools:/home/julia-hrycyna/ws_moveit/install/kortex_bringup:/home/julia-hrycyna/ws_moveit/install/kinova_gen3_lite_moveit_config:/home/julia-hrycyna/ws_moveit/install/kinova_gen3_7dof_robotiq_2f_85_moveit_config:/home/julia-hrycyna/ws_moveit/install/kinova_gen3_6dof_robotiq_2f_85_moveit_config:/home/julia-hrycyna/ws_moveit/install/kortex_description:/home/julia-hrycyna/ws_moveit/install/robotiq_description:/home/julia-hrycyna/ws_moveit/install/robotiq_controllers:/home/julia-hrycyna/ws_moveit/install/pilz_industrial_motion_planner_testutils:/home/julia-hrycyna/ws_moveit/install/moveit_runtime:/home/julia-hrycyna/ws_moveit/install/moveit:/home/julia-hrycyna/ws_moveit/install/moveit_planners:/home/julia-hrycyna/ws_moveit/install/pilz_industrial_motion_planner:/home/julia-hrycyna/ws_moveit/install/picknik_twist_controller:/home/julia-hrycyna/ws_moveit/install/picknik_reset_fault_controller:/home/julia-hrycyna/ws_moveit/install/moveit_task_constructor_msgs:/home/julia-hrycyna/ws_moveit/install/moveit_ros_control_interface:/home/julia-hrycyna/ws_moveit/install/moveit_plugins:/home/julia-hrycyna/ws_moveit/install/moveit_simple_controller_manager:/home/julia-hrycyna/ws_moveit/install/moveit_setup_assistant:/home/julia-hrycyna/ws_moveit/install/moveit_setup_srdf_plugins:/home/julia-hrycyna/ws_moveit/install/moveit_setup_core_plugins:/home/julia-hrycyna/ws_moveit/install/moveit_setup_controllers:/home/julia-hrycyna/ws_moveit/install/moveit_setup_app_plugins:/home/julia-hrycyna/ws_moveit/install/moveit_setup_framework:/home/julia-hrycyna/ws_moveit/install/moveit_servo:/home/julia-hrycyna/ws_moveit/install/moveit_ros_trajectory_cache:/home/julia-hrycyna/ws_moveit/install/moveit_ros:/home/julia-hrycyna/ws_moveit/install/moveit_ros_visualization:/home/julia-hrycyna/ws_moveit/install/moveit_py:/home/julia-hrycyna/ws_moveit/install/moveit_hybrid_planning:/home/julia-hrycyna/ws_moveit/install/moveit_ros_planning_interface:/home/julia-hrycyna/ws_moveit/install/moveit_ros_benchmarks:/home/julia-hrycyna/ws_moveit/install/moveit_ros_warehouse:/home/julia-hrycyna/ws_moveit/install/moveit_ros_robot_interaction:/home/julia-hrycyna/ws_moveit/install/moveit_ros_perception:/home/julia-hrycyna/ws_moveit/install/moveit_resources_prbt_pg70_support:/home/julia-hrycyna/ws_moveit/install/moveit_resources_prbt_moveit_config:/home/julia-hrycyna/ws_moveit/install/moveit_ros_move_group:/home/julia-hrycyna/ws_moveit/install/moveit_planners_ompl:/home/julia-hrycyna/ws_moveit/install/moveit_kinematics:/home/julia-hrycyna/ws_moveit/install/moveit_ros_planning:/home/julia-hrycyna/ws_moveit/install/moveit_ros_occupancy_map_monitor:/home/julia-hrycyna/ws_moveit/install/moveit_resources_prbt_support:/home/julia-hrycyna/ws_moveit/install/moveit_resources_prbt_ikfast_manipulator_plugin:/home/julia-hrycyna/ws_moveit/install/moveit_resources:/home/julia-hrycyna/ws_moveit/install/moveit_resources_pr2_description:/home/julia-hrycyna/ws_moveit/install/moveit_resources_panda_moveit_config:/home/julia-hrycyna/ws_moveit/install/dual_arm_panda_moveit_config:/home/julia-hrycyna/ws_moveit/install/moveit_resources_panda_description:/home/julia-hrycyna/ws_moveit/install/moveit_resources_fanuc_moveit_config:/home/julia-hrycyna/ws_moveit/install/moveit_resources_fanuc_description:/home/julia-hrycyna/ws_moveit/install/moveit_planners_stomp:/home/julia-hrycyna/ws_moveit/install/moveit_planners_chomp:/home/julia-hrycyna/ws_moveit/install/chomp_motion_planner:/home/julia-hrycyna/ws_moveit/install/moveit_core:/home/julia-hrycyna/ws_moveit/install/moveit_msgs:/home/julia-hrycyna/ws_moveit/install/moveit_common:/home/julia-hrycyna/ws_moveit/install/kortex_driver:/home/julia-hrycyna/ws_moveit/install/kortex_api:/opt/ros/jazzy/opt/gz_sim_vendor:/opt/ros/jazzy/opt/gz_sensors_vendor:/opt/ros/jazzy/opt/gz_physics_vendor:/opt/ros/jazzy/opt/sdformat_vendor:/opt/ros/jazzy/opt/gz_gui_vendor:/opt/ros/jazzy/opt/gz_transport_vendor:/opt/ros/jazzy/opt/gz_rendering_vendor:/opt/ros/jazzy/opt/gz_plugin_vendor:/opt/ros/jazzy/opt/gz_fuel_tools_vendor:/opt/ros/jazzy/opt/gz_msgs_vendor:/opt/ros/jazzy/opt/gz_common_vendor:/opt/ros/jazzy/opt/gz_math_vendor:/opt/ros/jazzy/opt/gz_utils_vendor:/opt/ros/jazzy/opt/gz_tools_vendor:/opt/ros/jazzy/opt/gz_ogre_next_vendor:/opt/ros/jazzy/opt/gz_dartsim_vendor:/opt/ros/jazzy/opt/gz_cmake_vendor:/home/julia-hrycyna/ws_moveit/install/moveit_configs_utils:/opt/ros/jazzy DEBUGINFOD_URLS=https://debuginfod.ubuntu.com /usr/bin/cmake /home/julia-hrycyna/Pulpit/Hexapod/simulation/ros2_ws/src/hexapod/hexapod -DCMAKE_INSTALL_PREFIX=/home/julia-hrycyna/Pulpit/Hexapod/simulation/ros2_ws/src/install/hexapod
[1.547s] DEBUG:colcon.colcon_core.event_handler.log_command:Invoking command in '/home/julia-hrycyna/Pulpit/Hexapod/simulation/ros2_ws/src/build/hexapod_moveit_config': AMENT_PREFIX_PATH=/home/julia-hrycyna/Pulpit/Hexapod/simulation/ros2_ws/src/install/hexapod_description:${AMENT_PREFIX_PATH} CMAKE_PREFIX_PATH=/home/julia-hrycyna/Pulpit/Hexapod/simulation/ros2_ws/src/install/hexapod_description:/home/julia-hrycyna/ws_moveit/install/robotiq_hardware_tests:/home/julia-hrycyna/ws_moveit/install/robotiq_driver:/home/julia-hrycyna/ws_moveit/install/serial:/home/julia-hrycyna/ws_moveit/install/moveit2_tutorials:/home/julia-hrycyna/ws_moveit/install/moveit_visual_tools:/home/julia-hrycyna/ws_moveit/install/rviz_visual_tools:/home/julia-hrycyna/ws_moveit/install/moveit_task_constructor_visualization:/home/julia-hrycyna/ws_moveit/install/moveit_task_constructor_demo:/home/julia-hrycyna/ws_moveit/install/moveit_task_constructor_capabilities:/home/julia-hrycyna/ws_moveit/install/moveit_task_constructor_core:/home/julia-hrycyna/ws_moveit/install/rviz_marker_tools:/home/julia-hrycyna/ws_moveit/install/kortex_bringup:/home/julia-hrycyna/ws_moveit/install/kinova_gen3_lite_moveit_config:/home/julia-hrycyna/ws_moveit/install/kinova_gen3_7dof_robotiq_2f_85_moveit_config:/home/julia-hrycyna/ws_moveit/install/kinova_gen3_6dof_robotiq_2f_85_moveit_config:/home/julia-hrycyna/ws_moveit/install/kortex_description:/home/julia-hrycyna/ws_moveit/install/robotiq_description:/home/julia-hrycyna/ws_moveit/install/robotiq_controllers:/home/julia-hrycyna/ws_moveit/install/pilz_industrial_motion_planner_testutils:/home/julia-hrycyna/ws_moveit/install/moveit_runtime:/home/julia-hrycyna/ws_moveit/install/moveit:/home/julia-hrycyna/ws_moveit/install/moveit_planners:/home/julia-hrycyna/ws_moveit/install/pilz_industrial_motion_planner:/home/julia-hrycyna/ws_moveit/install/picknik_twist_controller:/home/julia-hrycyna/ws_moveit/install/picknik_reset_fault_controller:/home/julia-hrycyna/ws_moveit/install/moveit_task_constructor_msgs:/home/julia-hrycyna/ws_moveit/install/moveit_ros_control_interface:/home/julia-hrycyna/ws_moveit/install/moveit_plugins:/home/julia-hrycyna/ws_moveit/install/moveit_simple_controller_manager:/home/julia-hrycyna/ws_moveit/install/moveit_setup_assistant:/home/julia-hrycyna/ws_moveit/install/moveit_setup_srdf_plugins:/home/julia-hrycyna/ws_moveit/install/moveit_setup_core_plugins:/home/julia-hrycyna/ws_moveit/install/moveit_setup_controllers:/home/julia-hrycyna/ws_moveit/install/moveit_setup_app_plugins:/home/julia-hrycyna/ws_moveit/install/moveit_setup_framework:/home/julia-hrycyna/ws_moveit/install/moveit_servo:/home/julia-hrycyna/ws_moveit/install/moveit_ros_trajectory_cache:/home/julia-hrycyna/ws_moveit/install/moveit_ros:/home/julia-hrycyna/ws_moveit/install/moveit_ros_visualization:/home/julia-hrycyna/ws_moveit/install/moveit_py:/home/julia-hrycyna/ws_moveit/install/moveit_hybrid_planning:/home/julia-hrycyna/ws_moveit/install/moveit_ros_planning_interface:/home/julia-hrycyna/ws_moveit/install/moveit_ros_benchmarks:/home/julia-hrycyna/ws_moveit/install/moveit_ros_warehouse:/home/julia-hrycyna/ws_moveit/install/moveit_ros_robot_interaction:/home/julia-hrycyna/ws_moveit/install/moveit_ros_perception:/home/julia-hrycyna/ws_moveit/install/moveit_resources_prbt_pg70_support:/home/julia-hrycyna/ws_moveit/install/moveit_resources_prbt_moveit_config:/home/julia-hrycyna/ws_moveit/install/moveit_ros_move_group:/home/julia-hrycyna/ws_moveit/install/moveit_planners_ompl:/home/julia-hrycyna/ws_moveit/install/moveit_kinematics:/home/julia-hrycyna/ws_moveit/install/moveit_ros_planning:/home/julia-hrycyna/ws_moveit/install/moveit_ros_occupancy_map_monitor:/home/julia-hrycyna/ws_moveit/install/moveit_resources_prbt_support:/home/julia-hrycyna/ws_moveit/install/moveit_resources_prbt_ikfast_manipulator_plugin:/home/julia-hrycyna/ws_moveit/install/moveit_resources:/home/julia-hrycyna/ws_moveit/install/moveit_resources_pr2_description:/home/julia-hrycyna/ws_moveit/install/moveit_resources_panda_moveit_config:/home/julia-hrycyna/ws_moveit/install/dual_arm_panda_moveit_config:/home/julia-hrycyna/ws_moveit/install/moveit_resources_panda_description:/home/julia-hrycyna/ws_moveit/install/moveit_resources_fanuc_moveit_config:/home/julia-hrycyna/ws_moveit/install/moveit_resources_fanuc_description:/home/julia-hrycyna/ws_moveit/install/moveit_planners_stomp:/home/julia-hrycyna/ws_moveit/install/moveit_planners_chomp:/home/julia-hrycyna/ws_moveit/install/chomp_motion_planner:/home/julia-hrycyna/ws_moveit/install/moveit_core:/home/julia-hrycyna/ws_moveit/install/moveit_msgs:/home/julia-hrycyna/ws_moveit/install/moveit_common:/home/julia-hrycyna/ws_moveit/install/kortex_driver:/home/julia-hrycyna/ws_moveit/install/kortex_api:/opt/ros/jazzy/opt/gz_sim_vendor:/opt/ros/jazzy/opt/gz_sensors_vendor:/opt/ros/jazzy/opt/gz_physics_vendor:/opt/ros/jazzy/opt/sdformat_vendor:/opt/ros/jazzy/opt/gz_gui_vendor:/opt/ros/jazzy/opt/gz_transport_vendor:/opt/ros/jazzy/opt/gz_rendering_vendor:/opt/ros/jazzy/opt/gz_plugin_vendor:/opt/ros/jazzy/opt/gz_fuel_tools_vendor:/opt/ros/jazzy/opt/gz_msgs_vendor:/opt/ros/jazzy/opt/gz_common_vendor:/opt/ros/jazzy/opt/gz_math_vendor:/opt/ros/jazzy/opt/gz_utils_vendor:/opt/ros/jazzy/opt/gz_tools_vendor:/opt/ros/jazzy/opt/gz_ogre_next_vendor:/opt/ros/jazzy/opt/gz_dartsim_vendor:/opt/ros/jazzy/opt/gz_cmake_vendor:/home/julia-hrycyna/ws_moveit/install/moveit_configs_utils:/opt/ros/jazzy DEBUGINFOD_URLS=https://debuginfod.ubuntu.com /usr/bin/cmake /home/julia-hrycyna/Pulpit/Hexapod/simulation/ros2_ws/src/hexapod_moveit_config -DCMAKE_INSTALL_PREFIX=/home/julia-hrycyna/Pulpit/Hexapod/simulation/ros2_ws/src/install/hexapod_moveit_config
[3.364s] DEBUG:colcon.colcon_core.event_handler.log_command:Invoked command in '/home/julia-hrycyna/Pulpit/Hexapod/simulation/ros2_ws/src/build/hexapod_moveit_config' returned '0': AMENT_PREFIX_PATH=/home/julia-hrycyna/Pulpit/Hexapod/simulation/ros2_ws/src/install/hexapod_description:${AMENT_PREFIX_PATH} CMAKE_PREFIX_PATH=/home/julia-hrycyna/Pulpit/Hexapod/simulation/ros2_ws/src/install/hexapod_description:/home/julia-hrycyna/ws_moveit/install/robotiq_hardware_tests:/home/julia-hrycyna/ws_moveit/install/robotiq_driver:/home/julia-hrycyna/ws_moveit/install/serial:/home/julia-hrycyna/ws_moveit/install/moveit2_tutorials:/home/julia-hrycyna/ws_moveit/install/moveit_visual_tools:/home/julia-hrycyna/ws_moveit/install/rviz_visual_tools:/home/julia-hrycyna/ws_moveit/install/moveit_task_constructor_visualization:/home/julia-hrycyna/ws_moveit/install/moveit_task_constructor_demo:/home/julia-hrycyna/ws_moveit/install/moveit_task_constructor_capabilities:/home/julia-hrycyna/ws_moveit/install/moveit_task_constructor_core:/home/julia-hrycyna/ws_moveit/install/rviz_marker_tools:/home/julia-hrycyna/ws_moveit/install/kortex_bringup:/home/julia-hrycyna/ws_moveit/install/kinova_gen3_lite_moveit_config:/home/julia-hrycyna/ws_moveit/install/kinova_gen3_7dof_robotiq_2f_85_moveit_config:/home/julia-hrycyna/ws_moveit/install/kinova_gen3_6dof_robotiq_2f_85_moveit_config:/home/julia-hrycyna/ws_moveit/install/kortex_description:/home/julia-hrycyna/ws_moveit/install/robotiq_description:/home/julia-hrycyna/ws_moveit/install/robotiq_controllers:/home/julia-hrycyna/ws_moveit/install/pilz_industrial_motion_planner_testutils:/home/julia-hrycyna/ws_moveit/install/moveit_runtime:/home/julia-hrycyna/ws_moveit/install/moveit:/home/julia-hrycyna/ws_moveit/install/moveit_planners:/home/julia-hrycyna/ws_moveit/install/pilz_industrial_motion_planner:/home/julia-hrycyna/ws_moveit/install/picknik_twist_controller:/home/julia-hrycyna/ws_moveit/install/picknik_reset_fault_controller:/home/julia-hrycyna/ws_moveit/install/moveit_task_constructor_msgs:/home/julia-hrycyna/ws_moveit/install/moveit_ros_control_interface:/home/julia-hrycyna/ws_moveit/install/moveit_plugins:/home/julia-hrycyna/ws_moveit/install/moveit_simple_controller_manager:/home/julia-hrycyna/ws_moveit/install/moveit_setup_assistant:/home/julia-hrycyna/ws_moveit/install/moveit_setup_srdf_plugins:/home/julia-hrycyna/ws_moveit/install/moveit_setup_core_plugins:/home/julia-hrycyna/ws_moveit/install/moveit_setup_controllers:/home/julia-hrycyna/ws_moveit/install/moveit_setup_app_plugins:/home/julia-hrycyna/ws_moveit/install/moveit_setup_framework:/home/julia-hrycyna/ws_moveit/install/moveit_servo:/home/julia-hrycyna/ws_moveit/install/moveit_ros_trajectory_cache:/home/julia-hrycyna/ws_moveit/install/moveit_ros:/home/julia-hrycyna/ws_moveit/install/moveit_ros_visualization:/home/julia-hrycyna/ws_moveit/install/moveit_py:/home/julia-hrycyna/ws_moveit/install/moveit_hybrid_planning:/home/julia-hrycyna/ws_moveit/install/moveit_ros_planning_interface:/home/julia-hrycyna/ws_moveit/install/moveit_ros_benchmarks:/home/julia-hrycyna/ws_moveit/install/moveit_ros_warehouse:/home/julia-hrycyna/ws_moveit/install/moveit_ros_robot_interaction:/home/julia-hrycyna/ws_moveit/install/moveit_ros_perception:/home/julia-hrycyna/ws_moveit/install/moveit_resources_prbt_pg70_support:/home/julia-hrycyna/ws_moveit/install/moveit_resources_prbt_moveit_config:/home/julia-hrycyna/ws_moveit/install/moveit_ros_move_group:/home/julia-hrycyna/ws_moveit/install/moveit_planners_ompl:/home/julia-hrycyna/ws_moveit/install/moveit_kinematics:/home/julia-hrycyna/ws_moveit/install/moveit_ros_planning:/home/julia-hrycyna/ws_moveit/install/moveit_ros_occupancy_map_monitor:/home/julia-hrycyna/ws_moveit/install/moveit_resources_prbt_support:/home/julia-hrycyna/ws_moveit/install/moveit_resources_prbt_ikfast_manipulator_plugin:/home/julia-hrycyna/ws_moveit/install/moveit_resources:/home/julia-hrycyna/ws_moveit/install/moveit_resources_pr2_description:/home/julia-hrycyna/ws_moveit/install/moveit_resources_panda_moveit_config:/home/julia-hrycyna/ws_moveit/install/dual_arm_panda_moveit_config:/home/julia-hrycyna/ws_moveit/install/moveit_resources_panda_description:/home/julia-hrycyna/ws_moveit/install/moveit_resources_fanuc_moveit_config:/home/julia-hrycyna/ws_moveit/install/moveit_resources_fanuc_description:/home/julia-hrycyna/ws_moveit/install/moveit_planners_stomp:/home/julia-hrycyna/ws_moveit/install/moveit_planners_chomp:/home/julia-hrycyna/ws_moveit/install/chomp_motion_planner:/home/julia-hrycyna/ws_moveit/install/moveit_core:/home/julia-hrycyna/ws_moveit/install/moveit_msgs:/home/julia-hrycyna/ws_moveit/install/moveit_common:/home/julia-hrycyna/ws_moveit/install/kortex_driver:/home/julia-hrycyna/ws_moveit/install/kortex_api:/opt/ros/jazzy/opt/gz_sim_vendor:/opt/ros/jazzy/opt/gz_sensors_vendor:/opt/ros/jazzy/opt/gz_physics_vendor:/opt/ros/jazzy/opt/sdformat_vendor:/opt/ros/jazzy/opt/gz_gui_vendor:/opt/ros/jazzy/opt/gz_transport_vendor:/opt/ros/jazzy/opt/gz_rendering_vendor:/opt/ros/jazzy/opt/gz_plugin_vendor:/opt/ros/jazzy/opt/gz_fuel_tools_vendor:/opt/ros/jazzy/opt/gz_msgs_vendor:/opt/ros/jazzy/opt/gz_common_vendor:/opt/ros/jazzy/opt/gz_math_vendor:/opt/ros/jazzy/opt/gz_utils_vendor:/opt/ros/jazzy/opt/gz_tools_vendor:/opt/ros/jazzy/opt/gz_ogre_next_vendor:/opt/ros/jazzy/opt/gz_dartsim_vendor:/opt/ros/jazzy/opt/gz_cmake_vendor:/home/julia-hrycyna/ws_moveit/install/moveit_configs_utils:/opt/ros/jazzy DEBUGINFOD_URLS=https://debuginfod.ubuntu.com /usr/bin/cmake /home/julia-hrycyna/Pulpit/Hexapod/simulation/ros2_ws/src/hexapod_moveit_config -DCMAKE_INSTALL_PREFIX=/home/julia-hrycyna/Pulpit/Hexapod/simulation/ros2_ws/src/install/hexapod_moveit_config
[3.366s] DEBUG:colcon.colcon_core.event_handler.log_command:Invoking command in '/home/julia-hrycyna/Pulpit/Hexapod/simulation/ros2_ws/src/build/hexapod_moveit_config': AMENT_PREFIX_PATH=/home/julia-hrycyna/Pulpit/Hexapod/simulation/ros2_ws/src/install/hexapod_description:${AMENT_PREFIX_PATH} CMAKE_PREFIX_PATH=/home/julia-hrycyna/Pulpit/Hexapod/simulation/ros2_ws/src/install/hexapod_description:/home/julia-hrycyna/ws_moveit/install/robotiq_hardware_tests:/home/julia-hrycyna/ws_moveit/install/robotiq_driver:/home/julia-hrycyna/ws_moveit/install/serial:/home/julia-hrycyna/ws_moveit/install/moveit2_tutorials:/home/julia-hrycyna/ws_moveit/install/moveit_visual_tools:/home/julia-hrycyna/ws_moveit/install/rviz_visual_tools:/home/julia-hrycyna/ws_moveit/install/moveit_task_constructor_visualization:/home/julia-hrycyna/ws_moveit/install/moveit_task_constructor_demo:/home/julia-hrycyna/ws_moveit/install/moveit_task_constructor_capabilities:/home/julia-hrycyna/ws_moveit/install/moveit_task_constructor_core:/home/julia-hrycyna/ws_moveit/install/rviz_marker_tools:/home/julia-hrycyna/ws_moveit/install/kortex_bringup:/home/julia-hrycyna/ws_moveit/install/kinova_gen3_lite_moveit_config:/home/julia-hrycyna/ws_moveit/install/kinova_gen3_7dof_robotiq_2f_85_moveit_config:/home/julia-hrycyna/ws_moveit/install/kinova_gen3_6dof_robotiq_2f_85_moveit_config:/home/julia-hrycyna/ws_moveit/install/kortex_description:/home/julia-hrycyna/ws_moveit/install/robotiq_description:/home/julia-hrycyna/ws_moveit/install/robotiq_controllers:/home/julia-hrycyna/ws_moveit/install/pilz_industrial_motion_planner_testutils:/home/julia-hrycyna/ws_moveit/install/moveit_runtime:/home/julia-hrycyna/ws_moveit/install/moveit:/home/julia-hrycyna/ws_moveit/install/moveit_planners:/home/julia-hrycyna/ws_moveit/install/pilz_industrial_motion_planner:/home/julia-hrycyna/ws_moveit/install/picknik_twist_controller:/home/julia-hrycyna/ws_moveit/install/picknik_reset_fault_controller:/home/julia-hrycyna/ws_moveit/install/moveit_task_constructor_msgs:/home/julia-hrycyna/ws_moveit/install/moveit_ros_control_interface:/home/julia-hrycyna/ws_moveit/install/moveit_plugins:/home/julia-hrycyna/ws_moveit/install/moveit_simple_controller_manager:/home/julia-hrycyna/ws_moveit/install/moveit_setup_assistant:/home/julia-hrycyna/ws_moveit/install/moveit_setup_srdf_plugins:/home/julia-hrycyna/ws_moveit/install/moveit_setup_core_plugins:/home/julia-hrycyna/ws_moveit/install/moveit_setup_controllers:/home/julia-hrycyna/ws_moveit/install/moveit_setup_app_plugins:/home/julia-hrycyna/ws_moveit/install/moveit_setup_framework:/home/julia-hrycyna/ws_moveit/install/moveit_servo:/home/julia-hrycyna/ws_moveit/install/moveit_ros_trajectory_cache:/home/julia-hrycyna/ws_moveit/install/moveit_ros:/home/julia-hrycyna/ws_moveit/install/moveit_ros_visualization:/home/julia-hrycyna/ws_moveit/install/moveit_py:/home/julia-hrycyna/ws_moveit/install/moveit_hybrid_planning:/home/julia-hrycyna/ws_moveit/install/moveit_ros_planning_interface:/home/julia-hrycyna/ws_moveit/install/moveit_ros_benchmarks:/home/julia-hrycyna/ws_moveit/install/moveit_ros_warehouse:/home/julia-hrycyna/ws_moveit/install/moveit_ros_robot_interaction:/home/julia-hrycyna/ws_moveit/install/moveit_ros_perception:/home/julia-hrycyna/ws_moveit/install/moveit_resources_prbt_pg70_support:/home/julia-hrycyna/ws_moveit/install/moveit_resources_prbt_moveit_config:/home/julia-hrycyna/ws_moveit/install/moveit_ros_move_group:/home/julia-hrycyna/ws_moveit/install/moveit_planners_ompl:/home/julia-hrycyna/ws_moveit/install/moveit_kinematics:/home/julia-hrycyna/ws_moveit/install/moveit_ros_planning:/home/julia-hrycyna/ws_moveit/install/moveit_ros_occupancy_map_monitor:/home/julia-hrycyna/ws_moveit/install/moveit_resources_prbt_support:/home/julia-hrycyna/ws_moveit/install/moveit_resources_prbt_ikfast_manipulator_plugin:/home/julia-hrycyna/ws_moveit/install/moveit_resources:/home/julia-hrycyna/ws_moveit/install/moveit_resources_pr2_description:/home/julia-hrycyna/ws_moveit/install/moveit_resources_panda_moveit_config:/home/julia-hrycyna/ws_moveit/install/dual_arm_panda_moveit_config:/home/julia-hrycyna/ws_moveit/install/moveit_resources_panda_description:/home/julia-hrycyna/ws_moveit/install/moveit_resources_fanuc_moveit_config:/home/julia-hrycyna/ws_moveit/install/moveit_resources_fanuc_description:/home/julia-hrycyna/ws_moveit/install/moveit_planners_stomp:/home/julia-hrycyna/ws_moveit/install/moveit_planners_chomp:/home/julia-hrycyna/ws_moveit/install/chomp_motion_planner:/home/julia-hrycyna/ws_moveit/install/moveit_core:/home/julia-hrycyna/ws_moveit/install/moveit_msgs:/home/julia-hrycyna/ws_moveit/install/moveit_common:/home/julia-hrycyna/ws_moveit/install/kortex_driver:/home/julia-hrycyna/ws_moveit/install/kortex_api:/opt/ros/jazzy/opt/gz_sim_vendor:/opt/ros/jazzy/opt/gz_sensors_vendor:/opt/ros/jazzy/opt/gz_physics_vendor:/opt/ros/jazzy/opt/sdformat_vendor:/opt/ros/jazzy/opt/gz_gui_vendor:/opt/ros/jazzy/opt/gz_transport_vendor:/opt/ros/jazzy/opt/gz_rendering_vendor:/opt/ros/jazzy/opt/gz_plugin_vendor:/opt/ros/jazzy/opt/gz_fuel_tools_vendor:/opt/ros/jazzy/opt/gz_msgs_vendor:/opt/ros/jazzy/opt/gz_common_vendor:/opt/ros/jazzy/opt/gz_math_vendor:/opt/ros/jazzy/opt/gz_utils_vendor:/opt/ros/jazzy/opt/gz_tools_vendor:/opt/ros/jazzy/opt/gz_ogre_next_vendor:/opt/ros/jazzy/opt/gz_dartsim_vendor:/opt/ros/jazzy/opt/gz_cmake_vendor:/home/julia-hrycyna/ws_moveit/install/moveit_configs_utils:/opt/ros/jazzy DEBUGINFOD_URLS=https://debuginfod.ubuntu.com /usr/bin/cmake --build /home/julia-hrycyna/Pulpit/Hexapod/simulation/ros2_ws/src/build/hexapod_moveit_config -- -j4 -l4
[3.456s] DEBUG:colcon.colcon_core.event_handler.log_command:Invoked command in '/home/julia-hrycyna/Pulpit/Hexapod/simulation/ros2_ws/src/build/hexapod_moveit_config' returned '0': AMENT_PREFIX_PATH=/home/julia-hrycyna/Pulpit/Hexapod/simulation/ros2_ws/src/install/hexapod_description:${AMENT_PREFIX_PATH} CMAKE_PREFIX_PATH=/home/julia-hrycyna/Pulpit/Hexapod/simulation/ros2_ws/src/install/hexapod_description:/home/julia-hrycyna/ws_moveit/install/robotiq_hardware_tests:/home/julia-hrycyna/ws_moveit/install/robotiq_driver:/home/julia-hrycyna/ws_moveit/install/serial:/home/julia-hrycyna/ws_moveit/install/moveit2_tutorials:/home/julia-hrycyna/ws_moveit/install/moveit_visual_tools:/home/julia-hrycyna/ws_moveit/install/rviz_visual_tools:/home/julia-hrycyna/ws_moveit/install/moveit_task_constructor_visualization:/home/julia-hrycyna/ws_moveit/install/moveit_task_constructor_demo:/home/julia-hrycyna/ws_moveit/install/moveit_task_constructor_capabilities:/home/julia-hrycyna/ws_moveit/install/moveit_task_constructor_core:/home/julia-hrycyna/ws_moveit/install/rviz_marker_tools:/home/julia-hrycyna/ws_moveit/install/kortex_bringup:/home/julia-hrycyna/ws_moveit/install/kinova_gen3_lite_moveit_config:/home/julia-hrycyna/ws_moveit/install/kinova_gen3_7dof_robotiq_2f_85_moveit_config:/home/julia-hrycyna/ws_moveit/install/kinova_gen3_6dof_robotiq_2f_85_moveit_config:/home/julia-hrycyna/ws_moveit/install/kortex_description:/home/julia-hrycyna/ws_moveit/install/robotiq_description:/home/julia-hrycyna/ws_moveit/install/robotiq_controllers:/home/julia-hrycyna/ws_moveit/install/pilz_industrial_motion_planner_testutils:/home/julia-hrycyna/ws_moveit/install/moveit_runtime:/home/julia-hrycyna/ws_moveit/install/moveit:/home/julia-hrycyna/ws_moveit/install/moveit_planners:/home/julia-hrycyna/ws_moveit/install/pilz_industrial_motion_planner:/home/julia-hrycyna/ws_moveit/install/picknik_twist_controller:/home/julia-hrycyna/ws_moveit/install/picknik_reset_fault_controller:/home/julia-hrycyna/ws_moveit/install/moveit_task_constructor_msgs:/home/julia-hrycyna/ws_moveit/install/moveit_ros_control_interface:/home/julia-hrycyna/ws_moveit/install/moveit_plugins:/home/julia-hrycyna/ws_moveit/install/moveit_simple_controller_manager:/home/julia-hrycyna/ws_moveit/install/moveit_setup_assistant:/home/julia-hrycyna/ws_moveit/install/moveit_setup_srdf_plugins:/home/julia-hrycyna/ws_moveit/install/moveit_setup_core_plugins:/home/julia-hrycyna/ws_moveit/install/moveit_setup_controllers:/home/julia-hrycyna/ws_moveit/install/moveit_setup_app_plugins:/home/julia-hrycyna/ws_moveit/install/moveit_setup_framework:/home/julia-hrycyna/ws_moveit/install/moveit_servo:/home/julia-hrycyna/ws_moveit/install/moveit_ros_trajectory_cache:/home/julia-hrycyna/ws_moveit/install/moveit_ros:/home/julia-hrycyna/ws_moveit/install/moveit_ros_visualization:/home/julia-hrycyna/ws_moveit/install/moveit_py:/home/julia-hrycyna/ws_moveit/install/moveit_hybrid_planning:/home/julia-hrycyna/ws_moveit/install/moveit_ros_planning_interface:/home/julia-hrycyna/ws_moveit/install/moveit_ros_benchmarks:/home/julia-hrycyna/ws_moveit/install/moveit_ros_warehouse:/home/julia-hrycyna/ws_moveit/install/moveit_ros_robot_interaction:/home/julia-hrycyna/ws_moveit/install/moveit_ros_perception:/home/julia-hrycyna/ws_moveit/install/moveit_resources_prbt_pg70_support:/home/julia-hrycyna/ws_moveit/install/moveit_resources_prbt_moveit_config:/home/julia-hrycyna/ws_moveit/install/moveit_ros_move_group:/home/julia-hrycyna/ws_moveit/install/moveit_planners_ompl:/home/julia-hrycyna/ws_moveit/install/moveit_kinematics:/home/julia-hrycyna/ws_moveit/install/moveit_ros_planning:/home/julia-hrycyna/ws_moveit/install/moveit_ros_occupancy_map_monitor:/home/julia-hrycyna/ws_moveit/install/moveit_resources_prbt_support:/home/julia-hrycyna/ws_moveit/install/moveit_resources_prbt_ikfast_manipulator_plugin:/home/julia-hrycyna/ws_moveit/install/moveit_resources:/home/julia-hrycyna/ws_moveit/install/moveit_resources_pr2_description:/home/julia-hrycyna/ws_moveit/install/moveit_resources_panda_moveit_config:/home/julia-hrycyna/ws_moveit/install/dual_arm_panda_moveit_config:/home/julia-hrycyna/ws_moveit/install/moveit_resources_panda_description:/home/julia-hrycyna/ws_moveit/install/moveit_resources_fanuc_moveit_config:/home/julia-hrycyna/ws_moveit/install/moveit_resources_fanuc_description:/home/julia-hrycyna/ws_moveit/install/moveit_planners_stomp:/home/julia-hrycyna/ws_moveit/install/moveit_planners_chomp:/home/julia-hrycyna/ws_moveit/install/chomp_motion_planner:/home/julia-hrycyna/ws_moveit/install/moveit_core:/home/julia-hrycyna/ws_moveit/install/moveit_msgs:/home/julia-hrycyna/ws_moveit/install/moveit_common:/home/julia-hrycyna/ws_moveit/install/kortex_driver:/home/julia-hrycyna/ws_moveit/install/kortex_api:/opt/ros/jazzy/opt/gz_sim_vendor:/opt/ros/jazzy/opt/gz_sensors_vendor:/opt/ros/jazzy/opt/gz_physics_vendor:/opt/ros/jazzy/opt/sdformat_vendor:/opt/ros/jazzy/opt/gz_gui_vendor:/opt/ros/jazzy/opt/gz_transport_vendor:/opt/ros/jazzy/opt/gz_rendering_vendor:/opt/ros/jazzy/opt/gz_plugin_vendor:/opt/ros/jazzy/opt/gz_fuel_tools_vendor:/opt/ros/jazzy/opt/gz_msgs_vendor:/opt/ros/jazzy/opt/gz_common_vendor:/opt/ros/jazzy/opt/gz_math_vendor:/opt/ros/jazzy/opt/gz_utils_vendor:/opt/ros/jazzy/opt/gz_tools_vendor:/opt/ros/jazzy/opt/gz_ogre_next_vendor:/opt/ros/jazzy/opt/gz_dartsim_vendor:/opt/ros/jazzy/opt/gz_cmake_vendor:/home/julia-hrycyna/ws_moveit/install/moveit_configs_utils:/opt/ros/jazzy DEBUGINFOD_URLS=https://debuginfod.ubuntu.com /usr/bin/cmake --build /home/julia-hrycyna/Pulpit/Hexapod/simulation/ros2_ws/src/build/hexapod_moveit_config -- -j4 -l4
[3.459s] DEBUG:colcon.colcon_core.event_handler.log_command:Invoking command in '/home/julia-hrycyna/Pulpit/Hexapod/simulation/ros2_ws/src/build/hexapod_moveit_config': AMENT_PREFIX_PATH=/home/julia-hrycyna/Pulpit/Hexapod/simulation/ros2_ws/src/install/hexapod_description:${AMENT_PREFIX_PATH} CMAKE_PREFIX_PATH=/home/julia-hrycyna/Pulpit/Hexapod/simulation/ros2_ws/src/install/hexapod_description:/home/julia-hrycyna/ws_moveit/install/robotiq_hardware_tests:/home/julia-hrycyna/ws_moveit/install/robotiq_driver:/home/julia-hrycyna/ws_moveit/install/serial:/home/julia-hrycyna/ws_moveit/install/moveit2_tutorials:/home/julia-hrycyna/ws_moveit/install/moveit_visual_tools:/home/julia-hrycyna/ws_moveit/install/rviz_visual_tools:/home/julia-hrycyna/ws_moveit/install/moveit_task_constructor_visualization:/home/julia-hrycyna/ws_moveit/install/moveit_task_constructor_demo:/home/julia-hrycyna/ws_moveit/install/moveit_task_constructor_capabilities:/home/julia-hrycyna/ws_moveit/install/moveit_task_constructor_core:/home/julia-hrycyna/ws_moveit/install/rviz_marker_tools:/home/julia-hrycyna/ws_moveit/install/kortex_bringup:/home/julia-hrycyna/ws_moveit/install/kinova_gen3_lite_moveit_config:/home/julia-hrycyna/ws_moveit/install/kinova_gen3_7dof_robotiq_2f_85_moveit_config:/home/julia-hrycyna/ws_moveit/install/kinova_gen3_6dof_robotiq_2f_85_moveit_config:/home/julia-hrycyna/ws_moveit/install/kortex_description:/home/julia-hrycyna/ws_moveit/install/robotiq_description:/home/julia-hrycyna/ws_moveit/install/robotiq_controllers:/home/julia-hrycyna/ws_moveit/install/pilz_industrial_motion_planner_testutils:/home/julia-hrycyna/ws_moveit/install/moveit_runtime:/home/julia-hrycyna/ws_moveit/install/moveit:/home/julia-hrycyna/ws_moveit/install/moveit_planners:/home/julia-hrycyna/ws_moveit/install/pilz_industrial_motion_planner:/home/julia-hrycyna/ws_moveit/install/picknik_twist_controller:/home/julia-hrycyna/ws_moveit/install/picknik_reset_fault_controller:/home/julia-hrycyna/ws_moveit/install/moveit_task_constructor_msgs:/home/julia-hrycyna/ws_moveit/install/moveit_ros_control_interface:/home/julia-hrycyna/ws_moveit/install/moveit_plugins:/home/julia-hrycyna/ws_moveit/install/moveit_simple_controller_manager:/home/julia-hrycyna/ws_moveit/install/moveit_setup_assistant:/home/julia-hrycyna/ws_moveit/install/moveit_setup_srdf_plugins:/home/julia-hrycyna/ws_moveit/install/moveit_setup_core_plugins:/home/julia-hrycyna/ws_moveit/install/moveit_setup_controllers:/home/julia-hrycyna/ws_moveit/install/moveit_setup_app_plugins:/home/julia-hrycyna/ws_moveit/install/moveit_setup_framework:/home/julia-hrycyna/ws_moveit/install/moveit_servo:/home/julia-hrycyna/ws_moveit/install/moveit_ros_trajectory_cache:/home/julia-hrycyna/ws_moveit/install/moveit_ros:/home/julia-hrycyna/ws_moveit/install/moveit_ros_visualization:/home/julia-hrycyna/ws_moveit/install/moveit_py:/home/julia-hrycyna/ws_moveit/install/moveit_hybrid_planning:/home/julia-hrycyna/ws_moveit/install/moveit_ros_planning_interface:/home/julia-hrycyna/ws_moveit/install/moveit_ros_benchmarks:/home/julia-hrycyna/ws_moveit/install/moveit_ros_warehouse:/home/julia-hrycyna/ws_moveit/install/moveit_ros_robot_interaction:/home/julia-hrycyna/ws_moveit/install/moveit_ros_perception:/home/julia-hrycyna/ws_moveit/install/moveit_resources_prbt_pg70_support:/home/julia-hrycyna/ws_moveit/install/moveit_resources_prbt_moveit_config:/home/julia-hrycyna/ws_moveit/install/moveit_ros_move_group:/home/julia-hrycyna/ws_moveit/install/moveit_planners_ompl:/home/julia-hrycyna/ws_moveit/install/moveit_kinematics:/home/julia-hrycyna/ws_moveit/install/moveit_ros_planning:/home/julia-hrycyna/ws_moveit/install/moveit_ros_occupancy_map_monitor:/home/julia-hrycyna/ws_moveit/install/moveit_resources_prbt_support:/home/julia-hrycyna/ws_moveit/install/moveit_resources_prbt_ikfast_manipulator_plugin:/home/julia-hrycyna/ws_moveit/install/moveit_resources:/home/julia-hrycyna/ws_moveit/install/moveit_resources_pr2_description:/home/julia-hrycyna/ws_moveit/install/moveit_resources_panda_moveit_config:/home/julia-hrycyna/ws_moveit/install/dual_arm_panda_moveit_config:/home/julia-hrycyna/ws_moveit/install/moveit_resources_panda_description:/home/julia-hrycyna/ws_moveit/install/moveit_resources_fanuc_moveit_config:/home/julia-hrycyna/ws_moveit/install/moveit_resources_fanuc_description:/home/julia-hrycyna/ws_moveit/install/moveit_planners_stomp:/home/julia-hrycyna/ws_moveit/install/moveit_planners_chomp:/home/julia-hrycyna/ws_moveit/install/chomp_motion_planner:/home/julia-hrycyna/ws_moveit/install/moveit_core:/home/julia-hrycyna/ws_moveit/install/moveit_msgs:/home/julia-hrycyna/ws_moveit/install/moveit_common:/home/julia-hrycyna/ws_moveit/install/kortex_driver:/home/julia-hrycyna/ws_moveit/install/kortex_api:/opt/ros/jazzy/opt/gz_sim_vendor:/opt/ros/jazzy/opt/gz_sensors_vendor:/opt/ros/jazzy/opt/gz_physics_vendor:/opt/ros/jazzy/opt/sdformat_vendor:/opt/ros/jazzy/opt/gz_gui_vendor:/opt/ros/jazzy/opt/gz_transport_vendor:/opt/ros/jazzy/opt/gz_rendering_vendor:/opt/ros/jazzy/opt/gz_plugin_vendor:/opt/ros/jazzy/opt/gz_fuel_tools_vendor:/opt/ros/jazzy/opt/gz_msgs_vendor:/opt/ros/jazzy/opt/gz_common_vendor:/opt/ros/jazzy/opt/gz_math_vendor:/opt/ros/jazzy/opt/gz_utils_vendor:/opt/ros/jazzy/opt/gz_tools_vendor:/opt/ros/jazzy/opt/gz_ogre_next_vendor:/opt/ros/jazzy/opt/gz_dartsim_vendor:/opt/ros/jazzy/opt/gz_cmake_vendor:/home/julia-hrycyna/ws_moveit/install/moveit_configs_utils:/opt/ros/jazzy DEBUGINFOD_URLS=https://debuginfod.ubuntu.com /usr/bin/cmake --install /home/julia-hrycyna/Pulpit/Hexapod/simulation/ros2_ws/src/build/hexapod_moveit_config
[3.528s] DEBUG:colcon.colcon_core.event_handler.log_command:Invoked command in '/home/julia-hrycyna/Pulpit/Hexapod/simulation/ros2_ws/src/build/hexapod' returned '0': AMENT_PREFIX_PATH=/home/julia-hrycyna/Pulpit/Hexapod/simulation/ros2_ws/src/install/hexapod_description:${AMENT_PREFIX_PATH} CMAKE_PREFIX_PATH=/home/julia-hrycyna/Pulpit/Hexapod/simulation/ros2_ws/src/install/hexapod_description:/home/julia-hrycyna/ws_moveit/install/robotiq_hardware_tests:/home/julia-hrycyna/ws_moveit/install/robotiq_driver:/home/julia-hrycyna/ws_moveit/install/serial:/home/julia-hrycyna/ws_moveit/install/moveit2_tutorials:/home/julia-hrycyna/ws_moveit/install/moveit_visual_tools:/home/julia-hrycyna/ws_moveit/install/rviz_visual_tools:/home/julia-hrycyna/ws_moveit/install/moveit_task_constructor_visualization:/home/julia-hrycyna/ws_moveit/install/moveit_task_constructor_demo:/home/julia-hrycyna/ws_moveit/install/moveit_task_constructor_capabilities:/home/julia-hrycyna/ws_moveit/install/moveit_task_constructor_core:/home/julia-hrycyna/ws_moveit/install/rviz_marker_tools:/home/julia-hrycyna/ws_moveit/install/kortex_bringup:/home/julia-hrycyna/ws_moveit/install/kinova_gen3_lite_moveit_config:/home/julia-hrycyna/ws_moveit/install/kinova_gen3_7dof_robotiq_2f_85_moveit_config:/home/julia-hrycyna/ws_moveit/install/kinova_gen3_6dof_robotiq_2f_85_moveit_config:/home/julia-hrycyna/ws_moveit/install/kortex_description:/home/julia-hrycyna/ws_moveit/install/robotiq_description:/home/julia-hrycyna/ws_moveit/install/robotiq_controllers:/home/julia-hrycyna/ws_moveit/install/pilz_industrial_motion_planner_testutils:/home/julia-hrycyna/ws_moveit/install/moveit_runtime:/home/julia-hrycyna/ws_moveit/install/moveit:/home/julia-hrycyna/ws_moveit/install/moveit_planners:/home/julia-hrycyna/ws_moveit/install/pilz_industrial_motion_planner:/home/julia-hrycyna/ws_moveit/install/picknik_twist_controller:/home/julia-hrycyna/ws_moveit/install/picknik_reset_fault_controller:/home/julia-hrycyna/ws_moveit/install/moveit_task_constructor_msgs:/home/julia-hrycyna/ws_moveit/install/moveit_ros_control_interface:/home/julia-hrycyna/ws_moveit/install/moveit_plugins:/home/julia-hrycyna/ws_moveit/install/moveit_simple_controller_manager:/home/julia-hrycyna/ws_moveit/install/moveit_setup_assistant:/home/julia-hrycyna/ws_moveit/install/moveit_setup_srdf_plugins:/home/julia-hrycyna/ws_moveit/install/moveit_setup_core_plugins:/home/julia-hrycyna/ws_moveit/install/moveit_setup_controllers:/home/julia-hrycyna/ws_moveit/install/moveit_setup_app_plugins:/home/julia-hrycyna/ws_moveit/install/moveit_setup_framework:/home/julia-hrycyna/ws_moveit/install/moveit_servo:/home/julia-hrycyna/ws_moveit/install/moveit_ros_trajectory_cache:/home/julia-hrycyna/ws_moveit/install/moveit_ros:/home/julia-hrycyna/ws_moveit/install/moveit_ros_visualization:/home/julia-hrycyna/ws_moveit/install/moveit_py:/home/julia-hrycyna/ws_moveit/install/moveit_hybrid_planning:/home/julia-hrycyna/ws_moveit/install/moveit_ros_planning_interface:/home/julia-hrycyna/ws_moveit/install/moveit_ros_benchmarks:/home/julia-hrycyna/ws_moveit/install/moveit_ros_warehouse:/home/julia-hrycyna/ws_moveit/install/moveit_ros_robot_interaction:/home/julia-hrycyna/ws_moveit/install/moveit_ros_perception:/home/julia-hrycyna/ws_moveit/install/moveit_resources_prbt_pg70_support:/home/julia-hrycyna/ws_moveit/install/moveit_resources_prbt_moveit_config:/home/julia-hrycyna/ws_moveit/install/moveit_ros_move_group:/home/julia-hrycyna/ws_moveit/install/moveit_planners_ompl:/home/julia-hrycyna/ws_moveit/install/moveit_kinematics:/home/julia-hrycyna/ws_moveit/install/moveit_ros_planning:/home/julia-hrycyna/ws_moveit/install/moveit_ros_occupancy_map_monitor:/home/julia-hrycyna/ws_moveit/install/moveit_resources_prbt_support:/home/julia-hrycyna/ws_moveit/install/moveit_resources_prbt_ikfast_manipulator_plugin:/home/julia-hrycyna/ws_moveit/install/moveit_resources:/home/julia-hrycyna/ws_moveit/install/moveit_resources_pr2_description:/home/julia-hrycyna/ws_moveit/install/moveit_resources_panda_moveit_config:/home/julia-hrycyna/ws_moveit/install/dual_arm_panda_moveit_config:/home/julia-hrycyna/ws_moveit/install/moveit_resources_panda_description:/home/julia-hrycyna/ws_moveit/install/moveit_resources_fanuc_moveit_config:/home/julia-hrycyna/ws_moveit/install/moveit_resources_fanuc_description:/home/julia-hrycyna/ws_moveit/install/moveit_planners_stomp:/home/julia-hrycyna/ws_moveit/install/moveit_planners_chomp:/home/julia-hrycyna/ws_moveit/install/chomp_motion_planner:/home/julia-hrycyna/ws_moveit/install/moveit_core:/home/julia-hrycyna/ws_moveit/install/moveit_msgs:/home/julia-hrycyna/ws_moveit/install/moveit_common:/home/julia-hrycyna/ws_moveit/install/kortex_driver:/home/julia-hrycyna/ws_moveit/install/kortex_api:/opt/ros/jazzy/opt/gz_sim_vendor:/opt/ros/jazzy/opt/gz_sensors_vendor:/opt/ros/jazzy/opt/gz_physics_vendor:/opt/ros/jazzy/opt/sdformat_vendor:/opt/ros/jazzy/opt/gz_gui_vendor:/opt/ros/jazzy/opt/gz_transport_vendor:/opt/ros/jazzy/opt/gz_rendering_vendor:/opt/ros/jazzy/opt/gz_plugin_vendor:/opt/ros/jazzy/opt/gz_fuel_tools_vendor:/opt/ros/jazzy/opt/gz_msgs_vendor:/opt/ros/jazzy/opt/gz_common_vendor:/opt/ros/jazzy/opt/gz_math_vendor:/opt/ros/jazzy/opt/gz_utils_vendor:/opt/ros/jazzy/opt/gz_tools_vendor:/opt/ros/jazzy/opt/gz_ogre_next_vendor:/opt/ros/jazzy/opt/gz_dartsim_vendor:/opt/ros/jazzy/opt/gz_cmake_vendor:/home/julia-hrycyna/ws_moveit/install/moveit_configs_utils:/opt/ros/jazzy DEBUGINFOD_URLS=https://debuginfod.ubuntu.com /usr/bin/cmake /home/julia-hrycyna/Pulpit/Hexapod/simulation/ros2_ws/src/hexapod/hexapod -DCMAKE_INSTALL_PREFIX=/home/julia-hrycyna/Pulpit/Hexapod/simulation/ros2_ws/src/install/hexapod
[3.531s] DEBUG:colcon.colcon_core.event_handler.log_command:Invoking command in '/home/julia-hrycyna/Pulpit/Hexapod/simulation/ros2_ws/src/build/hexapod': AMENT_PREFIX_PATH=/home/julia-hrycyna/Pulpit/Hexapod/simulation/ros2_ws/src/install/hexapod_description:${AMENT_PREFIX_PATH} CMAKE_PREFIX_PATH=/home/julia-hrycyna/Pulpit/Hexapod/simulation/ros2_ws/src/install/hexapod_description:/home/julia-hrycyna/ws_moveit/install/robotiq_hardware_tests:/home/julia-hrycyna/ws_moveit/install/robotiq_driver:/home/julia-hrycyna/ws_moveit/install/serial:/home/julia-hrycyna/ws_moveit/install/moveit2_tutorials:/home/julia-hrycyna/ws_moveit/install/moveit_visual_tools:/home/julia-hrycyna/ws_moveit/install/rviz_visual_tools:/home/julia-hrycyna/ws_moveit/install/moveit_task_constructor_visualization:/home/julia-hrycyna/ws_moveit/install/moveit_task_constructor_demo:/home/julia-hrycyna/ws_moveit/install/moveit_task_constructor_capabilities:/home/julia-hrycyna/ws_moveit/install/moveit_task_constructor_core:/home/julia-hrycyna/ws_moveit/install/rviz_marker_tools:/home/julia-hrycyna/ws_moveit/install/kortex_bringup:/home/julia-hrycyna/ws_moveit/install/kinova_gen3_lite_moveit_config:/home/julia-hrycyna/ws_moveit/install/kinova_gen3_7dof_robotiq_2f_85_moveit_config:/home/julia-hrycyna/ws_moveit/install/kinova_gen3_6dof_robotiq_2f_85_moveit_config:/home/julia-hrycyna/ws_moveit/install/kortex_description:/home/julia-hrycyna/ws_moveit/install/robotiq_description:/home/julia-hrycyna/ws_moveit/install/robotiq_controllers:/home/julia-hrycyna/ws_moveit/install/pilz_industrial_motion_planner_testutils:/home/julia-hrycyna/ws_moveit/install/moveit_runtime:/home/julia-hrycyna/ws_moveit/install/moveit:/home/julia-hrycyna/ws_moveit/install/moveit_planners:/home/julia-hrycyna/ws_moveit/install/pilz_industrial_motion_planner:/home/julia-hrycyna/ws_moveit/install/picknik_twist_controller:/home/julia-hrycyna/ws_moveit/install/picknik_reset_fault_controller:/home/julia-hrycyna/ws_moveit/install/moveit_task_constructor_msgs:/home/julia-hrycyna/ws_moveit/install/moveit_ros_control_interface:/home/julia-hrycyna/ws_moveit/install/moveit_plugins:/home/julia-hrycyna/ws_moveit/install/moveit_simple_controller_manager:/home/julia-hrycyna/ws_moveit/install/moveit_setup_assistant:/home/julia-hrycyna/ws_moveit/install/moveit_setup_srdf_plugins:/home/julia-hrycyna/ws_moveit/install/moveit_setup_core_plugins:/home/julia-hrycyna/ws_moveit/install/moveit_setup_controllers:/home/julia-hrycyna/ws_moveit/install/moveit_setup_app_plugins:/home/julia-hrycyna/ws_moveit/install/moveit_setup_framework:/home/julia-hrycyna/ws_moveit/install/moveit_servo:/home/julia-hrycyna/ws_moveit/install/moveit_ros_trajectory_cache:/home/julia-hrycyna/ws_moveit/install/moveit_ros:/home/julia-hrycyna/ws_moveit/install/moveit_ros_visualization:/home/julia-hrycyna/ws_moveit/install/moveit_py:/home/julia-hrycyna/ws_moveit/install/moveit_hybrid_planning:/home/julia-hrycyna/ws_moveit/install/moveit_ros_planning_interface:/home/julia-hrycyna/ws_moveit/install/moveit_ros_benchmarks:/home/julia-hrycyna/ws_moveit/install/moveit_ros_warehouse:/home/julia-hrycyna/ws_moveit/install/moveit_ros_robot_interaction:/home/julia-hrycyna/ws_moveit/install/moveit_ros_perception:/home/julia-hrycyna/ws_moveit/install/moveit_resources_prbt_pg70_support:/home/julia-hrycyna/ws_moveit/install/moveit_resources_prbt_moveit_config:/home/julia-hrycyna/ws_moveit/install/moveit_ros_move_group:/home/julia-hrycyna/ws_moveit/install/moveit_planners_ompl:/home/julia-hrycyna/ws_moveit/install/moveit_kinematics:/home/julia-hrycyna/ws_moveit/install/moveit_ros_planning:/home/julia-hrycyna/ws_moveit/install/moveit_ros_occupancy_map_monitor:/home/julia-hrycyna/ws_moveit/install/moveit_resources_prbt_support:/home/julia-hrycyna/ws_moveit/install/moveit_resources_prbt_ikfast_manipulator_plugin:/home/julia-hrycyna/ws_moveit/install/moveit_resources:/home/julia-hrycyna/ws_moveit/install/moveit_resources_pr2_description:/home/julia-hrycyna/ws_moveit/install/moveit_resources_panda_moveit_config:/home/julia-hrycyna/ws_moveit/install/dual_arm_panda_moveit_config:/home/julia-hrycyna/ws_moveit/install/moveit_resources_panda_description:/home/julia-hrycyna/ws_moveit/install/moveit_resources_fanuc_moveit_config:/home/julia-hrycyna/ws_moveit/install/moveit_resources_fanuc_description:/home/julia-hrycyna/ws_moveit/install/moveit_planners_stomp:/home/julia-hrycyna/ws_moveit/install/moveit_planners_chomp:/home/julia-hrycyna/ws_moveit/install/chomp_motion_planner:/home/julia-hrycyna/ws_moveit/install/moveit_core:/home/julia-hrycyna/ws_moveit/install/moveit_msgs:/home/julia-hrycyna/ws_moveit/install/moveit_common:/home/julia-hrycyna/ws_moveit/install/kortex_driver:/home/julia-hrycyna/ws_moveit/install/kortex_api:/opt/ros/jazzy/opt/gz_sim_vendor:/opt/ros/jazzy/opt/gz_sensors_vendor:/opt/ros/jazzy/opt/gz_physics_vendor:/opt/ros/jazzy/opt/sdformat_vendor:/opt/ros/jazzy/opt/gz_gui_vendor:/opt/ros/jazzy/opt/gz_transport_vendor:/opt/ros/jazzy/opt/gz_rendering_vendor:/opt/ros/jazzy/opt/gz_plugin_vendor:/opt/ros/jazzy/opt/gz_fuel_tools_vendor:/opt/ros/jazzy/opt/gz_msgs_vendor:/opt/ros/jazzy/opt/gz_common_vendor:/opt/ros/jazzy/opt/gz_math_vendor:/opt/ros/jazzy/opt/gz_utils_vendor:/opt/ros/jazzy/opt/gz_tools_vendor:/opt/ros/jazzy/opt/gz_ogre_next_vendor:/opt/ros/jazzy/opt/gz_dartsim_vendor:/opt/ros/jazzy/opt/gz_cmake_vendor:/home/julia-hrycyna/ws_moveit/install/moveit_configs_utils:/opt/ros/jazzy DEBUGINFOD_URLS=https://debuginfod.ubuntu.com /usr/bin/cmake --build /home/julia-hrycyna/Pulpit/Hexapod/simulation/ros2_ws/src/build/hexapod -- -j4 -l4
[3.532s] Level 1:colcon.colcon_core.environment:create_environment_scripts_only(hexapod_moveit_config)
[3.532s] Level 1:colcon.colcon_core.environment:checking '/home/julia-hrycyna/Pulpit/Hexapod/simulation/ros2_ws/src/install/hexapod_moveit_config' for CMake module files
[3.533s] DEBUG:colcon.colcon_core.event_handler.log_command:Invoked command in '/home/julia-hrycyna/Pulpit/Hexapod/simulation/ros2_ws/src/build/hexapod_moveit_config' returned '0': AMENT_PREFIX_PATH=/home/julia-hrycyna/Pulpit/Hexapod/simulation/ros2_ws/src/install/hexapod_description:${AMENT_PREFIX_PATH} CMAKE_PREFIX_PATH=/home/julia-hrycyna/Pulpit/Hexapod/simulation/ros2_ws/src/install/hexapod_description:/home/julia-hrycyna/ws_moveit/install/robotiq_hardware_tests:/home/julia-hrycyna/ws_moveit/install/robotiq_driver:/home/julia-hrycyna/ws_moveit/install/serial:/home/julia-hrycyna/ws_moveit/install/moveit2_tutorials:/home/julia-hrycyna/ws_moveit/install/moveit_visual_tools:/home/julia-hrycyna/ws_moveit/install/rviz_visual_tools:/home/julia-hrycyna/ws_moveit/install/moveit_task_constructor_visualization:/home/julia-hrycyna/ws_moveit/install/moveit_task_constructor_demo:/home/julia-hrycyna/ws_moveit/install/moveit_task_constructor_capabilities:/home/julia-hrycyna/ws_moveit/install/moveit_task_constructor_core:/home/julia-hrycyna/ws_moveit/install/rviz_marker_tools:/home/julia-hrycyna/ws_moveit/install/kortex_bringup:/home/julia-hrycyna/ws_moveit/install/kinova_gen3_lite_moveit_config:/home/julia-hrycyna/ws_moveit/install/kinova_gen3_7dof_robotiq_2f_85_moveit_config:/home/julia-hrycyna/ws_moveit/install/kinova_gen3_6dof_robotiq_2f_85_moveit_config:/home/julia-hrycyna/ws_moveit/install/kortex_description:/home/julia-hrycyna/ws_moveit/install/robotiq_description:/home/julia-hrycyna/ws_moveit/install/robotiq_controllers:/home/julia-hrycyna/ws_moveit/install/pilz_industrial_motion_planner_testutils:/home/julia-hrycyna/ws_moveit/install/moveit_runtime:/home/julia-hrycyna/ws_moveit/install/moveit:/home/julia-hrycyna/ws_moveit/install/moveit_planners:/home/julia-hrycyna/ws_moveit/install/pilz_industrial_motion_planner:/home/julia-hrycyna/ws_moveit/install/picknik_twist_controller:/home/julia-hrycyna/ws_moveit/install/picknik_reset_fault_controller:/home/julia-hrycyna/ws_moveit/install/moveit_task_constructor_msgs:/home/julia-hrycyna/ws_moveit/install/moveit_ros_control_interface:/home/julia-hrycyna/ws_moveit/install/moveit_plugins:/home/julia-hrycyna/ws_moveit/install/moveit_simple_controller_manager:/home/julia-hrycyna/ws_moveit/install/moveit_setup_assistant:/home/julia-hrycyna/ws_moveit/install/moveit_setup_srdf_plugins:/home/julia-hrycyna/ws_moveit/install/moveit_setup_core_plugins:/home/julia-hrycyna/ws_moveit/install/moveit_setup_controllers:/home/julia-hrycyna/ws_moveit/install/moveit_setup_app_plugins:/home/julia-hrycyna/ws_moveit/install/moveit_setup_framework:/home/julia-hrycyna/ws_moveit/install/moveit_servo:/home/julia-hrycyna/ws_moveit/install/moveit_ros_trajectory_cache:/home/julia-hrycyna/ws_moveit/install/moveit_ros:/home/julia-hrycyna/ws_moveit/install/moveit_ros_visualization:/home/julia-hrycyna/ws_moveit/install/moveit_py:/home/julia-hrycyna/ws_moveit/install/moveit_hybrid_planning:/home/julia-hrycyna/ws_moveit/install/moveit_ros_planning_interface:/home/julia-hrycyna/ws_moveit/install/moveit_ros_benchmarks:/home/julia-hrycyna/ws_moveit/install/moveit_ros_warehouse:/home/julia-hrycyna/ws_moveit/install/moveit_ros_robot_interaction:/home/julia-hrycyna/ws_moveit/install/moveit_ros_perception:/home/julia-hrycyna/ws_moveit/install/moveit_resources_prbt_pg70_support:/home/julia-hrycyna/ws_moveit/install/moveit_resources_prbt_moveit_config:/home/julia-hrycyna/ws_moveit/install/moveit_ros_move_group:/home/julia-hrycyna/ws_moveit/install/moveit_planners_ompl:/home/julia-hrycyna/ws_moveit/install/moveit_kinematics:/home/julia-hrycyna/ws_moveit/install/moveit_ros_planning:/home/julia-hrycyna/ws_moveit/install/moveit_ros_occupancy_map_monitor:/home/julia-hrycyna/ws_moveit/install/moveit_resources_prbt_support:/home/julia-hrycyna/ws_moveit/install/moveit_resources_prbt_ikfast_manipulator_plugin:/home/julia-hrycyna/ws_moveit/install/moveit_resources:/home/julia-hrycyna/ws_moveit/install/moveit_resources_pr2_description:/home/julia-hrycyna/ws_moveit/install/moveit_resources_panda_moveit_config:/home/julia-hrycyna/ws_moveit/install/dual_arm_panda_moveit_config:/home/julia-hrycyna/ws_moveit/install/moveit_resources_panda_description:/home/julia-hrycyna/ws_moveit/install/moveit_resources_fanuc_moveit_config:/home/julia-hrycyna/ws_moveit/install/moveit_resources_fanuc_description:/home/julia-hrycyna/ws_moveit/install/moveit_planners_stomp:/home/julia-hrycyna/ws_moveit/install/moveit_planners_chomp:/home/julia-hrycyna/ws_moveit/install/chomp_motion_planner:/home/julia-hrycyna/ws_moveit/install/moveit_core:/home/julia-hrycyna/ws_moveit/install/moveit_msgs:/home/julia-hrycyna/ws_moveit/install/moveit_common:/home/julia-hrycyna/ws_moveit/install/kortex_driver:/home/julia-hrycyna/ws_moveit/install/kortex_api:/opt/ros/jazzy/opt/gz_sim_vendor:/opt/ros/jazzy/opt/gz_sensors_vendor:/opt/ros/jazzy/opt/gz_physics_vendor:/opt/ros/jazzy/opt/sdformat_vendor:/opt/ros/jazzy/opt/gz_gui_vendor:/opt/ros/jazzy/opt/gz_transport_vendor:/opt/ros/jazzy/opt/gz_rendering_vendor:/opt/ros/jazzy/opt/gz_plugin_vendor:/opt/ros/jazzy/opt/gz_fuel_tools_vendor:/opt/ros/jazzy/opt/gz_msgs_vendor:/opt/ros/jazzy/opt/gz_common_vendor:/opt/ros/jazzy/opt/gz_math_vendor:/opt/ros/jazzy/opt/gz_utils_vendor:/opt/ros/jazzy/opt/gz_tools_vendor:/opt/ros/jazzy/opt/gz_ogre_next_vendor:/opt/ros/jazzy/opt/gz_dartsim_vendor:/opt/ros/jazzy/opt/gz_cmake_vendor:/home/julia-hrycyna/ws_moveit/install/moveit_configs_utils:/opt/ros/jazzy DEBUGINFOD_URLS=https://debuginfod.ubuntu.com /usr/bin/cmake --install /home/julia-hrycyna/Pulpit/Hexapod/simulation/ros2_ws/src/build/hexapod_moveit_config
[3.534s] Level 1:colcon.colcon_core.environment:checking '/home/julia-hrycyna/Pulpit/Hexapod/simulation/ros2_ws/src/install/hexapod_moveit_config' for CMake config files
[3.534s] Level 1:colcon.colcon_core.shell:create_environment_hook('hexapod_moveit_config', 'cmake_prefix_path')
[3.535s] INFO:colcon.colcon_core.shell:Creating environment hook '/home/julia-hrycyna/Pulpit/Hexapod/simulation/ros2_ws/src/install/hexapod_moveit_config/share/hexapod_moveit_config/hook/cmake_prefix_path.ps1'
[3.535s] INFO:colcon.colcon_core.shell:Creating environment descriptor '/home/julia-hrycyna/Pulpit/Hexapod/simulation/ros2_ws/src/install/hexapod_moveit_config/share/hexapod_moveit_config/hook/cmake_prefix_path.dsv'
[3.536s] INFO:colcon.colcon_core.shell:Creating environment hook '/home/julia-hrycyna/Pulpit/Hexapod/simulation/ros2_ws/src/install/hexapod_moveit_config/share/hexapod_moveit_config/hook/cmake_prefix_path.sh'
[3.537s] Level 1:colcon.colcon_core.environment:checking '/home/julia-hrycyna/Pulpit/Hexapod/simulation/ros2_ws/src/install/hexapod_moveit_config/bin'
[3.537s] Level 1:colcon.colcon_core.environment:checking '/home/julia-hrycyna/Pulpit/Hexapod/simulation/ros2_ws/src/install/hexapod_moveit_config/lib/pkgconfig/hexapod_moveit_config.pc'
[3.537s] Level 1:colcon.colcon_core.environment:checking '/home/julia-hrycyna/Pulpit/Hexapod/simulation/ros2_ws/src/install/hexapod_moveit_config/lib/python3.12/site-packages'
[3.537s] Level 1:colcon.colcon_core.environment:checking '/home/julia-hrycyna/Pulpit/Hexapod/simulation/ros2_ws/src/install/hexapod_moveit_config/bin'
[3.538s] INFO:colcon.colcon_core.shell:Creating package script '/home/julia-hrycyna/Pulpit/Hexapod/simulation/ros2_ws/src/install/hexapod_moveit_config/share/hexapod_moveit_config/package.ps1'
[3.538s] INFO:colcon.colcon_core.shell:Creating package descriptor '/home/julia-hrycyna/Pulpit/Hexapod/simulation/ros2_ws/src/install/hexapod_moveit_config/share/hexapod_moveit_config/package.dsv'
[3.539s] INFO:colcon.colcon_core.shell:Creating package script '/home/julia-hrycyna/Pulpit/Hexapod/simulation/ros2_ws/src/install/hexapod_moveit_config/share/hexapod_moveit_config/package.sh'
[3.539s] INFO:colcon.colcon_core.shell:Creating package script '/home/julia-hrycyna/Pulpit/Hexapod/simulation/ros2_ws/src/install/hexapod_moveit_config/share/hexapod_moveit_config/package.bash'
[3.540s] INFO:colcon.colcon_core.shell:Creating package script '/home/julia-hrycyna/Pulpit/Hexapod/simulation/ros2_ws/src/install/hexapod_moveit_config/share/hexapod_moveit_config/package.zsh'
[3.540s] Level 1:colcon.colcon_core.environment:create_file_with_runtime_dependencies(/home/julia-hrycyna/Pulpit/Hexapod/simulation/ros2_ws/src/install/hexapod_moveit_config/share/colcon-core/packages/hexapod_moveit_config)
[3.541s] Level 1:colcon.colcon_core.environment:create_environment_scripts_only(hexapod_moveit_config)
[3.541s] Level 1:colcon.colcon_core.environment:checking '/home/julia-hrycyna/Pulpit/Hexapod/simulation/ros2_ws/src/install/hexapod_moveit_config' for CMake module files
[3.542s] Level 1:colcon.colcon_core.environment:checking '/home/julia-hrycyna/Pulpit/Hexapod/simulation/ros2_ws/src/install/hexapod_moveit_config' for CMake config files
[3.542s] Level 1:colcon.colcon_core.shell:create_environment_hook('hexapod_moveit_config', 'cmake_prefix_path')
[3.543s] INFO:colcon.colcon_core.shell:Creating environment hook '/home/julia-hrycyna/Pulpit/Hexapod/simulation/ros2_ws/src/install/hexapod_moveit_config/share/hexapod_moveit_config/hook/cmake_prefix_path.ps1'
[3.543s] INFO:colcon.colcon_core.shell:Creating environment descriptor '/home/julia-hrycyna/Pulpit/Hexapod/simulation/ros2_ws/src/install/hexapod_moveit_config/share/hexapod_moveit_config/hook/cmake_prefix_path.dsv'
[3.544s] INFO:colcon.colcon_core.shell:Creating environment hook '/home/julia-hrycyna/Pulpit/Hexapod/simulation/ros2_ws/src/install/hexapod_moveit_config/share/hexapod_moveit_config/hook/cmake_prefix_path.sh'
[3.545s] Level 1:colcon.colcon_core.environment:checking '/home/julia-hrycyna/Pulpit/Hexapod/simulation/ros2_ws/src/install/hexapod_moveit_config/bin'
[3.545s] Level 1:colcon.colcon_core.environment:checking '/home/julia-hrycyna/Pulpit/Hexapod/simulation/ros2_ws/src/install/hexapod_moveit_config/lib/pkgconfig/hexapod_moveit_config.pc'
[3.545s] Level 1:colcon.colcon_core.environment:checking '/home/julia-hrycyna/Pulpit/Hexapod/simulation/ros2_ws/src/install/hexapod_moveit_config/lib/python3.12/site-packages'
[3.546s] Level 1:colcon.colcon_core.environment:checking '/home/julia-hrycyna/Pulpit/Hexapod/simulation/ros2_ws/src/install/hexapod_moveit_config/bin'
[3.546s] INFO:colcon.colcon_core.shell:Creating package script '/home/julia-hrycyna/Pulpit/Hexapod/simulation/ros2_ws/src/install/hexapod_moveit_config/share/hexapod_moveit_config/package.ps1'
[3.547s] INFO:colcon.colcon_core.shell:Creating package descriptor '/home/julia-hrycyna/Pulpit/Hexapod/simulation/ros2_ws/src/install/hexapod_moveit_config/share/hexapod_moveit_config/package.dsv'
[3.547s] INFO:colcon.colcon_core.shell:Creating package script '/home/julia-hrycyna/Pulpit/Hexapod/simulation/ros2_ws/src/install/hexapod_moveit_config/share/hexapod_moveit_config/package.sh'
[3.548s] INFO:colcon.colcon_core.shell:Creating package script '/home/julia-hrycyna/Pulpit/Hexapod/simulation/ros2_ws/src/install/hexapod_moveit_config/share/hexapod_moveit_config/package.bash'
[3.549s] INFO:colcon.colcon_core.shell:Creating package script '/home/julia-hrycyna/Pulpit/Hexapod/simulation/ros2_ws/src/install/hexapod_moveit_config/share/hexapod_moveit_config/package.zsh'
[3.549s] Level 1:colcon.colcon_core.environment:create_file_with_runtime_dependencies(/home/julia-hrycyna/Pulpit/Hexapod/simulation/ros2_ws/src/install/hexapod_moveit_config/share/colcon-core/packages/hexapod_moveit_config)
[3.625s] DEBUG:colcon.colcon_core.event_handler.log_command:Invoked command in '/home/julia-hrycyna/Pulpit/Hexapod/simulation/ros2_ws/src/build/hexapod' returned '0': AMENT_PREFIX_PATH=/home/julia-hrycyna/Pulpit/Hexapod/simulation/ros2_ws/src/install/hexapod_description:${AMENT_PREFIX_PATH} CMAKE_PREFIX_PATH=/home/julia-hrycyna/Pulpit/Hexapod/simulation/ros2_ws/src/install/hexapod_description:/home/julia-hrycyna/ws_moveit/install/robotiq_hardware_tests:/home/julia-hrycyna/ws_moveit/install/robotiq_driver:/home/julia-hrycyna/ws_moveit/install/serial:/home/julia-hrycyna/ws_moveit/install/moveit2_tutorials:/home/julia-hrycyna/ws_moveit/install/moveit_visual_tools:/home/julia-hrycyna/ws_moveit/install/rviz_visual_tools:/home/julia-hrycyna/ws_moveit/install/moveit_task_constructor_visualization:/home/julia-hrycyna/ws_moveit/install/moveit_task_constructor_demo:/home/julia-hrycyna/ws_moveit/install/moveit_task_constructor_capabilities:/home/julia-hrycyna/ws_moveit/install/moveit_task_constructor_core:/home/julia-hrycyna/ws_moveit/install/rviz_marker_tools:/home/julia-hrycyna/ws_moveit/install/kortex_bringup:/home/julia-hrycyna/ws_moveit/install/kinova_gen3_lite_moveit_config:/home/julia-hrycyna/ws_moveit/install/kinova_gen3_7dof_robotiq_2f_85_moveit_config:/home/julia-hrycyna/ws_moveit/install/kinova_gen3_6dof_robotiq_2f_85_moveit_config:/home/julia-hrycyna/ws_moveit/install/kortex_description:/home/julia-hrycyna/ws_moveit/install/robotiq_description:/home/julia-hrycyna/ws_moveit/install/robotiq_controllers:/home/julia-hrycyna/ws_moveit/install/pilz_industrial_motion_planner_testutils:/home/julia-hrycyna/ws_moveit/install/moveit_runtime:/home/julia-hrycyna/ws_moveit/install/moveit:/home/julia-hrycyna/ws_moveit/install/moveit_planners:/home/julia-hrycyna/ws_moveit/install/pilz_industrial_motion_planner:/home/julia-hrycyna/ws_moveit/install/picknik_twist_controller:/home/julia-hrycyna/ws_moveit/install/picknik_reset_fault_controller:/home/julia-hrycyna/ws_moveit/install/moveit_task_constructor_msgs:/home/julia-hrycyna/ws_moveit/install/moveit_ros_control_interface:/home/julia-hrycyna/ws_moveit/install/moveit_plugins:/home/julia-hrycyna/ws_moveit/install/moveit_simple_controller_manager:/home/julia-hrycyna/ws_moveit/install/moveit_setup_assistant:/home/julia-hrycyna/ws_moveit/install/moveit_setup_srdf_plugins:/home/julia-hrycyna/ws_moveit/install/moveit_setup_core_plugins:/home/julia-hrycyna/ws_moveit/install/moveit_setup_controllers:/home/julia-hrycyna/ws_moveit/install/moveit_setup_app_plugins:/home/julia-hrycyna/ws_moveit/install/moveit_setup_framework:/home/julia-hrycyna/ws_moveit/install/moveit_servo:/home/julia-hrycyna/ws_moveit/install/moveit_ros_trajectory_cache:/home/julia-hrycyna/ws_moveit/install/moveit_ros:/home/julia-hrycyna/ws_moveit/install/moveit_ros_visualization:/home/julia-hrycyna/ws_moveit/install/moveit_py:/home/julia-hrycyna/ws_moveit/install/moveit_hybrid_planning:/home/julia-hrycyna/ws_moveit/install/moveit_ros_planning_interface:/home/julia-hrycyna/ws_moveit/install/moveit_ros_benchmarks:/home/julia-hrycyna/ws_moveit/install/moveit_ros_warehouse:/home/julia-hrycyna/ws_moveit/install/moveit_ros_robot_interaction:/home/julia-hrycyna/ws_moveit/install/moveit_ros_perception:/home/julia-hrycyna/ws_moveit/install/moveit_resources_prbt_pg70_support:/home/julia-hrycyna/ws_moveit/install/moveit_resources_prbt_moveit_config:/home/julia-hrycyna/ws_moveit/install/moveit_ros_move_group:/home/julia-hrycyna/ws_moveit/install/moveit_planners_ompl:/home/julia-hrycyna/ws_moveit/install/moveit_kinematics:/home/julia-hrycyna/ws_moveit/install/moveit_ros_planning:/home/julia-hrycyna/ws_moveit/install/moveit_ros_occupancy_map_monitor:/home/julia-hrycyna/ws_moveit/install/moveit_resources_prbt_support:/home/julia-hrycyna/ws_moveit/install/moveit_resources_prbt_ikfast_manipulator_plugin:/home/julia-hrycyna/ws_moveit/install/moveit_resources:/home/julia-hrycyna/ws_moveit/install/moveit_resources_pr2_description:/home/julia-hrycyna/ws_moveit/install/moveit_resources_panda_moveit_config:/home/julia-hrycyna/ws_moveit/install/dual_arm_panda_moveit_config:/home/julia-hrycyna/ws_moveit/install/moveit_resources_panda_description:/home/julia-hrycyna/ws_moveit/install/moveit_resources_fanuc_moveit_config:/home/julia-hrycyna/ws_moveit/install/moveit_resources_fanuc_description:/home/julia-hrycyna/ws_moveit/install/moveit_planners_stomp:/home/julia-hrycyna/ws_moveit/install/moveit_planners_chomp:/home/julia-hrycyna/ws_moveit/install/chomp_motion_planner:/home/julia-hrycyna/ws_moveit/install/moveit_core:/home/julia-hrycyna/ws_moveit/install/moveit_msgs:/home/julia-hrycyna/ws_moveit/install/moveit_common:/home/julia-hrycyna/ws_moveit/install/kortex_driver:/home/julia-hrycyna/ws_moveit/install/kortex_api:/opt/ros/jazzy/opt/gz_sim_vendor:/opt/ros/jazzy/opt/gz_sensors_vendor:/opt/ros/jazzy/opt/gz_physics_vendor:/opt/ros/jazzy/opt/sdformat_vendor:/opt/ros/jazzy/opt/gz_gui_vendor:/opt/ros/jazzy/opt/gz_transport_vendor:/opt/ros/jazzy/opt/gz_rendering_vendor:/opt/ros/jazzy/opt/gz_plugin_vendor:/opt/ros/jazzy/opt/gz_fuel_tools_vendor:/opt/ros/jazzy/opt/gz_msgs_vendor:/opt/ros/jazzy/opt/gz_common_vendor:/opt/ros/jazzy/opt/gz_math_vendor:/opt/ros/jazzy/opt/gz_utils_vendor:/opt/ros/jazzy/opt/gz_tools_vendor:/opt/ros/jazzy/opt/gz_ogre_next_vendor:/opt/ros/jazzy/opt/gz_dartsim_vendor:/opt/ros/jazzy/opt/gz_cmake_vendor:/home/julia-hrycyna/ws_moveit/install/moveit_configs_utils:/opt/ros/jazzy DEBUGINFOD_URLS=https://debuginfod.ubuntu.com /usr/bin/cmake --build /home/julia-hrycyna/Pulpit/Hexapod/simulation/ros2_ws/src/build/hexapod -- -j4 -l4
[3.626s] DEBUG:colcon.colcon_core.event_handler.log_command:Invoking command in '/home/julia-hrycyna/Pulpit/Hexapod/simulation/ros2_ws/src/build/hexapod': AMENT_PREFIX_PATH=/home/julia-hrycyna/Pulpit/Hexapod/simulation/ros2_ws/src/install/hexapod_description:${AMENT_PREFIX_PATH} CMAKE_PREFIX_PATH=/home/julia-hrycyna/Pulpit/Hexapod/simulation/ros2_ws/src/install/hexapod_description:/home/julia-hrycyna/ws_moveit/install/robotiq_hardware_tests:/home/julia-hrycyna/ws_moveit/install/robotiq_driver:/home/julia-hrycyna/ws_moveit/install/serial:/home/julia-hrycyna/ws_moveit/install/moveit2_tutorials:/home/julia-hrycyna/ws_moveit/install/moveit_visual_tools:/home/julia-hrycyna/ws_moveit/install/rviz_visual_tools:/home/julia-hrycyna/ws_moveit/install/moveit_task_constructor_visualization:/home/julia-hrycyna/ws_moveit/install/moveit_task_constructor_demo:/home/julia-hrycyna/ws_moveit/install/moveit_task_constructor_capabilities:/home/julia-hrycyna/ws_moveit/install/moveit_task_constructor_core:/home/julia-hrycyna/ws_moveit/install/rviz_marker_tools:/home/julia-hrycyna/ws_moveit/install/kortex_bringup:/home/julia-hrycyna/ws_moveit/install/kinova_gen3_lite_moveit_config:/home/julia-hrycyna/ws_moveit/install/kinova_gen3_7dof_robotiq_2f_85_moveit_config:/home/julia-hrycyna/ws_moveit/install/kinova_gen3_6dof_robotiq_2f_85_moveit_config:/home/julia-hrycyna/ws_moveit/install/kortex_description:/home/julia-hrycyna/ws_moveit/install/robotiq_description:/home/julia-hrycyna/ws_moveit/install/robotiq_controllers:/home/julia-hrycyna/ws_moveit/install/pilz_industrial_motion_planner_testutils:/home/julia-hrycyna/ws_moveit/install/moveit_runtime:/home/julia-hrycyna/ws_moveit/install/moveit:/home/julia-hrycyna/ws_moveit/install/moveit_planners:/home/julia-hrycyna/ws_moveit/install/pilz_industrial_motion_planner:/home/julia-hrycyna/ws_moveit/install/picknik_twist_controller:/home/julia-hrycyna/ws_moveit/install/picknik_reset_fault_controller:/home/julia-hrycyna/ws_moveit/install/moveit_task_constructor_msgs:/home/julia-hrycyna/ws_moveit/install/moveit_ros_control_interface:/home/julia-hrycyna/ws_moveit/install/moveit_plugins:/home/julia-hrycyna/ws_moveit/install/moveit_simple_controller_manager:/home/julia-hrycyna/ws_moveit/install/moveit_setup_assistant:/home/julia-hrycyna/ws_moveit/install/moveit_setup_srdf_plugins:/home/julia-hrycyna/ws_moveit/install/moveit_setup_core_plugins:/home/julia-hrycyna/ws_moveit/install/moveit_setup_controllers:/home/julia-hrycyna/ws_moveit/install/moveit_setup_app_plugins:/home/julia-hrycyna/ws_moveit/install/moveit_setup_framework:/home/julia-hrycyna/ws_moveit/install/moveit_servo:/home/julia-hrycyna/ws_moveit/install/moveit_ros_trajectory_cache:/home/julia-hrycyna/ws_moveit/install/moveit_ros:/home/julia-hrycyna/ws_moveit/install/moveit_ros_visualization:/home/julia-hrycyna/ws_moveit/install/moveit_py:/home/julia-hrycyna/ws_moveit/install/moveit_hybrid_planning:/home/julia-hrycyna/ws_moveit/install/moveit_ros_planning_interface:/home/julia-hrycyna/ws_moveit/install/moveit_ros_benchmarks:/home/julia-hrycyna/ws_moveit/install/moveit_ros_warehouse:/home/julia-hrycyna/ws_moveit/install/moveit_ros_robot_interaction:/home/julia-hrycyna/ws_moveit/install/moveit_ros_perception:/home/julia-hrycyna/ws_moveit/install/moveit_resources_prbt_pg70_support:/home/julia-hrycyna/ws_moveit/install/moveit_resources_prbt_moveit_config:/home/julia-hrycyna/ws_moveit/install/moveit_ros_move_group:/home/julia-hrycyna/ws_moveit/install/moveit_planners_ompl:/home/julia-hrycyna/ws_moveit/install/moveit_kinematics:/home/julia-hrycyna/ws_moveit/install/moveit_ros_planning:/home/julia-hrycyna/ws_moveit/install/moveit_ros_occupancy_map_monitor:/home/julia-hrycyna/ws_moveit/install/moveit_resources_prbt_support:/home/julia-hrycyna/ws_moveit/install/moveit_resources_prbt_ikfast_manipulator_plugin:/home/julia-hrycyna/ws_moveit/install/moveit_resources:/home/julia-hrycyna/ws_moveit/install/moveit_resources_pr2_description:/home/julia-hrycyna/ws_moveit/install/moveit_resources_panda_moveit_config:/home/julia-hrycyna/ws_moveit/install/dual_arm_panda_moveit_config:/home/julia-hrycyna/ws_moveit/install/moveit_resources_panda_description:/home/julia-hrycyna/ws_moveit/install/moveit_resources_fanuc_moveit_config:/home/julia-hrycyna/ws_moveit/install/moveit_resources_fanuc_description:/home/julia-hrycyna/ws_moveit/install/moveit_planners_stomp:/home/julia-hrycyna/ws_moveit/install/moveit_planners_chomp:/home/julia-hrycyna/ws_moveit/install/chomp_motion_planner:/home/julia-hrycyna/ws_moveit/install/moveit_core:/home/julia-hrycyna/ws_moveit/install/moveit_msgs:/home/julia-hrycyna/ws_moveit/install/moveit_common:/home/julia-hrycyna/ws_moveit/install/kortex_driver:/home/julia-hrycyna/ws_moveit/install/kortex_api:/opt/ros/jazzy/opt/gz_sim_vendor:/opt/ros/jazzy/opt/gz_sensors_vendor:/opt/ros/jazzy/opt/gz_physics_vendor:/opt/ros/jazzy/opt/sdformat_vendor:/opt/ros/jazzy/opt/gz_gui_vendor:/opt/ros/jazzy/opt/gz_transport_vendor:/opt/ros/jazzy/opt/gz_rendering_vendor:/opt/ros/jazzy/opt/gz_plugin_vendor:/opt/ros/jazzy/opt/gz_fuel_tools_vendor:/opt/ros/jazzy/opt/gz_msgs_vendor:/opt/ros/jazzy/opt/gz_common_vendor:/opt/ros/jazzy/opt/gz_math_vendor:/opt/ros/jazzy/opt/gz_utils_vendor:/opt/ros/jazzy/opt/gz_tools_vendor:/opt/ros/jazzy/opt/gz_ogre_next_vendor:/opt/ros/jazzy/opt/gz_dartsim_vendor:/opt/ros/jazzy/opt/gz_cmake_vendor:/home/julia-hrycyna/ws_moveit/install/moveit_configs_utils:/opt/ros/jazzy DEBUGINFOD_URLS=https://debuginfod.ubuntu.com /usr/bin/cmake --install /home/julia-hrycyna/Pulpit/Hexapod/simulation/ros2_ws/src/build/hexapod
[3.654s] Level 1:colcon.colcon_core.environment:create_environment_scripts_only(hexapod)
[3.655s] Level 1:colcon.colcon_core.environment:checking '/home/julia-hrycyna/Pulpit/Hexapod/simulation/ros2_ws/src/install/hexapod' for CMake module files
[3.656s] DEBUG:colcon.colcon_core.event_handler.log_command:Invoked command in '/home/julia-hrycyna/Pulpit/Hexapod/simulation/ros2_ws/src/build/hexapod' returned '0': AMENT_PREFIX_PATH=/home/julia-hrycyna/Pulpit/Hexapod/simulation/ros2_ws/src/install/hexapod_description:${AMENT_PREFIX_PATH} CMAKE_PREFIX_PATH=/home/julia-hrycyna/Pulpit/Hexapod/simulation/ros2_ws/src/install/hexapod_description:/home/julia-hrycyna/ws_moveit/install/robotiq_hardware_tests:/home/julia-hrycyna/ws_moveit/install/robotiq_driver:/home/julia-hrycyna/ws_moveit/install/serial:/home/julia-hrycyna/ws_moveit/install/moveit2_tutorials:/home/julia-hrycyna/ws_moveit/install/moveit_visual_tools:/home/julia-hrycyna/ws_moveit/install/rviz_visual_tools:/home/julia-hrycyna/ws_moveit/install/moveit_task_constructor_visualization:/home/julia-hrycyna/ws_moveit/install/moveit_task_constructor_demo:/home/julia-hrycyna/ws_moveit/install/moveit_task_constructor_capabilities:/home/julia-hrycyna/ws_moveit/install/moveit_task_constructor_core:/home/julia-hrycyna/ws_moveit/install/rviz_marker_tools:/home/julia-hrycyna/ws_moveit/install/kortex_bringup:/home/julia-hrycyna/ws_moveit/install/kinova_gen3_lite_moveit_config:/home/julia-hrycyna/ws_moveit/install/kinova_gen3_7dof_robotiq_2f_85_moveit_config:/home/julia-hrycyna/ws_moveit/install/kinova_gen3_6dof_robotiq_2f_85_moveit_config:/home/julia-hrycyna/ws_moveit/install/kortex_description:/home/julia-hrycyna/ws_moveit/install/robotiq_description:/home/julia-hrycyna/ws_moveit/install/robotiq_controllers:/home/julia-hrycyna/ws_moveit/install/pilz_industrial_motion_planner_testutils:/home/julia-hrycyna/ws_moveit/install/moveit_runtime:/home/julia-hrycyna/ws_moveit/install/moveit:/home/julia-hrycyna/ws_moveit/install/moveit_planners:/home/julia-hrycyna/ws_moveit/install/pilz_industrial_motion_planner:/home/julia-hrycyna/ws_moveit/install/picknik_twist_controller:/home/julia-hrycyna/ws_moveit/install/picknik_reset_fault_controller:/home/julia-hrycyna/ws_moveit/install/moveit_task_constructor_msgs:/home/julia-hrycyna/ws_moveit/install/moveit_ros_control_interface:/home/julia-hrycyna/ws_moveit/install/moveit_plugins:/home/julia-hrycyna/ws_moveit/install/moveit_simple_controller_manager:/home/julia-hrycyna/ws_moveit/install/moveit_setup_assistant:/home/julia-hrycyna/ws_moveit/install/moveit_setup_srdf_plugins:/home/julia-hrycyna/ws_moveit/install/moveit_setup_core_plugins:/home/julia-hrycyna/ws_moveit/install/moveit_setup_controllers:/home/julia-hrycyna/ws_moveit/install/moveit_setup_app_plugins:/home/julia-hrycyna/ws_moveit/install/moveit_setup_framework:/home/julia-hrycyna/ws_moveit/install/moveit_servo:/home/julia-hrycyna/ws_moveit/install/moveit_ros_trajectory_cache:/home/julia-hrycyna/ws_moveit/install/moveit_ros:/home/julia-hrycyna/ws_moveit/install/moveit_ros_visualization:/home/julia-hrycyna/ws_moveit/install/moveit_py:/home/julia-hrycyna/ws_moveit/install/moveit_hybrid_planning:/home/julia-hrycyna/ws_moveit/install/moveit_ros_planning_interface:/home/julia-hrycyna/ws_moveit/install/moveit_ros_benchmarks:/home/julia-hrycyna/ws_moveit/install/moveit_ros_warehouse:/home/julia-hrycyna/ws_moveit/install/moveit_ros_robot_interaction:/home/julia-hrycyna/ws_moveit/install/moveit_ros_perception:/home/julia-hrycyna/ws_moveit/install/moveit_resources_prbt_pg70_support:/home/julia-hrycyna/ws_moveit/install/moveit_resources_prbt_moveit_config:/home/julia-hrycyna/ws_moveit/install/moveit_ros_move_group:/home/julia-hrycyna/ws_moveit/install/moveit_planners_ompl:/home/julia-hrycyna/ws_moveit/install/moveit_kinematics:/home/julia-hrycyna/ws_moveit/install/moveit_ros_planning:/home/julia-hrycyna/ws_moveit/install/moveit_ros_occupancy_map_monitor:/home/julia-hrycyna/ws_moveit/install/moveit_resources_prbt_support:/home/julia-hrycyna/ws_moveit/install/moveit_resources_prbt_ikfast_manipulator_plugin:/home/julia-hrycyna/ws_moveit/install/moveit_resources:/home/julia-hrycyna/ws_moveit/install/moveit_resources_pr2_description:/home/julia-hrycyna/ws_moveit/install/moveit_resources_panda_moveit_config:/home/julia-hrycyna/ws_moveit/install/dual_arm_panda_moveit_config:/home/julia-hrycyna/ws_moveit/install/moveit_resources_panda_description:/home/julia-hrycyna/ws_moveit/install/moveit_resources_fanuc_moveit_config:/home/julia-hrycyna/ws_moveit/install/moveit_resources_fanuc_description:/home/julia-hrycyna/ws_moveit/install/moveit_planners_stomp:/home/julia-hrycyna/ws_moveit/install/moveit_planners_chomp:/home/julia-hrycyna/ws_moveit/install/chomp_motion_planner:/home/julia-hrycyna/ws_moveit/install/moveit_core:/home/julia-hrycyna/ws_moveit/install/moveit_msgs:/home/julia-hrycyna/ws_moveit/install/moveit_common:/home/julia-hrycyna/ws_moveit/install/kortex_driver:/home/julia-hrycyna/ws_moveit/install/kortex_api:/opt/ros/jazzy/opt/gz_sim_vendor:/opt/ros/jazzy/opt/gz_sensors_vendor:/opt/ros/jazzy/opt/gz_physics_vendor:/opt/ros/jazzy/opt/sdformat_vendor:/opt/ros/jazzy/opt/gz_gui_vendor:/opt/ros/jazzy/opt/gz_transport_vendor:/opt/ros/jazzy/opt/gz_rendering_vendor:/opt/ros/jazzy/opt/gz_plugin_vendor:/opt/ros/jazzy/opt/gz_fuel_tools_vendor:/opt/ros/jazzy/opt/gz_msgs_vendor:/opt/ros/jazzy/opt/gz_common_vendor:/opt/ros/jazzy/opt/gz_math_vendor:/opt/ros/jazzy/opt/gz_utils_vendor:/opt/ros/jazzy/opt/gz_tools_vendor:/opt/ros/jazzy/opt/gz_ogre_next_vendor:/opt/ros/jazzy/opt/gz_dartsim_vendor:/opt/ros/jazzy/opt/gz_cmake_vendor:/home/julia-hrycyna/ws_moveit/install/moveit_configs_utils:/opt/ros/jazzy DEBUGINFOD_URLS=https://debuginfod.ubuntu.com /usr/bin/cmake --install /home/julia-hrycyna/Pulpit/Hexapod/simulation/ros2_ws/src/build/hexapod
[3.657s] Level 1:colcon.colcon_core.environment:checking '/home/julia-hrycyna/Pulpit/Hexapod/simulation/ros2_ws/src/install/hexapod' for CMake config files
[3.657s] Level 1:colcon.colcon_core.shell:create_environment_hook('hexapod', 'cmake_prefix_path')
[3.657s] INFO:colcon.colcon_core.shell:Creating environment hook '/home/julia-hrycyna/Pulpit/Hexapod/simulation/ros2_ws/src/install/hexapod/share/hexapod/hook/cmake_prefix_path.ps1'
[3.658s] INFO:colcon.colcon_core.shell:Creating environment descriptor '/home/julia-hrycyna/Pulpit/Hexapod/simulation/ros2_ws/src/install/hexapod/share/hexapod/hook/cmake_prefix_path.dsv'
[3.658s] INFO:colcon.colcon_core.shell:Creating environment hook '/home/julia-hrycyna/Pulpit/Hexapod/simulation/ros2_ws/src/install/hexapod/share/hexapod/hook/cmake_prefix_path.sh'
[3.659s] Level 1:colcon.colcon_core.environment:checking '/home/julia-hrycyna/Pulpit/Hexapod/simulation/ros2_ws/src/install/hexapod/bin'
[3.659s] Level 1:colcon.colcon_core.environment:checking '/home/julia-hrycyna/Pulpit/Hexapod/simulation/ros2_ws/src/install/hexapod/lib/pkgconfig/hexapod.pc'
[3.659s] Level 1:colcon.colcon_core.environment:checking '/home/julia-hrycyna/Pulpit/Hexapod/simulation/ros2_ws/src/install/hexapod/lib/python3.12/site-packages'
[3.660s] Level 1:colcon.colcon_core.environment:checking '/home/julia-hrycyna/Pulpit/Hexapod/simulation/ros2_ws/src/install/hexapod/bin'
[3.660s] INFO:colcon.colcon_core.shell:Creating package script '/home/julia-hrycyna/Pulpit/Hexapod/simulation/ros2_ws/src/install/hexapod/share/hexapod/package.ps1'
[3.660s] INFO:colcon.colcon_core.shell:Creating package descriptor '/home/julia-hrycyna/Pulpit/Hexapod/simulation/ros2_ws/src/install/hexapod/share/hexapod/package.dsv'
[3.661s] INFO:colcon.colcon_core.shell:Creating package script '/home/julia-hrycyna/Pulpit/Hexapod/simulation/ros2_ws/src/install/hexapod/share/hexapod/package.sh'
[3.662s] INFO:colcon.colcon_core.shell:Creating package script '/home/julia-hrycyna/Pulpit/Hexapod/simulation/ros2_ws/src/install/hexapod/share/hexapod/package.bash'
[3.662s] INFO:colcon.colcon_core.shell:Creating package script '/home/julia-hrycyna/Pulpit/Hexapod/simulation/ros2_ws/src/install/hexapod/share/hexapod/package.zsh'
[3.662s] Level 1:colcon.colcon_core.environment:create_file_with_runtime_dependencies(/home/julia-hrycyna/Pulpit/Hexapod/simulation/ros2_ws/src/install/hexapod/share/colcon-core/packages/hexapod)
[3.663s] Level 1:colcon.colcon_core.environment:create_environment_scripts_only(hexapod)
[3.663s] Level 1:colcon.colcon_core.environment:checking '/home/julia-hrycyna/Pulpit/Hexapod/simulation/ros2_ws/src/install/hexapod' for CMake module files
[3.664s] Level 1:colcon.colcon_core.environment:checking '/home/julia-hrycyna/Pulpit/Hexapod/simulation/ros2_ws/src/install/hexapod' for CMake config files
[3.664s] Level 1:colcon.colcon_core.shell:create_environment_hook('hexapod', 'cmake_prefix_path')
[3.664s] INFO:colcon.colcon_core.shell:Creating environment hook '/home/julia-hrycyna/Pulpit/Hexapod/simulation/ros2_ws/src/install/hexapod/share/hexapod/hook/cmake_prefix_path.ps1'
[3.665s] INFO:colcon.colcon_core.shell:Creating environment descriptor '/home/julia-hrycyna/Pulpit/Hexapod/simulation/ros2_ws/src/install/hexapod/share/hexapod/hook/cmake_prefix_path.dsv'
[3.665s] INFO:colcon.colcon_core.shell:Creating environment hook '/home/julia-hrycyna/Pulpit/Hexapod/simulation/ros2_ws/src/install/hexapod/share/hexapod/hook/cmake_prefix_path.sh'
[3.666s] Level 1:colcon.colcon_core.environment:checking '/home/julia-hrycyna/Pulpit/Hexapod/simulation/ros2_ws/src/install/hexapod/bin'
[3.666s] Level 1:colcon.colcon_core.environment:checking '/home/julia-hrycyna/Pulpit/Hexapod/simulation/ros2_ws/src/install/hexapod/lib/pkgconfig/hexapod.pc'
[3.667s] Level 1:colcon.colcon_core.environment:checking '/home/julia-hrycyna/Pulpit/Hexapod/simulation/ros2_ws/src/install/hexapod/lib/python3.12/site-packages'
[3.667s] Level 1:colcon.colcon_core.environment:checking '/home/julia-hrycyna/Pulpit/Hexapod/simulation/ros2_ws/src/install/hexapod/bin'
[3.667s] INFO:colcon.colcon_core.shell:Creating package script '/home/julia-hrycyna/Pulpit/Hexapod/simulation/ros2_ws/src/install/hexapod/share/hexapod/package.ps1'
[3.668s] INFO:colcon.colcon_core.shell:Creating package descriptor '/home/julia-hrycyna/Pulpit/Hexapod/simulation/ros2_ws/src/install/hexapod/share/hexapod/package.dsv'
[3.669s] INFO:colcon.colcon_core.shell:Creating package script '/home/julia-hrycyna/Pulpit/Hexapod/simulation/ros2_ws/src/install/hexapod/share/hexapod/package.sh'
[3.669s] INFO:colcon.colcon_core.shell:Creating package script '/home/julia-hrycyna/Pulpit/Hexapod/simulation/ros2_ws/src/install/hexapod/share/hexapod/package.bash'
[3.670s] INFO:colcon.colcon_core.shell:Creating package script '/home/julia-hrycyna/Pulpit/Hexapod/simulation/ros2_ws/src/install/hexapod/share/hexapod/package.zsh'
[3.670s] Level 1:colcon.colcon_core.environment:create_file_with_runtime_dependencies(/home/julia-hrycyna/Pulpit/Hexapod/simulation/ros2_ws/src/install/hexapod/share/colcon-core/packages/hexapod)
[3.671s] DEBUG:colcon.colcon_parallel_executor.executor.parallel:closing loop
[3.671s] DEBUG:colcon.colcon_parallel_executor.executor.parallel:loop closed
[3.671s] DEBUG:colcon.colcon_parallel_executor.executor.parallel:run_until_complete finished with '0'
[3.672s] DEBUG:colcon.colcon_core.event_reactor:joining thread
[3.683s] INFO:colcon.colcon_core.plugin_system:Skipping extension 'colcon_notification.desktop_notification.terminal_notifier': Not used on non-Darwin systems
[3.683s] INFO:colcon.colcon_core.plugin_system:Skipping extension 'colcon_notification.desktop_notification.win32': Not used on non-Windows systems
[3.683s] INFO:colcon.colcon_notification.desktop_notification:Sending desktop notification using 'notify2'
[3.701s] DEBUG:colcon.colcon_core.event_reactor:joined thread
[3.702s] INFO:colcon.colcon_core.shell:Creating prefix script '/home/julia-hrycyna/Pulpit/Hexapod/simulation/ros2_ws/src/install/local_setup.ps1'
[3.704s] INFO:colcon.colcon_core.shell:Creating prefix util module '/home/julia-hrycyna/Pulpit/Hexapod/simulation/ros2_ws/src/install/_local_setup_util_ps1.py'
[3.707s] INFO:colcon.colcon_core.shell:Creating prefix chain script '/home/julia-hrycyna/Pulpit/Hexapod/simulation/ros2_ws/src/install/setup.ps1'
[3.716s] INFO:colcon.colcon_core.shell:Creating prefix script '/home/julia-hrycyna/Pulpit/Hexapod/simulation/ros2_ws/src/install/local_setup.sh'
[3.717s] INFO:colcon.colcon_core.shell:Creating prefix util module '/home/julia-hrycyna/Pulpit/Hexapod/simulation/ros2_ws/src/install/_local_setup_util_sh.py'
[3.719s] INFO:colcon.colcon_core.shell:Creating prefix chain script '/home/julia-hrycyna/Pulpit/Hexapod/simulation/ros2_ws/src/install/setup.sh'
[3.727s] INFO:colcon.colcon_core.shell:Creating prefix script '/home/julia-hrycyna/Pulpit/Hexapod/simulation/ros2_ws/src/install/local_setup.bash'
[3.728s] INFO:colcon.colcon_core.shell:Creating prefix chain script '/home/julia-hrycyna/Pulpit/Hexapod/simulation/ros2_ws/src/install/setup.bash'
[3.737s] INFO:colcon.colcon_core.shell:Creating prefix script '/home/julia-hrycyna/Pulpit/Hexapod/simulation/ros2_ws/src/install/local_setup.zsh'
[3.738s] INFO:colcon.colcon_core.shell:Creating prefix chain script '/home/julia-hrycyna/Pulpit/Hexapod/simulation/ros2_ws/src/install/setup.zsh'
