[0.122s] DEBUG:colcon:Command line arguments: ['/usr/bin/colcon', 'build']
[0.122s] DEBUG:colcon:Parsed command line arguments: Namespace(log_base=None, log_level=None, verb_name='build', build_base='build', install_base='install', merge_install=False, symlink_install=False, test_result_base=None, continue_on_error=False, executor='parallel', parallel_workers=12, event_handlers=None, ignore_user_meta=False, metas=['./colcon.meta'], base_paths=['.'], packages_ignore=None, packages_ignore_regex=None, paths=None, packages_up_to=None, packages_up_to_regex=None, packages_above=None, packages_above_and_dependencies=None, packages_above_depth=None, packages_select_by_dep=None, packages_skip_by_dep=None, packages_skip_up_to=None, packages_select_build_failed=False, packages_skip_build_finished=False, packages_select_test_failures=False, packages_skip_test_passed=False, packages_select=None, packages_skip=None, packages_select_regex=None, packages_skip_regex=None, packages_start=None, packages_end=None, allow_overriding=[], cmake_args=None, cmake_target=None, cmake_target_skip_unavailable=False, cmake_clean_cache=False, cmake_clean_first=False, cmake_force_configure=False, ament_cmake_args=None, catkin_cmake_args=None, catkin_skip_building_tests=False, mixin_files=None, mixin=None, verb_parser=<colcon_mixin.mixin.mixin_argument.MixinArgumentDecorator object at 0x71d8d24a9d60>, verb_extension=<colcon_core.verb.build.BuildVerb object at 0x71d8d1c4b4a0>, main=<bound method BuildVerb.main of <colcon_core.verb.build.BuildVerb object at 0x71d8d1c4b4a0>>, mixin_verb=('build',))
[0.159s] Level 1:colcon.colcon_core.package_discovery:discover_packages(colcon_meta) check parameters
[0.159s] Level 1:colcon.colcon_core.package_discovery:discover_packages(recursive) check parameters
[0.159s] Level 1:colcon.colcon_core.package_discovery:discover_packages(ignore) check parameters
[0.159s] Level 1:colcon.colcon_core.package_discovery:discover_packages(path) check parameters
[0.159s] Level 1:colcon.colcon_core.package_discovery:discover_packages(colcon_meta) discover
[0.159s] Level 1:colcon.colcon_core.package_discovery:discover_packages(recursive) discover
[0.159s] INFO:colcon.colcon_core.package_discovery:Crawling recursively for packages in '/home/bartosz-babi-ski/Hexapod_git4/Hexapod/simulation/ros2_ws_hex'
[0.160s] Level 1:colcon.colcon_core.package_identification:_identify(.) by extensions ['ignore', 'ignore_ament_install']
[0.160s] Level 1:colcon.colcon_core.package_identification:_identify(.) by extension 'ignore'
[0.160s] Level 1:colcon.colcon_core.package_identification:_identify(.) by extension 'ignore_ament_install'
[0.160s] Level 1:colcon.colcon_core.package_identification:_identify(.) by extensions ['colcon_pkg']
[0.160s] Level 1:colcon.colcon_core.package_identification:_identify(.) by extension 'colcon_pkg'
[0.160s] Level 1:colcon.colcon_core.package_identification:_identify(.) by extensions ['colcon_meta']
[0.160s] Level 1:colcon.colcon_core.package_identification:_identify(.) by extension 'colcon_meta'
[0.160s] Level 1:colcon.colcon_core.package_identification:_identify(.) by extensions ['ros']
[0.160s] Level 1:colcon.colcon_core.package_identification:_identify(.) by extension 'ros'
[0.186s] Level 1:colcon.colcon_core.package_identification:_identify(.) by extensions ['cmake', 'python']
[0.186s] Level 1:colcon.colcon_core.package_identification:_identify(.) by extension 'cmake'
[0.186s] Level 1:colcon.colcon_core.package_identification:_identify(.) by extension 'python'
[0.186s] Level 1:colcon.colcon_core.package_identification:_identify(.) by extensions ['python_setup_py']
[0.186s] Level 1:colcon.colcon_core.package_identification:_identify(.) by extension 'python_setup_py'
[0.186s] Level 1:colcon.colcon_core.package_identification:_identify(build) by extensions ['ignore', 'ignore_ament_install']
[0.186s] Level 1:colcon.colcon_core.package_identification:_identify(build) by extension 'ignore'
[0.186s] Level 1:colcon.colcon_core.package_identification:_identify(build) ignored
[0.186s] Level 1:colcon.colcon_core.package_identification:_identify(install) by extensions ['ignore', 'ignore_ament_install']
[0.186s] Level 1:colcon.colcon_core.package_identification:_identify(install) by extension 'ignore'
[0.186s] Level 1:colcon.colcon_core.package_identification:_identify(install) ignored
[0.186s] Level 1:colcon.colcon_core.package_identification:_identify(log) by extensions ['ignore', 'ignore_ament_install']
[0.186s] Level 1:colcon.colcon_core.package_identification:_identify(log) by extension 'ignore'
[0.186s] Level 1:colcon.colcon_core.package_identification:_identify(log) ignored
[0.186s] Level 1:colcon.colcon_core.package_identification:_identify(src) by extensions ['ignore', 'ignore_ament_install']
[0.187s] Level 1:colcon.colcon_core.package_identification:_identify(src) by extension 'ignore'
[0.187s] Level 1:colcon.colcon_core.package_identification:_identify(src) by extension 'ignore_ament_install'
[0.187s] Level 1:colcon.colcon_core.package_identification:_identify(src) by extensions ['colcon_pkg']
[0.187s] Level 1:colcon.colcon_core.package_identification:_identify(src) by extension 'colcon_pkg'
[0.187s] Level 1:colcon.colcon_core.package_identification:_identify(src) by extensions ['colcon_meta']
[0.187s] Level 1:colcon.colcon_core.package_identification:_identify(src) by extension 'colcon_meta'
[0.187s] Level 1:colcon.colcon_core.package_identification:_identify(src) by extensions ['ros']
[0.187s] Level 1:colcon.colcon_core.package_identification:_identify(src) by extension 'ros'
[0.187s] Level 1:colcon.colcon_core.package_identification:_identify(src) by extensions ['cmake', 'python']
[0.187s] Level 1:colcon.colcon_core.package_identification:_identify(src) by extension 'cmake'
[0.187s] Level 1:colcon.colcon_core.package_identification:_identify(src) by extension 'python'
[0.187s] Level 1:colcon.colcon_core.package_identification:_identify(src) by extensions ['python_setup_py']
[0.187s] Level 1:colcon.colcon_core.package_identification:_identify(src) by extension 'python_setup_py'
[0.187s] Level 1:colcon.colcon_core.package_identification:_identify(src/hex_gz) by extensions ['ignore', 'ignore_ament_install']
[0.187s] Level 1:colcon.colcon_core.package_identification:_identify(src/hex_gz) by extension 'ignore'
[0.187s] Level 1:colcon.colcon_core.package_identification:_identify(src/hex_gz) by extension 'ignore_ament_install'
[0.187s] Level 1:colcon.colcon_core.package_identification:_identify(src/hex_gz) by extensions ['colcon_pkg']
[0.187s] Level 1:colcon.colcon_core.package_identification:_identify(src/hex_gz) by extension 'colcon_pkg'
[0.187s] Level 1:colcon.colcon_core.package_identification:_identify(src/hex_gz) by extensions ['colcon_meta']
[0.187s] Level 1:colcon.colcon_core.package_identification:_identify(src/hex_gz) by extension 'colcon_meta'
[0.187s] Level 1:colcon.colcon_core.package_identification:_identify(src/hex_gz) by extensions ['ros']
[0.187s] Level 1:colcon.colcon_core.package_identification:_identify(src/hex_gz) by extension 'ros'
[0.190s] DEBUG:colcon.colcon_core.package_identification:Package 'src/hex_gz' with type 'ros.ament_cmake' and name 'hex_gz'
[0.190s] Level 1:colcon.colcon_core.package_identification:_identify(src/hexapod) by extensions ['ignore', 'ignore_ament_install']
[0.190s] Level 1:colcon.colcon_core.package_identification:_identify(src/hexapod) by extension 'ignore'
[0.190s] Level 1:colcon.colcon_core.package_identification:_identify(src/hexapod) by extension 'ignore_ament_install'
[0.190s] Level 1:colcon.colcon_core.package_identification:_identify(src/hexapod) by extensions ['colcon_pkg']
[0.190s] Level 1:colcon.colcon_core.package_identification:_identify(src/hexapod) by extension 'colcon_pkg'
[0.190s] Level 1:colcon.colcon_core.package_identification:_identify(src/hexapod) by extensions ['colcon_meta']
[0.190s] Level 1:colcon.colcon_core.package_identification:_identify(src/hexapod) by extension 'colcon_meta'
[0.190s] Level 1:colcon.colcon_core.package_identification:_identify(src/hexapod) by extensions ['ros']
[0.190s] Level 1:colcon.colcon_core.package_identification:_identify(src/hexapod) by extension 'ros'
[0.191s] DEBUG:colcon.colcon_core.package_identification:Package 'src/hexapod' with type 'ros.ament_cmake' and name 'hexapod'
[0.191s] Level 1:colcon.colcon_core.package_identification:_identify(src/hexapod_description) by extensions ['ignore', 'ignore_ament_install']
[0.191s] Level 1:colcon.colcon_core.package_identification:_identify(src/hexapod_description) by extension 'ignore'
[0.191s] Level 1:colcon.colcon_core.package_identification:_identify(src/hexapod_description) by extension 'ignore_ament_install'
[0.191s] Level 1:colcon.colcon_core.package_identification:_identify(src/hexapod_description) by extensions ['colcon_pkg']
[0.191s] Level 1:colcon.colcon_core.package_identification:_identify(src/hexapod_description) by extension 'colcon_pkg'
[0.191s] Level 1:colcon.colcon_core.package_identification:_identify(src/hexapod_description) by extensions ['colcon_meta']
[0.191s] Level 1:colcon.colcon_core.package_identification:_identify(src/hexapod_description) by extension 'colcon_meta'
[0.191s] Level 1:colcon.colcon_core.package_identification:_identify(src/hexapod_description) by extensions ['ros']
[0.191s] Level 1:colcon.colcon_core.package_identification:_identify(src/hexapod_description) by extension 'ros'
[0.192s] DEBUG:colcon.colcon_core.package_identification:Package 'src/hexapod_description' with type 'ros.ament_cmake' and name 'hexapod_description'
[0.192s] Level 1:colcon.colcon_core.package_identification:_identify(src/ros2_controller) by extensions ['ignore', 'ignore_ament_install']
[0.192s] Level 1:colcon.colcon_core.package_identification:_identify(src/ros2_controller) by extension 'ignore'
[0.192s] Level 1:colcon.colcon_core.package_identification:_identify(src/ros2_controller) by extension 'ignore_ament_install'
[0.192s] Level 1:colcon.colcon_core.package_identification:_identify(src/ros2_controller) by extensions ['colcon_pkg']
[0.192s] Level 1:colcon.colcon_core.package_identification:_identify(src/ros2_controller) by extension 'colcon_pkg'
[0.192s] Level 1:colcon.colcon_core.package_identification:_identify(src/ros2_controller) by extensions ['colcon_meta']
[0.192s] Level 1:colcon.colcon_core.package_identification:_identify(src/ros2_controller) by extension 'colcon_meta'
[0.192s] Level 1:colcon.colcon_core.package_identification:_identify(src/ros2_controller) by extensions ['ros']
[0.192s] Level 1:colcon.colcon_core.package_identification:_identify(src/ros2_controller) by extension 'ros'
[0.192s] Level 1:colcon.colcon_core.package_identification:_identify(src/ros2_controller) by extensions ['cmake', 'python']
[0.192s] Level 1:colcon.colcon_core.package_identification:_identify(src/ros2_controller) by extension 'cmake'
[0.192s] Level 1:colcon.colcon_core.package_identification:_identify(src/ros2_controller) by extension 'python'
[0.192s] Level 1:colcon.colcon_core.package_identification:_identify(src/ros2_controller) by extensions ['python_setup_py']
[0.193s] Level 1:colcon.colcon_core.package_identification:_identify(src/ros2_controller) by extension 'python_setup_py'
[0.193s] Level 1:colcon.colcon_core.package_identification:_identify(src/ros2_controller/om_gravity_compensation_controller) by extensions ['ignore', 'ignore_ament_install']
[0.193s] Level 1:colcon.colcon_core.package_identification:_identify(src/ros2_controller/om_gravity_compensation_controller) by extension 'ignore'
[0.193s] Level 1:colcon.colcon_core.package_identification:_identify(src/ros2_controller/om_gravity_compensation_controller) by extension 'ignore_ament_install'
[0.193s] Level 1:colcon.colcon_core.package_identification:_identify(src/ros2_controller/om_gravity_compensation_controller) by extensions ['colcon_pkg']
[0.193s] Level 1:colcon.colcon_core.package_identification:_identify(src/ros2_controller/om_gravity_compensation_controller) by extension 'colcon_pkg'
[0.193s] Level 1:colcon.colcon_core.package_identification:_identify(src/ros2_controller/om_gravity_compensation_controller) by extensions ['colcon_meta']
[0.193s] Level 1:colcon.colcon_core.package_identification:_identify(src/ros2_controller/om_gravity_compensation_controller) by extension 'colcon_meta'
[0.193s] Level 1:colcon.colcon_core.package_identification:_identify(src/ros2_controller/om_gravity_compensation_controller) by extensions ['ros']
[0.193s] Level 1:colcon.colcon_core.package_identification:_identify(src/ros2_controller/om_gravity_compensation_controller) by extension 'ros'
[0.194s] DEBUG:colcon.colcon_core.package_identification:Package 'src/ros2_controller/om_gravity_compensation_controller' with type 'ros.ament_cmake' and name 'om_gravity_compensation_controller'
[0.194s] Level 1:colcon.colcon_core.package_identification:_identify(src/ros2_controller/om_joint_trajectory_command_broadcaster) by extensions ['ignore', 'ignore_ament_install']
[0.194s] Level 1:colcon.colcon_core.package_identification:_identify(src/ros2_controller/om_joint_trajectory_command_broadcaster) by extension 'ignore'
[0.194s] Level 1:colcon.colcon_core.package_identification:_identify(src/ros2_controller/om_joint_trajectory_command_broadcaster) by extension 'ignore_ament_install'
[0.194s] Level 1:colcon.colcon_core.package_identification:_identify(src/ros2_controller/om_joint_trajectory_command_broadcaster) by extensions ['colcon_pkg']
[0.194s] Level 1:colcon.colcon_core.package_identification:_identify(src/ros2_controller/om_joint_trajectory_command_broadcaster) by extension 'colcon_pkg'
[0.194s] Level 1:colcon.colcon_core.package_identification:_identify(src/ros2_controller/om_joint_trajectory_command_broadcaster) by extensions ['colcon_meta']
[0.194s] Level 1:colcon.colcon_core.package_identification:_identify(src/ros2_controller/om_joint_trajectory_command_broadcaster) by extension 'colcon_meta'
[0.194s] Level 1:colcon.colcon_core.package_identification:_identify(src/ros2_controller/om_joint_trajectory_command_broadcaster) by extensions ['ros']
[0.194s] Level 1:colcon.colcon_core.package_identification:_identify(src/ros2_controller/om_joint_trajectory_command_broadcaster) by extension 'ros'
[0.195s] DEBUG:colcon.colcon_core.package_identification:Package 'src/ros2_controller/om_joint_trajectory_command_broadcaster' with type 'ros.ament_cmake' and name 'om_joint_trajectory_command_broadcaster'
[0.196s] Level 1:colcon.colcon_core.package_identification:_identify(src/ros2_controller/om_spring_actuator_controller) by extensions ['ignore', 'ignore_ament_install']
[0.196s] Level 1:colcon.colcon_core.package_identification:_identify(src/ros2_controller/om_spring_actuator_controller) by extension 'ignore'
[0.196s] Level 1:colcon.colcon_core.package_identification:_identify(src/ros2_controller/om_spring_actuator_controller) by extension 'ignore_ament_install'
[0.196s] Level 1:colcon.colcon_core.package_identification:_identify(src/ros2_controller/om_spring_actuator_controller) by extensions ['colcon_pkg']
[0.196s] Level 1:colcon.colcon_core.package_identification:_identify(src/ros2_controller/om_spring_actuator_controller) by extension 'colcon_pkg'
[0.196s] Level 1:colcon.colcon_core.package_identification:_identify(src/ros2_controller/om_spring_actuator_controller) by extensions ['colcon_meta']
[0.196s] Level 1:colcon.colcon_core.package_identification:_identify(src/ros2_controller/om_spring_actuator_controller) by extension 'colcon_meta'
[0.196s] Level 1:colcon.colcon_core.package_identification:_identify(src/ros2_controller/om_spring_actuator_controller) by extensions ['ros']
[0.196s] Level 1:colcon.colcon_core.package_identification:_identify(src/ros2_controller/om_spring_actuator_controller) by extension 'ros'
[0.197s] DEBUG:colcon.colcon_core.package_identification:Package 'src/ros2_controller/om_spring_actuator_controller' with type 'ros.ament_cmake' and name 'om_spring_actuator_controller'
[0.197s] Level 1:colcon.colcon_core.package_discovery:discover_packages(recursive) using defaults
[0.197s] Level 1:colcon.colcon_core.package_discovery:discover_packages(ignore) discover
[0.197s] Level 1:colcon.colcon_core.package_discovery:discover_packages(ignore) using defaults
[0.197s] Level 1:colcon.colcon_core.package_discovery:discover_packages(path) discover
[0.197s] Level 1:colcon.colcon_core.package_discovery:discover_packages(path) using defaults
[0.216s] Level 1:colcon.colcon_core.package_discovery:discover_packages(prefix_path) check parameters
[0.216s] Level 1:colcon.colcon_core.package_discovery:discover_packages(prefix_path) discover
[0.218s] DEBUG:colcon.colcon_installed_package_information.package_discovery:Found 6 installed packages in /home/bartosz-babi-ski/Hexapod_git4/Hexapod/simulation/ros2_ws_hex/install
[0.220s] DEBUG:colcon.colcon_installed_package_information.package_discovery:Found 440 installed packages in /opt/ros/jazzy
[0.221s] Level 1:colcon.colcon_core.package_discovery:discover_packages(prefix_path) using defaults
[0.274s] Level 5:colcon.colcon_core.verb:set package 'hexapod_description' build argument 'cmake_args' from command line to 'None'
[0.274s] Level 5:colcon.colcon_core.verb:set package 'hexapod_description' build argument 'cmake_target' from command line to 'None'
[0.274s] Level 5:colcon.colcon_core.verb:set package 'hexapod_description' build argument 'cmake_target_skip_unavailable' from command line to 'False'
[0.274s] Level 5:colcon.colcon_core.verb:set package 'hexapod_description' build argument 'cmake_clean_cache' from command line to 'False'
[0.274s] Level 5:colcon.colcon_core.verb:set package 'hexapod_description' build argument 'cmake_clean_first' from command line to 'False'
[0.274s] Level 5:colcon.colcon_core.verb:set package 'hexapod_description' build argument 'cmake_force_configure' from command line to 'False'
[0.274s] Level 5:colcon.colcon_core.verb:set package 'hexapod_description' build argument 'ament_cmake_args' from command line to 'None'
[0.274s] Level 5:colcon.colcon_core.verb:set package 'hexapod_description' build argument 'catkin_cmake_args' from command line to 'None'
[0.274s] Level 5:colcon.colcon_core.verb:set package 'hexapod_description' build argument 'catkin_skip_building_tests' from command line to 'False'
[0.274s] DEBUG:colcon.colcon_core.verb:Building package 'hexapod_description' with the following arguments: {'ament_cmake_args': None, 'build_base': '/home/bartosz-babi-ski/Hexapod_git4/Hexapod/simulation/ros2_ws_hex/build/hexapod_description', 'catkin_cmake_args': None, 'catkin_skip_building_tests': False, 'cmake_args': None, 'cmake_clean_cache': False, 'cmake_clean_first': False, 'cmake_force_configure': False, 'cmake_target': None, 'cmake_target_skip_unavailable': False, 'install_base': '/home/bartosz-babi-ski/Hexapod_git4/Hexapod/simulation/ros2_ws_hex/install/hexapod_description', 'merge_install': False, 'path': '/home/bartosz-babi-ski/Hexapod_git4/Hexapod/simulation/ros2_ws_hex/src/hexapod_description', 'symlink_install': False, 'test_result_base': None}
[0.275s] Level 5:colcon.colcon_core.verb:set package 'om_gravity_compensation_controller' build argument 'cmake_args' from command line to 'None'
[0.275s] Level 5:colcon.colcon_core.verb:set package 'om_gravity_compensation_controller' build argument 'cmake_target' from command line to 'None'
[0.275s] Level 5:colcon.colcon_core.verb:set package 'om_gravity_compensation_controller' build argument 'cmake_target_skip_unavailable' from command line to 'False'
[0.275s] Level 5:colcon.colcon_core.verb:set package 'om_gravity_compensation_controller' build argument 'cmake_clean_cache' from command line to 'False'
[0.275s] Level 5:colcon.colcon_core.verb:set package 'om_gravity_compensation_controller' build argument 'cmake_clean_first' from command line to 'False'
[0.275s] Level 5:colcon.colcon_core.verb:set package 'om_gravity_compensation_controller' build argument 'cmake_force_configure' from command line to 'False'
[0.275s] Level 5:colcon.colcon_core.verb:set package 'om_gravity_compensation_controller' build argument 'ament_cmake_args' from command line to 'None'
[0.275s] Level 5:colcon.colcon_core.verb:set package 'om_gravity_compensation_controller' build argument 'catkin_cmake_args' from command line to 'None'
[0.275s] Level 5:colcon.colcon_core.verb:set package 'om_gravity_compensation_controller' build argument 'catkin_skip_building_tests' from command line to 'False'
[0.275s] DEBUG:colcon.colcon_core.verb:Building package 'om_gravity_compensation_controller' with the following arguments: {'ament_cmake_args': None, 'build_base': '/home/bartosz-babi-ski/Hexapod_git4/Hexapod/simulation/ros2_ws_hex/build/om_gravity_compensation_controller', 'catkin_cmake_args': None, 'catkin_skip_building_tests': False, 'cmake_args': None, 'cmake_clean_cache': False, 'cmake_clean_first': False, 'cmake_force_configure': False, 'cmake_target': None, 'cmake_target_skip_unavailable': False, 'install_base': '/home/bartosz-babi-ski/Hexapod_git4/Hexapod/simulation/ros2_ws_hex/install/om_gravity_compensation_controller', 'merge_install': False, 'path': '/home/bartosz-babi-ski/Hexapod_git4/Hexapod/simulation/ros2_ws_hex/src/ros2_controller/om_gravity_compensation_controller', 'symlink_install': False, 'test_result_base': None}
[0.275s] Level 5:colcon.colcon_core.verb:set package 'om_joint_trajectory_command_broadcaster' build argument 'cmake_args' from command line to 'None'
[0.275s] Level 5:colcon.colcon_core.verb:set package 'om_joint_trajectory_command_broadcaster' build argument 'cmake_target' from command line to 'None'
[0.275s] Level 5:colcon.colcon_core.verb:set package 'om_joint_trajectory_command_broadcaster' build argument 'cmake_target_skip_unavailable' from command line to 'False'
[0.275s] Level 5:colcon.colcon_core.verb:set package 'om_joint_trajectory_command_broadcaster' build argument 'cmake_clean_cache' from command line to 'False'
[0.275s] Level 5:colcon.colcon_core.verb:set package 'om_joint_trajectory_command_broadcaster' build argument 'cmake_clean_first' from command line to 'False'
[0.275s] Level 5:colcon.colcon_core.verb:set package 'om_joint_trajectory_command_broadcaster' build argument 'cmake_force_configure' from command line to 'False'
[0.275s] Level 5:colcon.colcon_core.verb:set package 'om_joint_trajectory_command_broadcaster' build argument 'ament_cmake_args' from command line to 'None'
[0.275s] Level 5:colcon.colcon_core.verb:set package 'om_joint_trajectory_command_broadcaster' build argument 'catkin_cmake_args' from command line to 'None'
[0.275s] Level 5:colcon.colcon_core.verb:set package 'om_joint_trajectory_command_broadcaster' build argument 'catkin_skip_building_tests' from command line to 'False'
[0.275s] DEBUG:colcon.colcon_core.verb:Building package 'om_joint_trajectory_command_broadcaster' with the following arguments: {'ament_cmake_args': None, 'build_base': '/home/bartosz-babi-ski/Hexapod_git4/Hexapod/simulation/ros2_ws_hex/build/om_joint_trajectory_command_broadcaster', 'catkin_cmake_args': None, 'catkin_skip_building_tests': False, 'cmake_args': None, 'cmake_clean_cache': False, 'cmake_clean_first': False, 'cmake_force_configure': False, 'cmake_target': None, 'cmake_target_skip_unavailable': False, 'install_base': '/home/bartosz-babi-ski/Hexapod_git4/Hexapod/simulation/ros2_ws_hex/install/om_joint_trajectory_command_broadcaster', 'merge_install': False, 'path': '/home/bartosz-babi-ski/Hexapod_git4/Hexapod/simulation/ros2_ws_hex/src/ros2_controller/om_joint_trajectory_command_broadcaster', 'symlink_install': False, 'test_result_base': None}
[0.276s] Level 5:colcon.colcon_core.verb:set package 'om_spring_actuator_controller' build argument 'cmake_args' from command line to 'None'
[0.276s] Level 5:colcon.colcon_core.verb:set package 'om_spring_actuator_controller' build argument 'cmake_target' from command line to 'None'
[0.276s] Level 5:colcon.colcon_core.verb:set package 'om_spring_actuator_controller' build argument 'cmake_target_skip_unavailable' from command line to 'False'
[0.276s] Level 5:colcon.colcon_core.verb:set package 'om_spring_actuator_controller' build argument 'cmake_clean_cache' from command line to 'False'
[0.276s] Level 5:colcon.colcon_core.verb:set package 'om_spring_actuator_controller' build argument 'cmake_clean_first' from command line to 'False'
[0.276s] Level 5:colcon.colcon_core.verb:set package 'om_spring_actuator_controller' build argument 'cmake_force_configure' from command line to 'False'
[0.276s] Level 5:colcon.colcon_core.verb:set package 'om_spring_actuator_controller' build argument 'ament_cmake_args' from command line to 'None'
[0.276s] Level 5:colcon.colcon_core.verb:set package 'om_spring_actuator_controller' build argument 'catkin_cmake_args' from command line to 'None'
[0.276s] Level 5:colcon.colcon_core.verb:set package 'om_spring_actuator_controller' build argument 'catkin_skip_building_tests' from command line to 'False'
[0.276s] DEBUG:colcon.colcon_core.verb:Building package 'om_spring_actuator_controller' with the following arguments: {'ament_cmake_args': None, 'build_base': '/home/bartosz-babi-ski/Hexapod_git4/Hexapod/simulation/ros2_ws_hex/build/om_spring_actuator_controller', 'catkin_cmake_args': None, 'catkin_skip_building_tests': False, 'cmake_args': None, 'cmake_clean_cache': False, 'cmake_clean_first': False, 'cmake_force_configure': False, 'cmake_target': None, 'cmake_target_skip_unavailable': False, 'install_base': '/home/bartosz-babi-ski/Hexapod_git4/Hexapod/simulation/ros2_ws_hex/install/om_spring_actuator_controller', 'merge_install': False, 'path': '/home/bartosz-babi-ski/Hexapod_git4/Hexapod/simulation/ros2_ws_hex/src/ros2_controller/om_spring_actuator_controller', 'symlink_install': False, 'test_result_base': None}
[0.276s] Level 5:colcon.colcon_core.verb:set package 'hex_gz' build argument 'cmake_args' from command line to 'None'
[0.276s] Level 5:colcon.colcon_core.verb:set package 'hex_gz' build argument 'cmake_target' from command line to 'None'
[0.276s] Level 5:colcon.colcon_core.verb:set package 'hex_gz' build argument 'cmake_target_skip_unavailable' from command line to 'False'
[0.276s] Level 5:colcon.colcon_core.verb:set package 'hex_gz' build argument 'cmake_clean_cache' from command line to 'False'
[0.276s] Level 5:colcon.colcon_core.verb:set package 'hex_gz' build argument 'cmake_clean_first' from command line to 'False'
[0.276s] Level 5:colcon.colcon_core.verb:set package 'hex_gz' build argument 'cmake_force_configure' from command line to 'False'
[0.276s] Level 5:colcon.colcon_core.verb:set package 'hex_gz' build argument 'ament_cmake_args' from command line to 'None'
[0.276s] Level 5:colcon.colcon_core.verb:set package 'hex_gz' build argument 'catkin_cmake_args' from command line to 'None'
[0.276s] Level 5:colcon.colcon_core.verb:set package 'hex_gz' build argument 'catkin_skip_building_tests' from command line to 'False'
[0.276s] DEBUG:colcon.colcon_core.verb:Building package 'hex_gz' with the following arguments: {'ament_cmake_args': None, 'build_base': '/home/bartosz-babi-ski/Hexapod_git4/Hexapod/simulation/ros2_ws_hex/build/hex_gz', 'catkin_cmake_args': None, 'catkin_skip_building_tests': False, 'cmake_args': None, 'cmake_clean_cache': False, 'cmake_clean_first': False, 'cmake_force_configure': False, 'cmake_target': None, 'cmake_target_skip_unavailable': False, 'install_base': '/home/bartosz-babi-ski/Hexapod_git4/Hexapod/simulation/ros2_ws_hex/install/hex_gz', 'merge_install': False, 'path': '/home/bartosz-babi-ski/Hexapod_git4/Hexapod/simulation/ros2_ws_hex/src/hex_gz', 'symlink_install': False, 'test_result_base': None}
[0.276s] Level 5:colcon.colcon_core.verb:set package 'hexapod' build argument 'cmake_args' from command line to 'None'
[0.276s] Level 5:colcon.colcon_core.verb:set package 'hexapod' build argument 'cmake_target' from command line to 'None'
[0.276s] Level 5:colcon.colcon_core.verb:set package 'hexapod' build argument 'cmake_target_skip_unavailable' from command line to 'False'
[0.276s] Level 5:colcon.colcon_core.verb:set package 'hexapod' build argument 'cmake_clean_cache' from command line to 'False'
[0.276s] Level 5:colcon.colcon_core.verb:set package 'hexapod' build argument 'cmake_clean_first' from command line to 'False'
[0.276s] Level 5:colcon.colcon_core.verb:set package 'hexapod' build argument 'cmake_force_configure' from command line to 'False'
[0.276s] Level 5:colcon.colcon_core.verb:set package 'hexapod' build argument 'ament_cmake_args' from command line to 'None'
[0.276s] Level 5:colcon.colcon_core.verb:set package 'hexapod' build argument 'catkin_cmake_args' from command line to 'None'
[0.277s] Level 5:colcon.colcon_core.verb:set package 'hexapod' build argument 'catkin_skip_building_tests' from command line to 'False'
[0.277s] DEBUG:colcon.colcon_core.verb:Building package 'hexapod' with the following arguments: {'ament_cmake_args': None, 'build_base': '/home/bartosz-babi-ski/Hexapod_git4/Hexapod/simulation/ros2_ws_hex/build/hexapod', 'catkin_cmake_args': None, 'catkin_skip_building_tests': False, 'cmake_args': None, 'cmake_clean_cache': False, 'cmake_clean_first': False, 'cmake_force_configure': False, 'cmake_target': None, 'cmake_target_skip_unavailable': False, 'install_base': '/home/bartosz-babi-ski/Hexapod_git4/Hexapod/simulation/ros2_ws_hex/install/hexapod', 'merge_install': False, 'path': '/home/bartosz-babi-ski/Hexapod_git4/Hexapod/simulation/ros2_ws_hex/src/hexapod', 'symlink_install': False, 'test_result_base': None}
[0.277s] INFO:colcon.colcon_core.executor:Executing jobs using 'parallel' executor
[0.277s] DEBUG:colcon.colcon_parallel_executor.executor.parallel:run_until_complete
[0.278s] INFO:colcon.colcon_ros.task.ament_cmake.build:Building ROS package in '/home/bartosz-babi-ski/Hexapod_git4/Hexapod/simulation/ros2_ws_hex/src/hexapod_description' with build type 'ament_cmake'
[0.278s] INFO:colcon.colcon_cmake.task.cmake.build:Building CMake package in '/home/bartosz-babi-ski/Hexapod_git4/Hexapod/simulation/ros2_ws_hex/src/hexapod_description'
[0.280s] INFO:colcon.colcon_core.plugin_system:Skipping extension 'colcon_core.shell.bat': Not used on non-Windows systems
[0.280s] INFO:colcon.colcon_core.shell:Skip shell extension 'powershell' for command environment: Not usable outside of PowerShell
[0.280s] DEBUG:colcon.colcon_core.shell:Skip shell extension 'dsv' for command environment
[0.285s] INFO:colcon.colcon_ros.task.ament_cmake.build:Building ROS package in '/home/bartosz-babi-ski/Hexapod_git4/Hexapod/simulation/ros2_ws_hex/src/ros2_controller/om_gravity_compensation_controller' with build type 'ament_cmake'
[0.285s] INFO:colcon.colcon_cmake.task.cmake.build:Building CMake package in '/home/bartosz-babi-ski/Hexapod_git4/Hexapod/simulation/ros2_ws_hex/src/ros2_controller/om_gravity_compensation_controller'
[0.285s] INFO:colcon.colcon_core.shell:Skip shell extension 'powershell' for command environment: Not usable outside of PowerShell
[0.285s] DEBUG:colcon.colcon_core.shell:Skip shell extension 'dsv' for command environment
[0.289s] INFO:colcon.colcon_ros.task.ament_cmake.build:Building ROS package in '/home/bartosz-babi-ski/Hexapod_git4/Hexapod/simulation/ros2_ws_hex/src/ros2_controller/om_joint_trajectory_command_broadcaster' with build type 'ament_cmake'
[0.289s] INFO:colcon.colcon_cmake.task.cmake.build:Building CMake package in '/home/bartosz-babi-ski/Hexapod_git4/Hexapod/simulation/ros2_ws_hex/src/ros2_controller/om_joint_trajectory_command_broadcaster'
[0.290s] INFO:colcon.colcon_core.shell:Skip shell extension 'powershell' for command environment: Not usable outside of PowerShell
[0.290s] DEBUG:colcon.colcon_core.shell:Skip shell extension 'dsv' for command environment
[0.293s] INFO:colcon.colcon_ros.task.ament_cmake.build:Building ROS package in '/home/bartosz-babi-ski/Hexapod_git4/Hexapod/simulation/ros2_ws_hex/src/ros2_controller/om_spring_actuator_controller' with build type 'ament_cmake'
[0.293s] INFO:colcon.colcon_cmake.task.cmake.build:Building CMake package in '/home/bartosz-babi-ski/Hexapod_git4/Hexapod/simulation/ros2_ws_hex/src/ros2_controller/om_spring_actuator_controller'
[0.294s] INFO:colcon.colcon_core.shell:Skip shell extension 'powershell' for command environment: Not usable outside of PowerShell
[0.294s] DEBUG:colcon.colcon_core.shell:Skip shell extension 'dsv' for command environment
[0.301s] DEBUG:colcon.colcon_core.event_handler.log_command:Invoking command in '/home/bartosz-babi-ski/Hexapod_git4/Hexapod/simulation/ros2_ws_hex/build/hexapod_description': CMAKE_PREFIX_PATH=${CMAKE_PREFIX_PATH}:/opt/ros/jazzy DEBUGINFOD_URLS=https://debuginfod.ubuntu.com /usr/bin/cmake --build /home/bartosz-babi-ski/Hexapod_git4/Hexapod/simulation/ros2_ws_hex/build/hexapod_description -- -j12 -l12
[0.304s] DEBUG:colcon.colcon_core.event_handler.log_command:Invoking command in '/home/bartosz-babi-ski/Hexapod_git4/Hexapod/simulation/ros2_ws_hex/build/om_gravity_compensation_controller': CMAKE_PREFIX_PATH=${CMAKE_PREFIX_PATH}:/opt/ros/jazzy DEBUGINFOD_URLS=https://debuginfod.ubuntu.com /usr/bin/cmake --build /home/bartosz-babi-ski/Hexapod_git4/Hexapod/simulation/ros2_ws_hex/build/om_gravity_compensation_controller -- -j12 -l12
[0.308s] DEBUG:colcon.colcon_core.event_handler.log_command:Invoking command in '/home/bartosz-babi-ski/Hexapod_git4/Hexapod/simulation/ros2_ws_hex/build/om_joint_trajectory_command_broadcaster': CMAKE_PREFIX_PATH=${CMAKE_PREFIX_PATH}:/opt/ros/jazzy DEBUGINFOD_URLS=https://debuginfod.ubuntu.com /usr/bin/cmake --build /home/bartosz-babi-ski/Hexapod_git4/Hexapod/simulation/ros2_ws_hex/build/om_joint_trajectory_command_broadcaster -- -j12 -l12
[0.312s] DEBUG:colcon.colcon_core.event_handler.log_command:Invoking command in '/home/bartosz-babi-ski/Hexapod_git4/Hexapod/simulation/ros2_ws_hex/build/om_spring_actuator_controller': CMAKE_PREFIX_PATH=${CMAKE_PREFIX_PATH}:/opt/ros/jazzy DEBUGINFOD_URLS=https://debuginfod.ubuntu.com /usr/bin/cmake --build /home/bartosz-babi-ski/Hexapod_git4/Hexapod/simulation/ros2_ws_hex/build/om_spring_actuator_controller -- -j12 -l12
[0.343s] DEBUG:colcon.colcon_core.event_handler.log_command:Invoked command in '/home/bartosz-babi-ski/Hexapod_git4/Hexapod/simulation/ros2_ws_hex/build/hexapod_description' returned '0': CMAKE_PREFIX_PATH=${CMAKE_PREFIX_PATH}:/opt/ros/jazzy DEBUGINFOD_URLS=https://debuginfod.ubuntu.com /usr/bin/cmake --build /home/bartosz-babi-ski/Hexapod_git4/Hexapod/simulation/ros2_ws_hex/build/hexapod_description -- -j12 -l12
[0.354s] DEBUG:colcon.colcon_core.event_handler.log_command:Invoking command in '/home/bartosz-babi-ski/Hexapod_git4/Hexapod/simulation/ros2_ws_hex/build/hexapod_description': CMAKE_PREFIX_PATH=${CMAKE_PREFIX_PATH}:/opt/ros/jazzy DEBUGINFOD_URLS=https://debuginfod.ubuntu.com /usr/bin/cmake --install /home/bartosz-babi-ski/Hexapod_git4/Hexapod/simulation/ros2_ws_hex/build/hexapod_description
[0.370s] Level 1:colcon.colcon_core.environment:create_environment_scripts_only(hexapod_description)
[0.371s] DEBUG:colcon.colcon_core.event_handler.log_command:Invoked command in '/home/bartosz-babi-ski/Hexapod_git4/Hexapod/simulation/ros2_ws_hex/build/hexapod_description' returned '0': CMAKE_PREFIX_PATH=${CMAKE_PREFIX_PATH}:/opt/ros/jazzy DEBUGINFOD_URLS=https://debuginfod.ubuntu.com /usr/bin/cmake --install /home/bartosz-babi-ski/Hexapod_git4/Hexapod/simulation/ros2_ws_hex/build/hexapod_description
[0.373s] Level 1:colcon.colcon_core.environment:checking '/home/bartosz-babi-ski/Hexapod_git4/Hexapod/simulation/ros2_ws_hex/install/hexapod_description' for CMake module files
[0.374s] Level 1:colcon.colcon_core.environment:checking '/home/bartosz-babi-ski/Hexapod_git4/Hexapod/simulation/ros2_ws_hex/install/hexapod_description' for CMake config files
[0.374s] Level 1:colcon.colcon_core.shell:create_environment_hook('hexapod_description', 'cmake_prefix_path')
[0.375s] INFO:colcon.colcon_core.shell:Creating environment hook '/home/bartosz-babi-ski/Hexapod_git4/Hexapod/simulation/ros2_ws_hex/install/hexapod_description/share/hexapod_description/hook/cmake_prefix_path.ps1'
[0.375s] INFO:colcon.colcon_core.shell:Creating environment descriptor '/home/bartosz-babi-ski/Hexapod_git4/Hexapod/simulation/ros2_ws_hex/install/hexapod_description/share/hexapod_description/hook/cmake_prefix_path.dsv'
[0.376s] INFO:colcon.colcon_core.shell:Creating environment hook '/home/bartosz-babi-ski/Hexapod_git4/Hexapod/simulation/ros2_ws_hex/install/hexapod_description/share/hexapod_description/hook/cmake_prefix_path.sh'
[0.377s] Level 1:colcon.colcon_core.environment:checking '/home/bartosz-babi-ski/Hexapod_git4/Hexapod/simulation/ros2_ws_hex/install/hexapod_description/bin'
[0.377s] Level 1:colcon.colcon_core.environment:checking '/home/bartosz-babi-ski/Hexapod_git4/Hexapod/simulation/ros2_ws_hex/install/hexapod_description/lib/pkgconfig/hexapod_description.pc'
[0.377s] Level 1:colcon.colcon_core.environment:checking '/home/bartosz-babi-ski/Hexapod_git4/Hexapod/simulation/ros2_ws_hex/install/hexapod_description/lib/python3.12/site-packages'
[0.378s] Level 1:colcon.colcon_core.environment:checking '/home/bartosz-babi-ski/Hexapod_git4/Hexapod/simulation/ros2_ws_hex/install/hexapod_description/bin'
[0.378s] INFO:colcon.colcon_core.shell:Creating package script '/home/bartosz-babi-ski/Hexapod_git4/Hexapod/simulation/ros2_ws_hex/install/hexapod_description/share/hexapod_description/package.ps1'
[0.379s] INFO:colcon.colcon_core.shell:Creating package descriptor '/home/bartosz-babi-ski/Hexapod_git4/Hexapod/simulation/ros2_ws_hex/install/hexapod_description/share/hexapod_description/package.dsv'
[0.379s] INFO:colcon.colcon_core.shell:Creating package script '/home/bartosz-babi-ski/Hexapod_git4/Hexapod/simulation/ros2_ws_hex/install/hexapod_description/share/hexapod_description/package.sh'
[0.380s] INFO:colcon.colcon_core.shell:Creating package script '/home/bartosz-babi-ski/Hexapod_git4/Hexapod/simulation/ros2_ws_hex/install/hexapod_description/share/hexapod_description/package.bash'
[0.381s] INFO:colcon.colcon_core.shell:Creating package script '/home/bartosz-babi-ski/Hexapod_git4/Hexapod/simulation/ros2_ws_hex/install/hexapod_description/share/hexapod_description/package.zsh'
[0.382s] Level 1:colcon.colcon_core.environment:create_file_with_runtime_dependencies(/home/bartosz-babi-ski/Hexapod_git4/Hexapod/simulation/ros2_ws_hex/install/hexapod_description/share/colcon-core/packages/hexapod_description)
[0.383s] Level 1:colcon.colcon_core.environment:create_environment_scripts_only(hexapod_description)
[0.384s] Level 1:colcon.colcon_core.environment:checking '/home/bartosz-babi-ski/Hexapod_git4/Hexapod/simulation/ros2_ws_hex/install/hexapod_description' for CMake module files
[0.384s] Level 1:colcon.colcon_core.environment:checking '/home/bartosz-babi-ski/Hexapod_git4/Hexapod/simulation/ros2_ws_hex/install/hexapod_description' for CMake config files
[0.385s] Level 1:colcon.colcon_core.shell:create_environment_hook('hexapod_description', 'cmake_prefix_path')
[0.385s] INFO:colcon.colcon_core.shell:Creating environment hook '/home/bartosz-babi-ski/Hexapod_git4/Hexapod/simulation/ros2_ws_hex/install/hexapod_description/share/hexapod_description/hook/cmake_prefix_path.ps1'
[0.385s] INFO:colcon.colcon_core.shell:Creating environment descriptor '/home/bartosz-babi-ski/Hexapod_git4/Hexapod/simulation/ros2_ws_hex/install/hexapod_description/share/hexapod_description/hook/cmake_prefix_path.dsv'
[0.400s] INFO:colcon.colcon_core.shell:Creating environment hook '/home/bartosz-babi-ski/Hexapod_git4/Hexapod/simulation/ros2_ws_hex/install/hexapod_description/share/hexapod_description/hook/cmake_prefix_path.sh'
[0.402s] Level 1:colcon.colcon_core.environment:checking '/home/bartosz-babi-ski/Hexapod_git4/Hexapod/simulation/ros2_ws_hex/install/hexapod_description/bin'
[0.402s] Level 1:colcon.colcon_core.environment:checking '/home/bartosz-babi-ski/Hexapod_git4/Hexapod/simulation/ros2_ws_hex/install/hexapod_description/lib/pkgconfig/hexapod_description.pc'
[0.402s] Level 1:colcon.colcon_core.environment:checking '/home/bartosz-babi-ski/Hexapod_git4/Hexapod/simulation/ros2_ws_hex/install/hexapod_description/lib/python3.12/site-packages'
[0.402s] Level 1:colcon.colcon_core.environment:checking '/home/bartosz-babi-ski/Hexapod_git4/Hexapod/simulation/ros2_ws_hex/install/hexapod_description/bin'
[0.402s] INFO:colcon.colcon_core.shell:Creating package script '/home/bartosz-babi-ski/Hexapod_git4/Hexapod/simulation/ros2_ws_hex/install/hexapod_description/share/hexapod_description/package.ps1'
[0.403s] INFO:colcon.colcon_core.shell:Creating package descriptor '/home/bartosz-babi-ski/Hexapod_git4/Hexapod/simulation/ros2_ws_hex/install/hexapod_description/share/hexapod_description/package.dsv'
[0.403s] INFO:colcon.colcon_core.shell:Creating package script '/home/bartosz-babi-ski/Hexapod_git4/Hexapod/simulation/ros2_ws_hex/install/hexapod_description/share/hexapod_description/package.sh'
[0.404s] INFO:colcon.colcon_core.shell:Creating package script '/home/bartosz-babi-ski/Hexapod_git4/Hexapod/simulation/ros2_ws_hex/install/hexapod_description/share/hexapod_description/package.bash'
[0.404s] INFO:colcon.colcon_core.shell:Creating package script '/home/bartosz-babi-ski/Hexapod_git4/Hexapod/simulation/ros2_ws_hex/install/hexapod_description/share/hexapod_description/package.zsh'
[0.404s] Level 1:colcon.colcon_core.environment:create_file_with_runtime_dependencies(/home/bartosz-babi-ski/Hexapod_git4/Hexapod/simulation/ros2_ws_hex/install/hexapod_description/share/colcon-core/packages/hexapod_description)
[0.405s] INFO:colcon.colcon_ros.task.ament_cmake.build:Building ROS package in '/home/bartosz-babi-ski/Hexapod_git4/Hexapod/simulation/ros2_ws_hex/src/hex_gz' with build type 'ament_cmake'
[0.405s] INFO:colcon.colcon_cmake.task.cmake.build:Building CMake package in '/home/bartosz-babi-ski/Hexapod_git4/Hexapod/simulation/ros2_ws_hex/src/hex_gz'
[0.405s] INFO:colcon.colcon_core.shell:Skip shell extension 'powershell' for command environment: Not usable outside of PowerShell
[0.405s] DEBUG:colcon.colcon_core.shell:Skip shell extension 'dsv' for command environment
[0.413s] DEBUG:colcon.colcon_core.event_handler.log_command:Invoked command in '/home/bartosz-babi-ski/Hexapod_git4/Hexapod/simulation/ros2_ws_hex/build/om_gravity_compensation_controller' returned '0': CMAKE_PREFIX_PATH=${CMAKE_PREFIX_PATH}:/opt/ros/jazzy DEBUGINFOD_URLS=https://debuginfod.ubuntu.com /usr/bin/cmake --build /home/bartosz-babi-ski/Hexapod_git4/Hexapod/simulation/ros2_ws_hex/build/om_gravity_compensation_controller -- -j12 -l12
[0.415s] DEBUG:colcon.colcon_core.event_handler.log_command:Invoking command in '/home/bartosz-babi-ski/Hexapod_git4/Hexapod/simulation/ros2_ws_hex/build/om_gravity_compensation_controller': CMAKE_PREFIX_PATH=${CMAKE_PREFIX_PATH}:/opt/ros/jazzy DEBUGINFOD_URLS=https://debuginfod.ubuntu.com /usr/bin/cmake --install /home/bartosz-babi-ski/Hexapod_git4/Hexapod/simulation/ros2_ws_hex/build/om_gravity_compensation_controller
[0.419s] DEBUG:colcon.colcon_core.event_handler.log_command:Invoking command in '/home/bartosz-babi-ski/Hexapod_git4/Hexapod/simulation/ros2_ws_hex/build/hex_gz': CMAKE_PREFIX_PATH=/home/bartosz-babi-ski/Hexapod_git4/Hexapod/simulation/ros2_ws_hex/install/hexapod_description:/home/bartosz-babi-ski/Hexapod_git4/Hexapod/simulation/ros2_ws_hex/install/hexapod:/home/bartosz-babi-ski/Hexapod_git4/Hexapod/simulation/ros2_ws_hex/install/om_spring_actuator_controller:/home/bartosz-babi-ski/Hexapod_git4/Hexapod/simulation/ros2_ws_hex/install/om_joint_trajectory_command_broadcaster:/home/bartosz-babi-ski/Hexapod_git4/Hexapod/simulation/ros2_ws_hex/install/om_gravity_compensation_controller:/home/bartosz-babi-ski/Hexapod_git4/Hexapod/simulation/ros2_ws_hex/install/hex_gz:/opt/ros/jazzy/opt/gz_launch_vendor:/opt/ros/jazzy/opt/gz_sim_vendor:/opt/ros/jazzy/opt/gz_sensors_vendor:/opt/ros/jazzy/opt/gz_physics_vendor:/opt/ros/jazzy/opt/sdformat_vendor:/opt/ros/jazzy/opt/gz_gui_vendor:/opt/ros/jazzy/opt/gz_transport_vendor:/opt/ros/jazzy/opt/gz_rendering_vendor:/opt/ros/jazzy/opt/gz_plugin_vendor:/opt/ros/jazzy/opt/gz_fuel_tools_vendor:/opt/ros/jazzy/opt/gz_msgs_vendor:/opt/ros/jazzy/opt/gz_common_vendor:/opt/ros/jazzy/opt/gz_math_vendor:/opt/ros/jazzy/opt/gz_utils_vendor:/opt/ros/jazzy/opt/gz_tools_vendor:/opt/ros/jazzy/opt/gz_ogre_next_vendor:/opt/ros/jazzy/opt/gz_dartsim_vendor:/opt/ros/jazzy/opt/gz_cmake_vendor:/opt/ros/jazzy DEBUGINFOD_URLS=https://debuginfod.ubuntu.com /usr/bin/cmake --build /home/bartosz-babi-ski/Hexapod_git4/Hexapod/simulation/ros2_ws_hex/build/hex_gz -- -j12 -l12
[0.420s] DEBUG:colcon.colcon_core.event_handler.log_command:Invoked command in '/home/bartosz-babi-ski/Hexapod_git4/Hexapod/simulation/ros2_ws_hex/build/om_joint_trajectory_command_broadcaster' returned '0': CMAKE_PREFIX_PATH=${CMAKE_PREFIX_PATH}:/opt/ros/jazzy DEBUGINFOD_URLS=https://debuginfod.ubuntu.com /usr/bin/cmake --build /home/bartosz-babi-ski/Hexapod_git4/Hexapod/simulation/ros2_ws_hex/build/om_joint_trajectory_command_broadcaster -- -j12 -l12
[0.421s] DEBUG:colcon.colcon_core.event_handler.log_command:Invoking command in '/home/bartosz-babi-ski/Hexapod_git4/Hexapod/simulation/ros2_ws_hex/build/om_joint_trajectory_command_broadcaster': CMAKE_PREFIX_PATH=${CMAKE_PREFIX_PATH}:/opt/ros/jazzy DEBUGINFOD_URLS=https://debuginfod.ubuntu.com /usr/bin/cmake --install /home/bartosz-babi-ski/Hexapod_git4/Hexapod/simulation/ros2_ws_hex/build/om_joint_trajectory_command_broadcaster
[0.423s] DEBUG:colcon.colcon_core.event_handler.log_command:Invoked command in '/home/bartosz-babi-ski/Hexapod_git4/Hexapod/simulation/ros2_ws_hex/build/om_spring_actuator_controller' returned '0': CMAKE_PREFIX_PATH=${CMAKE_PREFIX_PATH}:/opt/ros/jazzy DEBUGINFOD_URLS=https://debuginfod.ubuntu.com /usr/bin/cmake --build /home/bartosz-babi-ski/Hexapod_git4/Hexapod/simulation/ros2_ws_hex/build/om_spring_actuator_controller -- -j12 -l12
[0.424s] DEBUG:colcon.colcon_core.event_handler.log_command:Invoking command in '/home/bartosz-babi-ski/Hexapod_git4/Hexapod/simulation/ros2_ws_hex/build/om_spring_actuator_controller': CMAKE_PREFIX_PATH=${CMAKE_PREFIX_PATH}:/opt/ros/jazzy DEBUGINFOD_URLS=https://debuginfod.ubuntu.com /usr/bin/cmake --install /home/bartosz-babi-ski/Hexapod_git4/Hexapod/simulation/ros2_ws_hex/build/om_spring_actuator_controller
[0.429s] Level 1:colcon.colcon_core.environment:create_environment_scripts_only(om_gravity_compensation_controller)
[0.429s] Level 1:colcon.colcon_core.environment:checking '/home/bartosz-babi-ski/Hexapod_git4/Hexapod/simulation/ros2_ws_hex/install/om_gravity_compensation_controller' for CMake module files
[0.430s] DEBUG:colcon.colcon_core.event_handler.log_command:Invoked command in '/home/bartosz-babi-ski/Hexapod_git4/Hexapod/simulation/ros2_ws_hex/build/om_gravity_compensation_controller' returned '0': CMAKE_PREFIX_PATH=${CMAKE_PREFIX_PATH}:/opt/ros/jazzy DEBUGINFOD_URLS=https://debuginfod.ubuntu.com /usr/bin/cmake --install /home/bartosz-babi-ski/Hexapod_git4/Hexapod/simulation/ros2_ws_hex/build/om_gravity_compensation_controller
[0.433s] Level 1:colcon.colcon_core.environment:checking '/home/bartosz-babi-ski/Hexapod_git4/Hexapod/simulation/ros2_ws_hex/install/om_gravity_compensation_controller' for CMake config files
[0.438s] Level 1:colcon.colcon_core.shell:create_environment_hook('om_gravity_compensation_controller', 'cmake_prefix_path')
[0.438s] INFO:colcon.colcon_core.shell:Creating environment hook '/home/bartosz-babi-ski/Hexapod_git4/Hexapod/simulation/ros2_ws_hex/install/om_gravity_compensation_controller/share/om_gravity_compensation_controller/hook/cmake_prefix_path.ps1'
[0.439s] INFO:colcon.colcon_core.shell:Creating environment descriptor '/home/bartosz-babi-ski/Hexapod_git4/Hexapod/simulation/ros2_ws_hex/install/om_gravity_compensation_controller/share/om_gravity_compensation_controller/hook/cmake_prefix_path.dsv'
[0.439s] INFO:colcon.colcon_core.shell:Creating environment hook '/home/bartosz-babi-ski/Hexapod_git4/Hexapod/simulation/ros2_ws_hex/install/om_gravity_compensation_controller/share/om_gravity_compensation_controller/hook/cmake_prefix_path.sh'
[0.440s] Level 1:colcon.colcon_core.environment:checking '/home/bartosz-babi-ski/Hexapod_git4/Hexapod/simulation/ros2_ws_hex/install/om_gravity_compensation_controller/lib'
[0.440s] Level 1:colcon.colcon_core.shell:create_environment_hook('om_gravity_compensation_controller', 'ld_library_path_lib')
[0.440s] INFO:colcon.colcon_core.shell:Creating environment hook '/home/bartosz-babi-ski/Hexapod_git4/Hexapod/simulation/ros2_ws_hex/install/om_gravity_compensation_controller/share/om_gravity_compensation_controller/hook/ld_library_path_lib.ps1'
[0.441s] INFO:colcon.colcon_core.shell:Creating environment descriptor '/home/bartosz-babi-ski/Hexapod_git4/Hexapod/simulation/ros2_ws_hex/install/om_gravity_compensation_controller/share/om_gravity_compensation_controller/hook/ld_library_path_lib.dsv'
[0.441s] INFO:colcon.colcon_core.shell:Creating environment hook '/home/bartosz-babi-ski/Hexapod_git4/Hexapod/simulation/ros2_ws_hex/install/om_gravity_compensation_controller/share/om_gravity_compensation_controller/hook/ld_library_path_lib.sh'
[0.442s] Level 1:colcon.colcon_core.environment:checking '/home/bartosz-babi-ski/Hexapod_git4/Hexapod/simulation/ros2_ws_hex/install/om_gravity_compensation_controller/bin'
[0.442s] Level 1:colcon.colcon_core.environment:checking '/home/bartosz-babi-ski/Hexapod_git4/Hexapod/simulation/ros2_ws_hex/install/om_gravity_compensation_controller/lib/pkgconfig/om_gravity_compensation_controller.pc'
[0.442s] Level 1:colcon.colcon_core.environment:checking '/home/bartosz-babi-ski/Hexapod_git4/Hexapod/simulation/ros2_ws_hex/install/om_gravity_compensation_controller/lib/python3.12/site-packages'
[0.442s] Level 1:colcon.colcon_core.environment:checking '/home/bartosz-babi-ski/Hexapod_git4/Hexapod/simulation/ros2_ws_hex/install/om_gravity_compensation_controller/bin'
[0.443s] INFO:colcon.colcon_core.shell:Creating package script '/home/bartosz-babi-ski/Hexapod_git4/Hexapod/simulation/ros2_ws_hex/install/om_gravity_compensation_controller/share/om_gravity_compensation_controller/package.ps1'
[0.443s] INFO:colcon.colcon_core.shell:Creating package descriptor '/home/bartosz-babi-ski/Hexapod_git4/Hexapod/simulation/ros2_ws_hex/install/om_gravity_compensation_controller/share/om_gravity_compensation_controller/package.dsv'
[0.444s] INFO:colcon.colcon_core.shell:Creating package script '/home/bartosz-babi-ski/Hexapod_git4/Hexapod/simulation/ros2_ws_hex/install/om_gravity_compensation_controller/share/om_gravity_compensation_controller/package.sh'
[0.444s] INFO:colcon.colcon_core.shell:Creating package script '/home/bartosz-babi-ski/Hexapod_git4/Hexapod/simulation/ros2_ws_hex/install/om_gravity_compensation_controller/share/om_gravity_compensation_controller/package.bash'
[0.445s] INFO:colcon.colcon_core.shell:Creating package script '/home/bartosz-babi-ski/Hexapod_git4/Hexapod/simulation/ros2_ws_hex/install/om_gravity_compensation_controller/share/om_gravity_compensation_controller/package.zsh'
[0.445s] Level 1:colcon.colcon_core.environment:create_file_with_runtime_dependencies(/home/bartosz-babi-ski/Hexapod_git4/Hexapod/simulation/ros2_ws_hex/install/om_gravity_compensation_controller/share/colcon-core/packages/om_gravity_compensation_controller)
[0.446s] Level 1:colcon.colcon_core.environment:create_environment_scripts_only(om_gravity_compensation_controller)
[0.446s] Level 1:colcon.colcon_core.environment:checking '/home/bartosz-babi-ski/Hexapod_git4/Hexapod/simulation/ros2_ws_hex/install/om_gravity_compensation_controller' for CMake module files
[0.446s] Level 1:colcon.colcon_core.environment:checking '/home/bartosz-babi-ski/Hexapod_git4/Hexapod/simulation/ros2_ws_hex/install/om_gravity_compensation_controller' for CMake config files
[0.447s] Level 1:colcon.colcon_core.shell:create_environment_hook('om_gravity_compensation_controller', 'cmake_prefix_path')
[0.447s] INFO:colcon.colcon_core.shell:Creating environment hook '/home/bartosz-babi-ski/Hexapod_git4/Hexapod/simulation/ros2_ws_hex/install/om_gravity_compensation_controller/share/om_gravity_compensation_controller/hook/cmake_prefix_path.ps1'
[0.447s] INFO:colcon.colcon_core.shell:Creating environment descriptor '/home/bartosz-babi-ski/Hexapod_git4/Hexapod/simulation/ros2_ws_hex/install/om_gravity_compensation_controller/share/om_gravity_compensation_controller/hook/cmake_prefix_path.dsv'
[0.448s] INFO:colcon.colcon_core.shell:Creating environment hook '/home/bartosz-babi-ski/Hexapod_git4/Hexapod/simulation/ros2_ws_hex/install/om_gravity_compensation_controller/share/om_gravity_compensation_controller/hook/cmake_prefix_path.sh'
[0.448s] Level 1:colcon.colcon_core.environment:checking '/home/bartosz-babi-ski/Hexapod_git4/Hexapod/simulation/ros2_ws_hex/install/om_gravity_compensation_controller/lib'
[0.449s] Level 1:colcon.colcon_core.shell:create_environment_hook('om_gravity_compensation_controller', 'ld_library_path_lib')
[0.449s] INFO:colcon.colcon_core.shell:Creating environment hook '/home/bartosz-babi-ski/Hexapod_git4/Hexapod/simulation/ros2_ws_hex/install/om_gravity_compensation_controller/share/om_gravity_compensation_controller/hook/ld_library_path_lib.ps1'
[0.449s] INFO:colcon.colcon_core.shell:Creating environment descriptor '/home/bartosz-babi-ski/Hexapod_git4/Hexapod/simulation/ros2_ws_hex/install/om_gravity_compensation_controller/share/om_gravity_compensation_controller/hook/ld_library_path_lib.dsv'
[0.450s] INFO:colcon.colcon_core.shell:Creating environment hook '/home/bartosz-babi-ski/Hexapod_git4/Hexapod/simulation/ros2_ws_hex/install/om_gravity_compensation_controller/share/om_gravity_compensation_controller/hook/ld_library_path_lib.sh'
[0.450s] Level 1:colcon.colcon_core.environment:checking '/home/bartosz-babi-ski/Hexapod_git4/Hexapod/simulation/ros2_ws_hex/install/om_gravity_compensation_controller/bin'
[0.450s] Level 1:colcon.colcon_core.environment:checking '/home/bartosz-babi-ski/Hexapod_git4/Hexapod/simulation/ros2_ws_hex/install/om_gravity_compensation_controller/lib/pkgconfig/om_gravity_compensation_controller.pc'
[0.450s] Level 1:colcon.colcon_core.environment:checking '/home/bartosz-babi-ski/Hexapod_git4/Hexapod/simulation/ros2_ws_hex/install/om_gravity_compensation_controller/lib/python3.12/site-packages'
[0.451s] Level 1:colcon.colcon_core.environment:checking '/home/bartosz-babi-ski/Hexapod_git4/Hexapod/simulation/ros2_ws_hex/install/om_gravity_compensation_controller/bin'
[0.451s] INFO:colcon.colcon_core.shell:Creating package script '/home/bartosz-babi-ski/Hexapod_git4/Hexapod/simulation/ros2_ws_hex/install/om_gravity_compensation_controller/share/om_gravity_compensation_controller/package.ps1'
[0.451s] INFO:colcon.colcon_core.shell:Creating package descriptor '/home/bartosz-babi-ski/Hexapod_git4/Hexapod/simulation/ros2_ws_hex/install/om_gravity_compensation_controller/share/om_gravity_compensation_controller/package.dsv'
[0.452s] INFO:colcon.colcon_core.shell:Creating package script '/home/bartosz-babi-ski/Hexapod_git4/Hexapod/simulation/ros2_ws_hex/install/om_gravity_compensation_controller/share/om_gravity_compensation_controller/package.sh'
[0.452s] INFO:colcon.colcon_core.shell:Creating package script '/home/bartosz-babi-ski/Hexapod_git4/Hexapod/simulation/ros2_ws_hex/install/om_gravity_compensation_controller/share/om_gravity_compensation_controller/package.bash'
[0.453s] INFO:colcon.colcon_core.shell:Creating package script '/home/bartosz-babi-ski/Hexapod_git4/Hexapod/simulation/ros2_ws_hex/install/om_gravity_compensation_controller/share/om_gravity_compensation_controller/package.zsh'
[0.453s] Level 1:colcon.colcon_core.environment:create_file_with_runtime_dependencies(/home/bartosz-babi-ski/Hexapod_git4/Hexapod/simulation/ros2_ws_hex/install/om_gravity_compensation_controller/share/colcon-core/packages/om_gravity_compensation_controller)
[0.455s] Level 1:colcon.colcon_core.environment:create_environment_scripts_only(om_joint_trajectory_command_broadcaster)
[0.455s] Level 1:colcon.colcon_core.environment:checking '/home/bartosz-babi-ski/Hexapod_git4/Hexapod/simulation/ros2_ws_hex/install/om_joint_trajectory_command_broadcaster' for CMake module files
[0.456s] DEBUG:colcon.colcon_core.event_handler.log_command:Invoked command in '/home/bartosz-babi-ski/Hexapod_git4/Hexapod/simulation/ros2_ws_hex/build/om_joint_trajectory_command_broadcaster' returned '0': CMAKE_PREFIX_PATH=${CMAKE_PREFIX_PATH}:/opt/ros/jazzy DEBUGINFOD_URLS=https://debuginfod.ubuntu.com /usr/bin/cmake --install /home/bartosz-babi-ski/Hexapod_git4/Hexapod/simulation/ros2_ws_hex/build/om_joint_trajectory_command_broadcaster
[0.456s] Level 1:colcon.colcon_core.environment:checking '/home/bartosz-babi-ski/Hexapod_git4/Hexapod/simulation/ros2_ws_hex/install/om_joint_trajectory_command_broadcaster' for CMake config files
[0.457s] Level 1:colcon.colcon_core.shell:create_environment_hook('om_joint_trajectory_command_broadcaster', 'cmake_prefix_path')
[0.457s] INFO:colcon.colcon_core.shell:Creating environment hook '/home/bartosz-babi-ski/Hexapod_git4/Hexapod/simulation/ros2_ws_hex/install/om_joint_trajectory_command_broadcaster/share/om_joint_trajectory_command_broadcaster/hook/cmake_prefix_path.ps1'
[0.457s] INFO:colcon.colcon_core.shell:Creating environment descriptor '/home/bartosz-babi-ski/Hexapod_git4/Hexapod/simulation/ros2_ws_hex/install/om_joint_trajectory_command_broadcaster/share/om_joint_trajectory_command_broadcaster/hook/cmake_prefix_path.dsv'
[0.458s] INFO:colcon.colcon_core.shell:Creating environment hook '/home/bartosz-babi-ski/Hexapod_git4/Hexapod/simulation/ros2_ws_hex/install/om_joint_trajectory_command_broadcaster/share/om_joint_trajectory_command_broadcaster/hook/cmake_prefix_path.sh'
[0.458s] Level 1:colcon.colcon_core.environment:checking '/home/bartosz-babi-ski/Hexapod_git4/Hexapod/simulation/ros2_ws_hex/install/om_joint_trajectory_command_broadcaster/lib'
[0.458s] Level 1:colcon.colcon_core.shell:create_environment_hook('om_joint_trajectory_command_broadcaster', 'ld_library_path_lib')
[0.458s] INFO:colcon.colcon_core.shell:Creating environment hook '/home/bartosz-babi-ski/Hexapod_git4/Hexapod/simulation/ros2_ws_hex/install/om_joint_trajectory_command_broadcaster/share/om_joint_trajectory_command_broadcaster/hook/ld_library_path_lib.ps1'
[0.459s] INFO:colcon.colcon_core.shell:Creating environment descriptor '/home/bartosz-babi-ski/Hexapod_git4/Hexapod/simulation/ros2_ws_hex/install/om_joint_trajectory_command_broadcaster/share/om_joint_trajectory_command_broadcaster/hook/ld_library_path_lib.dsv'
[0.459s] INFO:colcon.colcon_core.shell:Creating environment hook '/home/bartosz-babi-ski/Hexapod_git4/Hexapod/simulation/ros2_ws_hex/install/om_joint_trajectory_command_broadcaster/share/om_joint_trajectory_command_broadcaster/hook/ld_library_path_lib.sh'
[0.459s] Level 1:colcon.colcon_core.environment:checking '/home/bartosz-babi-ski/Hexapod_git4/Hexapod/simulation/ros2_ws_hex/install/om_joint_trajectory_command_broadcaster/bin'
[0.459s] Level 1:colcon.colcon_core.environment:checking '/home/bartosz-babi-ski/Hexapod_git4/Hexapod/simulation/ros2_ws_hex/install/om_joint_trajectory_command_broadcaster/lib/pkgconfig/om_joint_trajectory_command_broadcaster.pc'
[0.460s] Level 1:colcon.colcon_core.environment:checking '/home/bartosz-babi-ski/Hexapod_git4/Hexapod/simulation/ros2_ws_hex/install/om_joint_trajectory_command_broadcaster/lib/python3.12/site-packages'
[0.460s] Level 1:colcon.colcon_core.environment:checking '/home/bartosz-babi-ski/Hexapod_git4/Hexapod/simulation/ros2_ws_hex/install/om_joint_trajectory_command_broadcaster/bin'
[0.460s] INFO:colcon.colcon_core.shell:Creating package script '/home/bartosz-babi-ski/Hexapod_git4/Hexapod/simulation/ros2_ws_hex/install/om_joint_trajectory_command_broadcaster/share/om_joint_trajectory_command_broadcaster/package.ps1'
[0.461s] INFO:colcon.colcon_core.shell:Creating package descriptor '/home/bartosz-babi-ski/Hexapod_git4/Hexapod/simulation/ros2_ws_hex/install/om_joint_trajectory_command_broadcaster/share/om_joint_trajectory_command_broadcaster/package.dsv'
[0.461s] INFO:colcon.colcon_core.shell:Creating package script '/home/bartosz-babi-ski/Hexapod_git4/Hexapod/simulation/ros2_ws_hex/install/om_joint_trajectory_command_broadcaster/share/om_joint_trajectory_command_broadcaster/package.sh'
[0.461s] INFO:colcon.colcon_core.shell:Creating package script '/home/bartosz-babi-ski/Hexapod_git4/Hexapod/simulation/ros2_ws_hex/install/om_joint_trajectory_command_broadcaster/share/om_joint_trajectory_command_broadcaster/package.bash'
[0.462s] INFO:colcon.colcon_core.shell:Creating package script '/home/bartosz-babi-ski/Hexapod_git4/Hexapod/simulation/ros2_ws_hex/install/om_joint_trajectory_command_broadcaster/share/om_joint_trajectory_command_broadcaster/package.zsh'
[0.462s] Level 1:colcon.colcon_core.environment:create_file_with_runtime_dependencies(/home/bartosz-babi-ski/Hexapod_git4/Hexapod/simulation/ros2_ws_hex/install/om_joint_trajectory_command_broadcaster/share/colcon-core/packages/om_joint_trajectory_command_broadcaster)
[0.463s] Level 1:colcon.colcon_core.environment:create_environment_scripts_only(om_joint_trajectory_command_broadcaster)
[0.463s] Level 1:colcon.colcon_core.environment:checking '/home/bartosz-babi-ski/Hexapod_git4/Hexapod/simulation/ros2_ws_hex/install/om_joint_trajectory_command_broadcaster' for CMake module files
[0.463s] Level 1:colcon.colcon_core.environment:checking '/home/bartosz-babi-ski/Hexapod_git4/Hexapod/simulation/ros2_ws_hex/install/om_joint_trajectory_command_broadcaster' for CMake config files
[0.463s] Level 1:colcon.colcon_core.shell:create_environment_hook('om_joint_trajectory_command_broadcaster', 'cmake_prefix_path')
[0.464s] INFO:colcon.colcon_core.shell:Creating environment hook '/home/bartosz-babi-ski/Hexapod_git4/Hexapod/simulation/ros2_ws_hex/install/om_joint_trajectory_command_broadcaster/share/om_joint_trajectory_command_broadcaster/hook/cmake_prefix_path.ps1'
[0.464s] INFO:colcon.colcon_core.shell:Creating environment descriptor '/home/bartosz-babi-ski/Hexapod_git4/Hexapod/simulation/ros2_ws_hex/install/om_joint_trajectory_command_broadcaster/share/om_joint_trajectory_command_broadcaster/hook/cmake_prefix_path.dsv'
[0.464s] INFO:colcon.colcon_core.shell:Creating environment hook '/home/bartosz-babi-ski/Hexapod_git4/Hexapod/simulation/ros2_ws_hex/install/om_joint_trajectory_command_broadcaster/share/om_joint_trajectory_command_broadcaster/hook/cmake_prefix_path.sh'
[0.465s] Level 1:colcon.colcon_core.environment:checking '/home/bartosz-babi-ski/Hexapod_git4/Hexapod/simulation/ros2_ws_hex/install/om_joint_trajectory_command_broadcaster/lib'
[0.465s] Level 1:colcon.colcon_core.shell:create_environment_hook('om_joint_trajectory_command_broadcaster', 'ld_library_path_lib')
[0.465s] INFO:colcon.colcon_core.shell:Creating environment hook '/home/bartosz-babi-ski/Hexapod_git4/Hexapod/simulation/ros2_ws_hex/install/om_joint_trajectory_command_broadcaster/share/om_joint_trajectory_command_broadcaster/hook/ld_library_path_lib.ps1'
[0.465s] INFO:colcon.colcon_core.shell:Creating environment descriptor '/home/bartosz-babi-ski/Hexapod_git4/Hexapod/simulation/ros2_ws_hex/install/om_joint_trajectory_command_broadcaster/share/om_joint_trajectory_command_broadcaster/hook/ld_library_path_lib.dsv'
[0.466s] INFO:colcon.colcon_core.shell:Creating environment hook '/home/bartosz-babi-ski/Hexapod_git4/Hexapod/simulation/ros2_ws_hex/install/om_joint_trajectory_command_broadcaster/share/om_joint_trajectory_command_broadcaster/hook/ld_library_path_lib.sh'
[0.466s] Level 1:colcon.colcon_core.environment:checking '/home/bartosz-babi-ski/Hexapod_git4/Hexapod/simulation/ros2_ws_hex/install/om_joint_trajectory_command_broadcaster/bin'
[0.466s] Level 1:colcon.colcon_core.environment:checking '/home/bartosz-babi-ski/Hexapod_git4/Hexapod/simulation/ros2_ws_hex/install/om_joint_trajectory_command_broadcaster/lib/pkgconfig/om_joint_trajectory_command_broadcaster.pc'
[0.466s] Level 1:colcon.colcon_core.environment:checking '/home/bartosz-babi-ski/Hexapod_git4/Hexapod/simulation/ros2_ws_hex/install/om_joint_trajectory_command_broadcaster/lib/python3.12/site-packages'
[0.466s] Level 1:colcon.colcon_core.environment:checking '/home/bartosz-babi-ski/Hexapod_git4/Hexapod/simulation/ros2_ws_hex/install/om_joint_trajectory_command_broadcaster/bin'
[0.466s] INFO:colcon.colcon_core.shell:Creating package script '/home/bartosz-babi-ski/Hexapod_git4/Hexapod/simulation/ros2_ws_hex/install/om_joint_trajectory_command_broadcaster/share/om_joint_trajectory_command_broadcaster/package.ps1'
[0.467s] INFO:colcon.colcon_core.shell:Creating package descriptor '/home/bartosz-babi-ski/Hexapod_git4/Hexapod/simulation/ros2_ws_hex/install/om_joint_trajectory_command_broadcaster/share/om_joint_trajectory_command_broadcaster/package.dsv'
[0.468s] INFO:colcon.colcon_core.shell:Creating package script '/home/bartosz-babi-ski/Hexapod_git4/Hexapod/simulation/ros2_ws_hex/install/om_joint_trajectory_command_broadcaster/share/om_joint_trajectory_command_broadcaster/package.sh'
[0.469s] INFO:colcon.colcon_core.shell:Creating package script '/home/bartosz-babi-ski/Hexapod_git4/Hexapod/simulation/ros2_ws_hex/install/om_joint_trajectory_command_broadcaster/share/om_joint_trajectory_command_broadcaster/package.bash'
[0.469s] INFO:colcon.colcon_core.shell:Creating package script '/home/bartosz-babi-ski/Hexapod_git4/Hexapod/simulation/ros2_ws_hex/install/om_joint_trajectory_command_broadcaster/share/om_joint_trajectory_command_broadcaster/package.zsh'
[0.469s] Level 1:colcon.colcon_core.environment:create_file_with_runtime_dependencies(/home/bartosz-babi-ski/Hexapod_git4/Hexapod/simulation/ros2_ws_hex/install/om_joint_trajectory_command_broadcaster/share/colcon-core/packages/om_joint_trajectory_command_broadcaster)
[0.470s] Level 1:colcon.colcon_core.environment:create_environment_scripts_only(om_spring_actuator_controller)
[0.470s] Level 1:colcon.colcon_core.environment:checking '/home/bartosz-babi-ski/Hexapod_git4/Hexapod/simulation/ros2_ws_hex/install/om_spring_actuator_controller' for CMake module files
[0.471s] DEBUG:colcon.colcon_core.event_handler.log_command:Invoked command in '/home/bartosz-babi-ski/Hexapod_git4/Hexapod/simulation/ros2_ws_hex/build/om_spring_actuator_controller' returned '0': CMAKE_PREFIX_PATH=${CMAKE_PREFIX_PATH}:/opt/ros/jazzy DEBUGINFOD_URLS=https://debuginfod.ubuntu.com /usr/bin/cmake --install /home/bartosz-babi-ski/Hexapod_git4/Hexapod/simulation/ros2_ws_hex/build/om_spring_actuator_controller
[0.471s] Level 1:colcon.colcon_core.environment:checking '/home/bartosz-babi-ski/Hexapod_git4/Hexapod/simulation/ros2_ws_hex/install/om_spring_actuator_controller' for CMake config files
[0.471s] Level 1:colcon.colcon_core.shell:create_environment_hook('om_spring_actuator_controller', 'cmake_prefix_path')
[0.471s] INFO:colcon.colcon_core.shell:Creating environment hook '/home/bartosz-babi-ski/Hexapod_git4/Hexapod/simulation/ros2_ws_hex/install/om_spring_actuator_controller/share/om_spring_actuator_controller/hook/cmake_prefix_path.ps1'
[0.472s] INFO:colcon.colcon_core.shell:Creating environment descriptor '/home/bartosz-babi-ski/Hexapod_git4/Hexapod/simulation/ros2_ws_hex/install/om_spring_actuator_controller/share/om_spring_actuator_controller/hook/cmake_prefix_path.dsv'
[0.472s] INFO:colcon.colcon_core.shell:Creating environment hook '/home/bartosz-babi-ski/Hexapod_git4/Hexapod/simulation/ros2_ws_hex/install/om_spring_actuator_controller/share/om_spring_actuator_controller/hook/cmake_prefix_path.sh'
[0.472s] Level 1:colcon.colcon_core.environment:checking '/home/bartosz-babi-ski/Hexapod_git4/Hexapod/simulation/ros2_ws_hex/install/om_spring_actuator_controller/lib'
[0.472s] Level 1:colcon.colcon_core.shell:create_environment_hook('om_spring_actuator_controller', 'ld_library_path_lib')
[0.473s] INFO:colcon.colcon_core.shell:Creating environment hook '/home/bartosz-babi-ski/Hexapod_git4/Hexapod/simulation/ros2_ws_hex/install/om_spring_actuator_controller/share/om_spring_actuator_controller/hook/ld_library_path_lib.ps1'
[0.473s] INFO:colcon.colcon_core.shell:Creating environment descriptor '/home/bartosz-babi-ski/Hexapod_git4/Hexapod/simulation/ros2_ws_hex/install/om_spring_actuator_controller/share/om_spring_actuator_controller/hook/ld_library_path_lib.dsv'
[0.473s] INFO:colcon.colcon_core.shell:Creating environment hook '/home/bartosz-babi-ski/Hexapod_git4/Hexapod/simulation/ros2_ws_hex/install/om_spring_actuator_controller/share/om_spring_actuator_controller/hook/ld_library_path_lib.sh'
[0.473s] Level 1:colcon.colcon_core.environment:checking '/home/bartosz-babi-ski/Hexapod_git4/Hexapod/simulation/ros2_ws_hex/install/om_spring_actuator_controller/bin'
[0.473s] Level 1:colcon.colcon_core.environment:checking '/home/bartosz-babi-ski/Hexapod_git4/Hexapod/simulation/ros2_ws_hex/install/om_spring_actuator_controller/lib/pkgconfig/om_spring_actuator_controller.pc'
[0.474s] Level 1:colcon.colcon_core.environment:checking '/home/bartosz-babi-ski/Hexapod_git4/Hexapod/simulation/ros2_ws_hex/install/om_spring_actuator_controller/lib/python3.12/site-packages'
[0.474s] Level 1:colcon.colcon_core.environment:checking '/home/bartosz-babi-ski/Hexapod_git4/Hexapod/simulation/ros2_ws_hex/install/om_spring_actuator_controller/bin'
[0.474s] INFO:colcon.colcon_core.shell:Creating package script '/home/bartosz-babi-ski/Hexapod_git4/Hexapod/simulation/ros2_ws_hex/install/om_spring_actuator_controller/share/om_spring_actuator_controller/package.ps1'
[0.474s] INFO:colcon.colcon_core.shell:Creating package descriptor '/home/bartosz-babi-ski/Hexapod_git4/Hexapod/simulation/ros2_ws_hex/install/om_spring_actuator_controller/share/om_spring_actuator_controller/package.dsv'
[0.475s] INFO:colcon.colcon_core.shell:Creating package script '/home/bartosz-babi-ski/Hexapod_git4/Hexapod/simulation/ros2_ws_hex/install/om_spring_actuator_controller/share/om_spring_actuator_controller/package.sh'
[0.475s] INFO:colcon.colcon_core.shell:Creating package script '/home/bartosz-babi-ski/Hexapod_git4/Hexapod/simulation/ros2_ws_hex/install/om_spring_actuator_controller/share/om_spring_actuator_controller/package.bash'
[0.476s] INFO:colcon.colcon_core.shell:Creating package script '/home/bartosz-babi-ski/Hexapod_git4/Hexapod/simulation/ros2_ws_hex/install/om_spring_actuator_controller/share/om_spring_actuator_controller/package.zsh'
[0.476s] Level 1:colcon.colcon_core.environment:create_file_with_runtime_dependencies(/home/bartosz-babi-ski/Hexapod_git4/Hexapod/simulation/ros2_ws_hex/install/om_spring_actuator_controller/share/colcon-core/packages/om_spring_actuator_controller)
[0.476s] Level 1:colcon.colcon_core.environment:create_environment_scripts_only(om_spring_actuator_controller)
[0.476s] Level 1:colcon.colcon_core.environment:checking '/home/bartosz-babi-ski/Hexapod_git4/Hexapod/simulation/ros2_ws_hex/install/om_spring_actuator_controller' for CMake module files
[0.477s] Level 1:colcon.colcon_core.environment:checking '/home/bartosz-babi-ski/Hexapod_git4/Hexapod/simulation/ros2_ws_hex/install/om_spring_actuator_controller' for CMake config files
[0.477s] Level 1:colcon.colcon_core.shell:create_environment_hook('om_spring_actuator_controller', 'cmake_prefix_path')
[0.477s] INFO:colcon.colcon_core.shell:Creating environment hook '/home/bartosz-babi-ski/Hexapod_git4/Hexapod/simulation/ros2_ws_hex/install/om_spring_actuator_controller/share/om_spring_actuator_controller/hook/cmake_prefix_path.ps1'
[0.477s] INFO:colcon.colcon_core.shell:Creating environment descriptor '/home/bartosz-babi-ski/Hexapod_git4/Hexapod/simulation/ros2_ws_hex/install/om_spring_actuator_controller/share/om_spring_actuator_controller/hook/cmake_prefix_path.dsv'
[0.478s] INFO:colcon.colcon_core.shell:Creating environment hook '/home/bartosz-babi-ski/Hexapod_git4/Hexapod/simulation/ros2_ws_hex/install/om_spring_actuator_controller/share/om_spring_actuator_controller/hook/cmake_prefix_path.sh'
[0.478s] Level 1:colcon.colcon_core.environment:checking '/home/bartosz-babi-ski/Hexapod_git4/Hexapod/simulation/ros2_ws_hex/install/om_spring_actuator_controller/lib'
[0.478s] Level 1:colcon.colcon_core.shell:create_environment_hook('om_spring_actuator_controller', 'ld_library_path_lib')
[0.479s] INFO:colcon.colcon_core.shell:Creating environment hook '/home/bartosz-babi-ski/Hexapod_git4/Hexapod/simulation/ros2_ws_hex/install/om_spring_actuator_controller/share/om_spring_actuator_controller/hook/ld_library_path_lib.ps1'
[0.479s] INFO:colcon.colcon_core.shell:Creating environment descriptor '/home/bartosz-babi-ski/Hexapod_git4/Hexapod/simulation/ros2_ws_hex/install/om_spring_actuator_controller/share/om_spring_actuator_controller/hook/ld_library_path_lib.dsv'
[0.479s] INFO:colcon.colcon_core.shell:Creating environment hook '/home/bartosz-babi-ski/Hexapod_git4/Hexapod/simulation/ros2_ws_hex/install/om_spring_actuator_controller/share/om_spring_actuator_controller/hook/ld_library_path_lib.sh'
[0.479s] Level 1:colcon.colcon_core.environment:checking '/home/bartosz-babi-ski/Hexapod_git4/Hexapod/simulation/ros2_ws_hex/install/om_spring_actuator_controller/bin'
[0.480s] Level 1:colcon.colcon_core.environment:checking '/home/bartosz-babi-ski/Hexapod_git4/Hexapod/simulation/ros2_ws_hex/install/om_spring_actuator_controller/lib/pkgconfig/om_spring_actuator_controller.pc'
[0.480s] Level 1:colcon.colcon_core.environment:checking '/home/bartosz-babi-ski/Hexapod_git4/Hexapod/simulation/ros2_ws_hex/install/om_spring_actuator_controller/lib/python3.12/site-packages'
[0.480s] Level 1:colcon.colcon_core.environment:checking '/home/bartosz-babi-ski/Hexapod_git4/Hexapod/simulation/ros2_ws_hex/install/om_spring_actuator_controller/bin'
[0.480s] INFO:colcon.colcon_core.shell:Creating package script '/home/bartosz-babi-ski/Hexapod_git4/Hexapod/simulation/ros2_ws_hex/install/om_spring_actuator_controller/share/om_spring_actuator_controller/package.ps1'
[0.481s] INFO:colcon.colcon_core.shell:Creating package descriptor '/home/bartosz-babi-ski/Hexapod_git4/Hexapod/simulation/ros2_ws_hex/install/om_spring_actuator_controller/share/om_spring_actuator_controller/package.dsv'
[0.481s] INFO:colcon.colcon_core.shell:Creating package script '/home/bartosz-babi-ski/Hexapod_git4/Hexapod/simulation/ros2_ws_hex/install/om_spring_actuator_controller/share/om_spring_actuator_controller/package.sh'
[0.482s] INFO:colcon.colcon_core.shell:Creating package script '/home/bartosz-babi-ski/Hexapod_git4/Hexapod/simulation/ros2_ws_hex/install/om_spring_actuator_controller/share/om_spring_actuator_controller/package.bash'
[0.483s] INFO:colcon.colcon_core.shell:Creating package script '/home/bartosz-babi-ski/Hexapod_git4/Hexapod/simulation/ros2_ws_hex/install/om_spring_actuator_controller/share/om_spring_actuator_controller/package.zsh'
[0.483s] Level 1:colcon.colcon_core.environment:create_file_with_runtime_dependencies(/home/bartosz-babi-ski/Hexapod_git4/Hexapod/simulation/ros2_ws_hex/install/om_spring_actuator_controller/share/colcon-core/packages/om_spring_actuator_controller)
[0.484s] DEBUG:colcon.colcon_core.event_handler.log_command:Invoked command in '/home/bartosz-babi-ski/Hexapod_git4/Hexapod/simulation/ros2_ws_hex/build/hex_gz' returned '0': CMAKE_PREFIX_PATH=/home/bartosz-babi-ski/Hexapod_git4/Hexapod/simulation/ros2_ws_hex/install/hexapod_description:/home/bartosz-babi-ski/Hexapod_git4/Hexapod/simulation/ros2_ws_hex/install/hexapod:/home/bartosz-babi-ski/Hexapod_git4/Hexapod/simulation/ros2_ws_hex/install/om_spring_actuator_controller:/home/bartosz-babi-ski/Hexapod_git4/Hexapod/simulation/ros2_ws_hex/install/om_joint_trajectory_command_broadcaster:/home/bartosz-babi-ski/Hexapod_git4/Hexapod/simulation/ros2_ws_hex/install/om_gravity_compensation_controller:/home/bartosz-babi-ski/Hexapod_git4/Hexapod/simulation/ros2_ws_hex/install/hex_gz:/opt/ros/jazzy/opt/gz_launch_vendor:/opt/ros/jazzy/opt/gz_sim_vendor:/opt/ros/jazzy/opt/gz_sensors_vendor:/opt/ros/jazzy/opt/gz_physics_vendor:/opt/ros/jazzy/opt/sdformat_vendor:/opt/ros/jazzy/opt/gz_gui_vendor:/opt/ros/jazzy/opt/gz_transport_vendor:/opt/ros/jazzy/opt/gz_rendering_vendor:/opt/ros/jazzy/opt/gz_plugin_vendor:/opt/ros/jazzy/opt/gz_fuel_tools_vendor:/opt/ros/jazzy/opt/gz_msgs_vendor:/opt/ros/jazzy/opt/gz_common_vendor:/opt/ros/jazzy/opt/gz_math_vendor:/opt/ros/jazzy/opt/gz_utils_vendor:/opt/ros/jazzy/opt/gz_tools_vendor:/opt/ros/jazzy/opt/gz_ogre_next_vendor:/opt/ros/jazzy/opt/gz_dartsim_vendor:/opt/ros/jazzy/opt/gz_cmake_vendor:/opt/ros/jazzy DEBUGINFOD_URLS=https://debuginfod.ubuntu.com /usr/bin/cmake --build /home/bartosz-babi-ski/Hexapod_git4/Hexapod/simulation/ros2_ws_hex/build/hex_gz -- -j12 -l12
[0.485s] DEBUG:colcon.colcon_core.event_handler.log_command:Invoking command in '/home/bartosz-babi-ski/Hexapod_git4/Hexapod/simulation/ros2_ws_hex/build/hex_gz': CMAKE_PREFIX_PATH=/home/bartosz-babi-ski/Hexapod_git4/Hexapod/simulation/ros2_ws_hex/install/hexapod_description:/home/bartosz-babi-ski/Hexapod_git4/Hexapod/simulation/ros2_ws_hex/install/hexapod:/home/bartosz-babi-ski/Hexapod_git4/Hexapod/simulation/ros2_ws_hex/install/om_spring_actuator_controller:/home/bartosz-babi-ski/Hexapod_git4/Hexapod/simulation/ros2_ws_hex/install/om_joint_trajectory_command_broadcaster:/home/bartosz-babi-ski/Hexapod_git4/Hexapod/simulation/ros2_ws_hex/install/om_gravity_compensation_controller:/home/bartosz-babi-ski/Hexapod_git4/Hexapod/simulation/ros2_ws_hex/install/hex_gz:/opt/ros/jazzy/opt/gz_launch_vendor:/opt/ros/jazzy/opt/gz_sim_vendor:/opt/ros/jazzy/opt/gz_sensors_vendor:/opt/ros/jazzy/opt/gz_physics_vendor:/opt/ros/jazzy/opt/sdformat_vendor:/opt/ros/jazzy/opt/gz_gui_vendor:/opt/ros/jazzy/opt/gz_transport_vendor:/opt/ros/jazzy/opt/gz_rendering_vendor:/opt/ros/jazzy/opt/gz_plugin_vendor:/opt/ros/jazzy/opt/gz_fuel_tools_vendor:/opt/ros/jazzy/opt/gz_msgs_vendor:/opt/ros/jazzy/opt/gz_common_vendor:/opt/ros/jazzy/opt/gz_math_vendor:/opt/ros/jazzy/opt/gz_utils_vendor:/opt/ros/jazzy/opt/gz_tools_vendor:/opt/ros/jazzy/opt/gz_ogre_next_vendor:/opt/ros/jazzy/opt/gz_dartsim_vendor:/opt/ros/jazzy/opt/gz_cmake_vendor:/opt/ros/jazzy DEBUGINFOD_URLS=https://debuginfod.ubuntu.com /usr/bin/cmake --install /home/bartosz-babi-ski/Hexapod_git4/Hexapod/simulation/ros2_ws_hex/build/hex_gz
[0.498s] Level 1:colcon.colcon_core.environment:create_environment_scripts_only(hex_gz)
[0.498s] Level 1:colcon.colcon_core.environment:checking '/home/bartosz-babi-ski/Hexapod_git4/Hexapod/simulation/ros2_ws_hex/install/hex_gz' for CMake module files
[0.499s] DEBUG:colcon.colcon_core.event_handler.log_command:Invoked command in '/home/bartosz-babi-ski/Hexapod_git4/Hexapod/simulation/ros2_ws_hex/build/hex_gz' returned '0': CMAKE_PREFIX_PATH=/home/bartosz-babi-ski/Hexapod_git4/Hexapod/simulation/ros2_ws_hex/install/hexapod_description:/home/bartosz-babi-ski/Hexapod_git4/Hexapod/simulation/ros2_ws_hex/install/hexapod:/home/bartosz-babi-ski/Hexapod_git4/Hexapod/simulation/ros2_ws_hex/install/om_spring_actuator_controller:/home/bartosz-babi-ski/Hexapod_git4/Hexapod/simulation/ros2_ws_hex/install/om_joint_trajectory_command_broadcaster:/home/bartosz-babi-ski/Hexapod_git4/Hexapod/simulation/ros2_ws_hex/install/om_gravity_compensation_controller:/home/bartosz-babi-ski/Hexapod_git4/Hexapod/simulation/ros2_ws_hex/install/hex_gz:/opt/ros/jazzy/opt/gz_launch_vendor:/opt/ros/jazzy/opt/gz_sim_vendor:/opt/ros/jazzy/opt/gz_sensors_vendor:/opt/ros/jazzy/opt/gz_physics_vendor:/opt/ros/jazzy/opt/sdformat_vendor:/opt/ros/jazzy/opt/gz_gui_vendor:/opt/ros/jazzy/opt/gz_transport_vendor:/opt/ros/jazzy/opt/gz_rendering_vendor:/opt/ros/jazzy/opt/gz_plugin_vendor:/opt/ros/jazzy/opt/gz_fuel_tools_vendor:/opt/ros/jazzy/opt/gz_msgs_vendor:/opt/ros/jazzy/opt/gz_common_vendor:/opt/ros/jazzy/opt/gz_math_vendor:/opt/ros/jazzy/opt/gz_utils_vendor:/opt/ros/jazzy/opt/gz_tools_vendor:/opt/ros/jazzy/opt/gz_ogre_next_vendor:/opt/ros/jazzy/opt/gz_dartsim_vendor:/opt/ros/jazzy/opt/gz_cmake_vendor:/opt/ros/jazzy DEBUGINFOD_URLS=https://debuginfod.ubuntu.com /usr/bin/cmake --install /home/bartosz-babi-ski/Hexapod_git4/Hexapod/simulation/ros2_ws_hex/build/hex_gz
[0.499s] Level 1:colcon.colcon_core.environment:checking '/home/bartosz-babi-ski/Hexapod_git4/Hexapod/simulation/ros2_ws_hex/install/hex_gz' for CMake config files
[0.499s] Level 1:colcon.colcon_core.shell:create_environment_hook('hex_gz', 'cmake_prefix_path')
[0.499s] INFO:colcon.colcon_core.shell:Creating environment hook '/home/bartosz-babi-ski/Hexapod_git4/Hexapod/simulation/ros2_ws_hex/install/hex_gz/share/hex_gz/hook/cmake_prefix_path.ps1'
[0.500s] INFO:colcon.colcon_core.shell:Creating environment descriptor '/home/bartosz-babi-ski/Hexapod_git4/Hexapod/simulation/ros2_ws_hex/install/hex_gz/share/hex_gz/hook/cmake_prefix_path.dsv'
[0.500s] INFO:colcon.colcon_core.shell:Creating environment hook '/home/bartosz-babi-ski/Hexapod_git4/Hexapod/simulation/ros2_ws_hex/install/hex_gz/share/hex_gz/hook/cmake_prefix_path.sh'
[0.501s] Level 1:colcon.colcon_core.environment:checking '/home/bartosz-babi-ski/Hexapod_git4/Hexapod/simulation/ros2_ws_hex/install/hex_gz/lib'
[0.501s] Level 1:colcon.colcon_core.environment:checking '/home/bartosz-babi-ski/Hexapod_git4/Hexapod/simulation/ros2_ws_hex/install/hex_gz/bin'
[0.501s] Level 1:colcon.colcon_core.environment:checking '/home/bartosz-babi-ski/Hexapod_git4/Hexapod/simulation/ros2_ws_hex/install/hex_gz/lib/pkgconfig/hex_gz.pc'
[0.501s] Level 1:colcon.colcon_core.environment:checking '/home/bartosz-babi-ski/Hexapod_git4/Hexapod/simulation/ros2_ws_hex/install/hex_gz/lib/python3.12/site-packages'
[0.501s] Level 1:colcon.colcon_core.environment:checking '/home/bartosz-babi-ski/Hexapod_git4/Hexapod/simulation/ros2_ws_hex/install/hex_gz/bin'
[0.501s] INFO:colcon.colcon_core.shell:Creating package script '/home/bartosz-babi-ski/Hexapod_git4/Hexapod/simulation/ros2_ws_hex/install/hex_gz/share/hex_gz/package.ps1'
[0.502s] INFO:colcon.colcon_core.shell:Creating package descriptor '/home/bartosz-babi-ski/Hexapod_git4/Hexapod/simulation/ros2_ws_hex/install/hex_gz/share/hex_gz/package.dsv'
[0.502s] INFO:colcon.colcon_core.shell:Creating package script '/home/bartosz-babi-ski/Hexapod_git4/Hexapod/simulation/ros2_ws_hex/install/hex_gz/share/hex_gz/package.sh'
[0.502s] INFO:colcon.colcon_core.shell:Creating package script '/home/bartosz-babi-ski/Hexapod_git4/Hexapod/simulation/ros2_ws_hex/install/hex_gz/share/hex_gz/package.bash'
[0.503s] INFO:colcon.colcon_core.shell:Creating package script '/home/bartosz-babi-ski/Hexapod_git4/Hexapod/simulation/ros2_ws_hex/install/hex_gz/share/hex_gz/package.zsh'
[0.503s] Level 1:colcon.colcon_core.environment:create_file_with_runtime_dependencies(/home/bartosz-babi-ski/Hexapod_git4/Hexapod/simulation/ros2_ws_hex/install/hex_gz/share/colcon-core/packages/hex_gz)
[0.503s] Level 1:colcon.colcon_core.environment:create_environment_scripts_only(hex_gz)
[0.503s] Level 1:colcon.colcon_core.environment:checking '/home/bartosz-babi-ski/Hexapod_git4/Hexapod/simulation/ros2_ws_hex/install/hex_gz' for CMake module files
[0.504s] Level 1:colcon.colcon_core.environment:checking '/home/bartosz-babi-ski/Hexapod_git4/Hexapod/simulation/ros2_ws_hex/install/hex_gz' for CMake config files
[0.504s] Level 1:colcon.colcon_core.shell:create_environment_hook('hex_gz', 'cmake_prefix_path')
[0.504s] INFO:colcon.colcon_core.shell:Creating environment hook '/home/bartosz-babi-ski/Hexapod_git4/Hexapod/simulation/ros2_ws_hex/install/hex_gz/share/hex_gz/hook/cmake_prefix_path.ps1'
[0.504s] INFO:colcon.colcon_core.shell:Creating environment descriptor '/home/bartosz-babi-ski/Hexapod_git4/Hexapod/simulation/ros2_ws_hex/install/hex_gz/share/hex_gz/hook/cmake_prefix_path.dsv'
[0.505s] INFO:colcon.colcon_core.shell:Creating environment hook '/home/bartosz-babi-ski/Hexapod_git4/Hexapod/simulation/ros2_ws_hex/install/hex_gz/share/hex_gz/hook/cmake_prefix_path.sh'
[0.505s] Level 1:colcon.colcon_core.environment:checking '/home/bartosz-babi-ski/Hexapod_git4/Hexapod/simulation/ros2_ws_hex/install/hex_gz/lib'
[0.505s] Level 1:colcon.colcon_core.environment:checking '/home/bartosz-babi-ski/Hexapod_git4/Hexapod/simulation/ros2_ws_hex/install/hex_gz/bin'
[0.505s] Level 1:colcon.colcon_core.environment:checking '/home/bartosz-babi-ski/Hexapod_git4/Hexapod/simulation/ros2_ws_hex/install/hex_gz/lib/pkgconfig/hex_gz.pc'
[0.506s] Level 1:colcon.colcon_core.environment:checking '/home/bartosz-babi-ski/Hexapod_git4/Hexapod/simulation/ros2_ws_hex/install/hex_gz/lib/python3.12/site-packages'
[0.506s] Level 1:colcon.colcon_core.environment:checking '/home/bartosz-babi-ski/Hexapod_git4/Hexapod/simulation/ros2_ws_hex/install/hex_gz/bin'
[0.506s] INFO:colcon.colcon_core.shell:Creating package script '/home/bartosz-babi-ski/Hexapod_git4/Hexapod/simulation/ros2_ws_hex/install/hex_gz/share/hex_gz/package.ps1'
[0.506s] INFO:colcon.colcon_core.shell:Creating package descriptor '/home/bartosz-babi-ski/Hexapod_git4/Hexapod/simulation/ros2_ws_hex/install/hex_gz/share/hex_gz/package.dsv'
[0.507s] INFO:colcon.colcon_core.shell:Creating package script '/home/bartosz-babi-ski/Hexapod_git4/Hexapod/simulation/ros2_ws_hex/install/hex_gz/share/hex_gz/package.sh'
[0.507s] INFO:colcon.colcon_core.shell:Creating package script '/home/bartosz-babi-ski/Hexapod_git4/Hexapod/simulation/ros2_ws_hex/install/hex_gz/share/hex_gz/package.bash'
[0.507s] INFO:colcon.colcon_core.shell:Creating package script '/home/bartosz-babi-ski/Hexapod_git4/Hexapod/simulation/ros2_ws_hex/install/hex_gz/share/hex_gz/package.zsh'
[0.508s] Level 1:colcon.colcon_core.environment:create_file_with_runtime_dependencies(/home/bartosz-babi-ski/Hexapod_git4/Hexapod/simulation/ros2_ws_hex/install/hex_gz/share/colcon-core/packages/hex_gz)
[0.508s] INFO:colcon.colcon_ros.task.ament_cmake.build:Building ROS package in '/home/bartosz-babi-ski/Hexapod_git4/Hexapod/simulation/ros2_ws_hex/src/hexapod' with build type 'ament_cmake'
[0.508s] INFO:colcon.colcon_cmake.task.cmake.build:Building CMake package in '/home/bartosz-babi-ski/Hexapod_git4/Hexapod/simulation/ros2_ws_hex/src/hexapod'
[0.509s] INFO:colcon.colcon_core.shell:Skip shell extension 'powershell' for command environment: Not usable outside of PowerShell
[0.509s] DEBUG:colcon.colcon_core.shell:Skip shell extension 'dsv' for command environment
[0.529s] DEBUG:colcon.colcon_core.event_handler.log_command:Invoking command in '/home/bartosz-babi-ski/Hexapod_git4/Hexapod/simulation/ros2_ws_hex/build/hexapod': CMAKE_PREFIX_PATH=/home/bartosz-babi-ski/Hexapod_git4/Hexapod/simulation/ros2_ws_hex/install/hex_gz:/home/bartosz-babi-ski/Hexapod_git4/Hexapod/simulation/ros2_ws_hex/install/om_spring_actuator_controller:/home/bartosz-babi-ski/Hexapod_git4/Hexapod/simulation/ros2_ws_hex/install/om_joint_trajectory_command_broadcaster:/home/bartosz-babi-ski/Hexapod_git4/Hexapod/simulation/ros2_ws_hex/install/om_gravity_compensation_controller:/home/bartosz-babi-ski/Hexapod_git4/Hexapod/simulation/ros2_ws_hex/install/hexapod_description:/home/bartosz-babi-ski/Hexapod_git4/Hexapod/simulation/ros2_ws_hex/install/hexapod:/opt/ros/jazzy/opt/gz_launch_vendor:/opt/ros/jazzy/opt/gz_sim_vendor:/opt/ros/jazzy/opt/gz_sensors_vendor:/opt/ros/jazzy/opt/gz_physics_vendor:/opt/ros/jazzy/opt/sdformat_vendor:/opt/ros/jazzy/opt/gz_gui_vendor:/opt/ros/jazzy/opt/gz_transport_vendor:/opt/ros/jazzy/opt/gz_rendering_vendor:/opt/ros/jazzy/opt/gz_plugin_vendor:/opt/ros/jazzy/opt/gz_fuel_tools_vendor:/opt/ros/jazzy/opt/gz_msgs_vendor:/opt/ros/jazzy/opt/gz_common_vendor:/opt/ros/jazzy/opt/gz_math_vendor:/opt/ros/jazzy/opt/gz_utils_vendor:/opt/ros/jazzy/opt/gz_tools_vendor:/opt/ros/jazzy/opt/gz_ogre_next_vendor:/opt/ros/jazzy/opt/gz_dartsim_vendor:/opt/ros/jazzy/opt/gz_cmake_vendor:/opt/ros/jazzy DEBUGINFOD_URLS=https://debuginfod.ubuntu.com /usr/bin/cmake --build /home/bartosz-babi-ski/Hexapod_git4/Hexapod/simulation/ros2_ws_hex/build/hexapod -- -j12 -l12
[0.597s] DEBUG:colcon.colcon_core.event_handler.log_command:Invoked command in '/home/bartosz-babi-ski/Hexapod_git4/Hexapod/simulation/ros2_ws_hex/build/hexapod' returned '0': CMAKE_PREFIX_PATH=/home/bartosz-babi-ski/Hexapod_git4/Hexapod/simulation/ros2_ws_hex/install/hex_gz:/home/bartosz-babi-ski/Hexapod_git4/Hexapod/simulation/ros2_ws_hex/install/om_spring_actuator_controller:/home/bartosz-babi-ski/Hexapod_git4/Hexapod/simulation/ros2_ws_hex/install/om_joint_trajectory_command_broadcaster:/home/bartosz-babi-ski/Hexapod_git4/Hexapod/simulation/ros2_ws_hex/install/om_gravity_compensation_controller:/home/bartosz-babi-ski/Hexapod_git4/Hexapod/simulation/ros2_ws_hex/install/hexapod_description:/home/bartosz-babi-ski/Hexapod_git4/Hexapod/simulation/ros2_ws_hex/install/hexapod:/opt/ros/jazzy/opt/gz_launch_vendor:/opt/ros/jazzy/opt/gz_sim_vendor:/opt/ros/jazzy/opt/gz_sensors_vendor:/opt/ros/jazzy/opt/gz_physics_vendor:/opt/ros/jazzy/opt/sdformat_vendor:/opt/ros/jazzy/opt/gz_gui_vendor:/opt/ros/jazzy/opt/gz_transport_vendor:/opt/ros/jazzy/opt/gz_rendering_vendor:/opt/ros/jazzy/opt/gz_plugin_vendor:/opt/ros/jazzy/opt/gz_fuel_tools_vendor:/opt/ros/jazzy/opt/gz_msgs_vendor:/opt/ros/jazzy/opt/gz_common_vendor:/opt/ros/jazzy/opt/gz_math_vendor:/opt/ros/jazzy/opt/gz_utils_vendor:/opt/ros/jazzy/opt/gz_tools_vendor:/opt/ros/jazzy/opt/gz_ogre_next_vendor:/opt/ros/jazzy/opt/gz_dartsim_vendor:/opt/ros/jazzy/opt/gz_cmake_vendor:/opt/ros/jazzy DEBUGINFOD_URLS=https://debuginfod.ubuntu.com /usr/bin/cmake --build /home/bartosz-babi-ski/Hexapod_git4/Hexapod/simulation/ros2_ws_hex/build/hexapod -- -j12 -l12
[0.599s] DEBUG:colcon.colcon_core.event_handler.log_command:Invoking command in '/home/bartosz-babi-ski/Hexapod_git4/Hexapod/simulation/ros2_ws_hex/build/hexapod': CMAKE_PREFIX_PATH=/home/bartosz-babi-ski/Hexapod_git4/Hexapod/simulation/ros2_ws_hex/install/hex_gz:/home/bartosz-babi-ski/Hexapod_git4/Hexapod/simulation/ros2_ws_hex/install/om_spring_actuator_controller:/home/bartosz-babi-ski/Hexapod_git4/Hexapod/simulation/ros2_ws_hex/install/om_joint_trajectory_command_broadcaster:/home/bartosz-babi-ski/Hexapod_git4/Hexapod/simulation/ros2_ws_hex/install/om_gravity_compensation_controller:/home/bartosz-babi-ski/Hexapod_git4/Hexapod/simulation/ros2_ws_hex/install/hexapod_description:/home/bartosz-babi-ski/Hexapod_git4/Hexapod/simulation/ros2_ws_hex/install/hexapod:/opt/ros/jazzy/opt/gz_launch_vendor:/opt/ros/jazzy/opt/gz_sim_vendor:/opt/ros/jazzy/opt/gz_sensors_vendor:/opt/ros/jazzy/opt/gz_physics_vendor:/opt/ros/jazzy/opt/sdformat_vendor:/opt/ros/jazzy/opt/gz_gui_vendor:/opt/ros/jazzy/opt/gz_transport_vendor:/opt/ros/jazzy/opt/gz_rendering_vendor:/opt/ros/jazzy/opt/gz_plugin_vendor:/opt/ros/jazzy/opt/gz_fuel_tools_vendor:/opt/ros/jazzy/opt/gz_msgs_vendor:/opt/ros/jazzy/opt/gz_common_vendor:/opt/ros/jazzy/opt/gz_math_vendor:/opt/ros/jazzy/opt/gz_utils_vendor:/opt/ros/jazzy/opt/gz_tools_vendor:/opt/ros/jazzy/opt/gz_ogre_next_vendor:/opt/ros/jazzy/opt/gz_dartsim_vendor:/opt/ros/jazzy/opt/gz_cmake_vendor:/opt/ros/jazzy DEBUGINFOD_URLS=https://debuginfod.ubuntu.com /usr/bin/cmake --install /home/bartosz-babi-ski/Hexapod_git4/Hexapod/simulation/ros2_ws_hex/build/hexapod
[0.616s] Level 1:colcon.colcon_core.environment:create_environment_scripts_only(hexapod)
[0.616s] Level 1:colcon.colcon_core.environment:checking '/home/bartosz-babi-ski/Hexapod_git4/Hexapod/simulation/ros2_ws_hex/install/hexapod' for CMake module files
[0.617s] DEBUG:colcon.colcon_core.event_handler.log_command:Invoked command in '/home/bartosz-babi-ski/Hexapod_git4/Hexapod/simulation/ros2_ws_hex/build/hexapod' returned '0': CMAKE_PREFIX_PATH=/home/bartosz-babi-ski/Hexapod_git4/Hexapod/simulation/ros2_ws_hex/install/hex_gz:/home/bartosz-babi-ski/Hexapod_git4/Hexapod/simulation/ros2_ws_hex/install/om_spring_actuator_controller:/home/bartosz-babi-ski/Hexapod_git4/Hexapod/simulation/ros2_ws_hex/install/om_joint_trajectory_command_broadcaster:/home/bartosz-babi-ski/Hexapod_git4/Hexapod/simulation/ros2_ws_hex/install/om_gravity_compensation_controller:/home/bartosz-babi-ski/Hexapod_git4/Hexapod/simulation/ros2_ws_hex/install/hexapod_description:/home/bartosz-babi-ski/Hexapod_git4/Hexapod/simulation/ros2_ws_hex/install/hexapod:/opt/ros/jazzy/opt/gz_launch_vendor:/opt/ros/jazzy/opt/gz_sim_vendor:/opt/ros/jazzy/opt/gz_sensors_vendor:/opt/ros/jazzy/opt/gz_physics_vendor:/opt/ros/jazzy/opt/sdformat_vendor:/opt/ros/jazzy/opt/gz_gui_vendor:/opt/ros/jazzy/opt/gz_transport_vendor:/opt/ros/jazzy/opt/gz_rendering_vendor:/opt/ros/jazzy/opt/gz_plugin_vendor:/opt/ros/jazzy/opt/gz_fuel_tools_vendor:/opt/ros/jazzy/opt/gz_msgs_vendor:/opt/ros/jazzy/opt/gz_common_vendor:/opt/ros/jazzy/opt/gz_math_vendor:/opt/ros/jazzy/opt/gz_utils_vendor:/opt/ros/jazzy/opt/gz_tools_vendor:/opt/ros/jazzy/opt/gz_ogre_next_vendor:/opt/ros/jazzy/opt/gz_dartsim_vendor:/opt/ros/jazzy/opt/gz_cmake_vendor:/opt/ros/jazzy DEBUGINFOD_URLS=https://debuginfod.ubuntu.com /usr/bin/cmake --install /home/bartosz-babi-ski/Hexapod_git4/Hexapod/simulation/ros2_ws_hex/build/hexapod
[0.618s] Level 1:colcon.colcon_core.environment:checking '/home/bartosz-babi-ski/Hexapod_git4/Hexapod/simulation/ros2_ws_hex/install/hexapod' for CMake config files
[0.618s] Level 1:colcon.colcon_core.shell:create_environment_hook('hexapod', 'cmake_prefix_path')
[0.618s] INFO:colcon.colcon_core.shell:Creating environment hook '/home/bartosz-babi-ski/Hexapod_git4/Hexapod/simulation/ros2_ws_hex/install/hexapod/share/hexapod/hook/cmake_prefix_path.ps1'
[0.619s] INFO:colcon.colcon_core.shell:Creating environment descriptor '/home/bartosz-babi-ski/Hexapod_git4/Hexapod/simulation/ros2_ws_hex/install/hexapod/share/hexapod/hook/cmake_prefix_path.dsv'
[0.620s] INFO:colcon.colcon_core.shell:Creating environment hook '/home/bartosz-babi-ski/Hexapod_git4/Hexapod/simulation/ros2_ws_hex/install/hexapod/share/hexapod/hook/cmake_prefix_path.sh'
[0.621s] Level 1:colcon.colcon_core.environment:checking '/home/bartosz-babi-ski/Hexapod_git4/Hexapod/simulation/ros2_ws_hex/install/hexapod/bin'
[0.621s] Level 1:colcon.colcon_core.environment:checking '/home/bartosz-babi-ski/Hexapod_git4/Hexapod/simulation/ros2_ws_hex/install/hexapod/lib/pkgconfig/hexapod.pc'
[0.621s] Level 1:colcon.colcon_core.environment:checking '/home/bartosz-babi-ski/Hexapod_git4/Hexapod/simulation/ros2_ws_hex/install/hexapod/lib/python3.12/site-packages'
[0.622s] Level 1:colcon.colcon_core.environment:checking '/home/bartosz-babi-ski/Hexapod_git4/Hexapod/simulation/ros2_ws_hex/install/hexapod/bin'
[0.622s] INFO:colcon.colcon_core.shell:Creating package script '/home/bartosz-babi-ski/Hexapod_git4/Hexapod/simulation/ros2_ws_hex/install/hexapod/share/hexapod/package.ps1'
[0.623s] INFO:colcon.colcon_core.shell:Creating package descriptor '/home/bartosz-babi-ski/Hexapod_git4/Hexapod/simulation/ros2_ws_hex/install/hexapod/share/hexapod/package.dsv'
[0.623s] INFO:colcon.colcon_core.shell:Creating package script '/home/bartosz-babi-ski/Hexapod_git4/Hexapod/simulation/ros2_ws_hex/install/hexapod/share/hexapod/package.sh'
[0.624s] INFO:colcon.colcon_core.shell:Creating package script '/home/bartosz-babi-ski/Hexapod_git4/Hexapod/simulation/ros2_ws_hex/install/hexapod/share/hexapod/package.bash'
[0.625s] INFO:colcon.colcon_core.shell:Creating package script '/home/bartosz-babi-ski/Hexapod_git4/Hexapod/simulation/ros2_ws_hex/install/hexapod/share/hexapod/package.zsh'
[0.625s] Level 1:colcon.colcon_core.environment:create_file_with_runtime_dependencies(/home/bartosz-babi-ski/Hexapod_git4/Hexapod/simulation/ros2_ws_hex/install/hexapod/share/colcon-core/packages/hexapod)
[0.626s] Level 1:colcon.colcon_core.environment:create_environment_scripts_only(hexapod)
[0.626s] Level 1:colcon.colcon_core.environment:checking '/home/bartosz-babi-ski/Hexapod_git4/Hexapod/simulation/ros2_ws_hex/install/hexapod' for CMake module files
[0.627s] Level 1:colcon.colcon_core.environment:checking '/home/bartosz-babi-ski/Hexapod_git4/Hexapod/simulation/ros2_ws_hex/install/hexapod' for CMake config files
[0.627s] Level 1:colcon.colcon_core.shell:create_environment_hook('hexapod', 'cmake_prefix_path')
[0.627s] INFO:colcon.colcon_core.shell:Creating environment hook '/home/bartosz-babi-ski/Hexapod_git4/Hexapod/simulation/ros2_ws_hex/install/hexapod/share/hexapod/hook/cmake_prefix_path.ps1'
[0.628s] INFO:colcon.colcon_core.shell:Creating environment descriptor '/home/bartosz-babi-ski/Hexapod_git4/Hexapod/simulation/ros2_ws_hex/install/hexapod/share/hexapod/hook/cmake_prefix_path.dsv'
[0.628s] INFO:colcon.colcon_core.shell:Creating environment hook '/home/bartosz-babi-ski/Hexapod_git4/Hexapod/simulation/ros2_ws_hex/install/hexapod/share/hexapod/hook/cmake_prefix_path.sh'
[0.629s] Level 1:colcon.colcon_core.environment:checking '/home/bartosz-babi-ski/Hexapod_git4/Hexapod/simulation/ros2_ws_hex/install/hexapod/bin'
[0.629s] Level 1:colcon.colcon_core.environment:checking '/home/bartosz-babi-ski/Hexapod_git4/Hexapod/simulation/ros2_ws_hex/install/hexapod/lib/pkgconfig/hexapod.pc'
[0.630s] Level 1:colcon.colcon_core.environment:checking '/home/bartosz-babi-ski/Hexapod_git4/Hexapod/simulation/ros2_ws_hex/install/hexapod/lib/python3.12/site-packages'
[0.630s] Level 1:colcon.colcon_core.environment:checking '/home/bartosz-babi-ski/Hexapod_git4/Hexapod/simulation/ros2_ws_hex/install/hexapod/bin'
[0.631s] INFO:colcon.colcon_core.shell:Creating package script '/home/bartosz-babi-ski/Hexapod_git4/Hexapod/simulation/ros2_ws_hex/install/hexapod/share/hexapod/package.ps1'
[0.631s] INFO:colcon.colcon_core.shell:Creating package descriptor '/home/bartosz-babi-ski/Hexapod_git4/Hexapod/simulation/ros2_ws_hex/install/hexapod/share/hexapod/package.dsv'
[0.632s] INFO:colcon.colcon_core.shell:Creating package script '/home/bartosz-babi-ski/Hexapod_git4/Hexapod/simulation/ros2_ws_hex/install/hexapod/share/hexapod/package.sh'
[0.633s] INFO:colcon.colcon_core.shell:Creating package script '/home/bartosz-babi-ski/Hexapod_git4/Hexapod/simulation/ros2_ws_hex/install/hexapod/share/hexapod/package.bash'
[0.633s] INFO:colcon.colcon_core.shell:Creating package script '/home/bartosz-babi-ski/Hexapod_git4/Hexapod/simulation/ros2_ws_hex/install/hexapod/share/hexapod/package.zsh'
[0.634s] Level 1:colcon.colcon_core.environment:create_file_with_runtime_dependencies(/home/bartosz-babi-ski/Hexapod_git4/Hexapod/simulation/ros2_ws_hex/install/hexapod/share/colcon-core/packages/hexapod)
[0.634s] DEBUG:colcon.colcon_parallel_executor.executor.parallel:closing loop
[0.635s] DEBUG:colcon.colcon_parallel_executor.executor.parallel:loop closed
[0.635s] DEBUG:colcon.colcon_parallel_executor.executor.parallel:run_until_complete finished with '0'
[0.635s] DEBUG:colcon.colcon_core.event_reactor:joining thread
[0.645s] INFO:colcon.colcon_core.plugin_system:Skipping extension 'colcon_notification.desktop_notification.terminal_notifier': Not used on non-Darwin systems
[0.645s] INFO:colcon.colcon_core.plugin_system:Skipping extension 'colcon_notification.desktop_notification.win32': Not used on non-Windows systems
[0.645s] INFO:colcon.colcon_notification.desktop_notification:Sending desktop notification using 'notify2'
[0.668s] DEBUG:colcon.colcon_core.event_reactor:joined thread
[0.668s] INFO:colcon.colcon_core.shell:Creating prefix script '/home/bartosz-babi-ski/Hexapod_git4/Hexapod/simulation/ros2_ws_hex/install/local_setup.ps1'
[0.670s] INFO:colcon.colcon_core.shell:Creating prefix util module '/home/bartosz-babi-ski/Hexapod_git4/Hexapod/simulation/ros2_ws_hex/install/_local_setup_util_ps1.py'
[0.672s] INFO:colcon.colcon_core.shell:Creating prefix chain script '/home/bartosz-babi-ski/Hexapod_git4/Hexapod/simulation/ros2_ws_hex/install/setup.ps1'
[0.674s] INFO:colcon.colcon_core.shell:Creating prefix script '/home/bartosz-babi-ski/Hexapod_git4/Hexapod/simulation/ros2_ws_hex/install/local_setup.sh'
[0.675s] INFO:colcon.colcon_core.shell:Creating prefix util module '/home/bartosz-babi-ski/Hexapod_git4/Hexapod/simulation/ros2_ws_hex/install/_local_setup_util_sh.py'
[0.676s] INFO:colcon.colcon_core.shell:Creating prefix chain script '/home/bartosz-babi-ski/Hexapod_git4/Hexapod/simulation/ros2_ws_hex/install/setup.sh'
[0.678s] INFO:colcon.colcon_core.shell:Creating prefix script '/home/bartosz-babi-ski/Hexapod_git4/Hexapod/simulation/ros2_ws_hex/install/local_setup.bash'
[0.679s] INFO:colcon.colcon_core.shell:Creating prefix chain script '/home/bartosz-babi-ski/Hexapod_git4/Hexapod/simulation/ros2_ws_hex/install/setup.bash'
[0.681s] INFO:colcon.colcon_core.shell:Creating prefix script '/home/bartosz-babi-ski/Hexapod_git4/Hexapod/simulation/ros2_ws_hex/install/local_setup.zsh'
[0.682s] INFO:colcon.colcon_core.shell:Creating prefix chain script '/home/bartosz-babi-ski/Hexapod_git4/Hexapod/simulation/ros2_ws_hex/install/setup.zsh'
